{
   "AGRA": 0,
   "ALBIZZATE": 1,
   "ANGERA": 2,
   "ARCISATE": 3,
   "ARSAGO SEPRIO": 4,
   "AZZATE": 5,
   "AZZIO": 6,
   "BARASSO": 7,
   "BARDELLO": 8,
   "BEDERO VALCUVIA": 9,
   "BESANO": 10,
   "BESNATE": 11,
   "BESOZZO": 12,
   "BIANDRONNO": 13,
   "BISUSCHIO": 14,
   "BODIO LOMNAGO": 15,
   "BREBBIA": 16,
   "BREGANO": 17,
   "BRENTA": 18,
   "BREZZO DI BEDERO": 19,
   "BRINZIO": 20,
   "BRISSAGO-VALTRAVAGLIA": 21,
   "BRUNELLO": 22,
   "BRUSIMPIANO": 23,
   "BUGUGGIATE": 24,
   "BUSTO ARSIZIO": 25,
   "CADEGLIANO-VICONAGO": 26,
   "CADREZZATE": 27,
   "CAIRATE": 28,
   "CANTELLO": 29,
   "CARAVATE": 30,
   "CARDANO AL CAMPO": 31,
   "CARNAGO": 32,
   "CARONNO PERTUSELLA": 33,
   "CARONNO VARESINO": 34,
   "CASALE LITTA": 35,
   "CASALZUIGNO": 36,
   "CASCIAGO": 37,
   "CASORATE SEMPIONE": 38,
   "CASSANO MAGNAGO": 39,
   "CASSANO VALCUVIA": 40,
   "CASTELLANZA": 41,
   "CASTELLO CABIAGLIO": 42,
   "CASTELSEPRIO": 43,
   "CASTELVECCANA": 44,
   "CASTIGLIONE OLONA": 45,
   "CASTRONNO": 46,
   "CAVARIA CON PREMEZZO": 47,
   "CAZZAGO BRABBIA": 48,
   "CISLAGO": 49,
   "CITTIGLIO": 50,
   "CLIVIO": 51,
   "COCQUIO-TREVISAGO": 52,
   "COMABBIO": 53,
   "COMERIO": 54,
   "CREMENAGA": 55,
   "CROSIO DELLA VALLE": 56,
   "CUASSO AL MONTE": 57,
   "CUGLIATE-FABIASCO": 58,
   "CUNARDO": 59,
   "CURIGLIA CON MONTEVIASCO": 60,
   "CUVEGLIO": 61,
   "CUVIO": 62,
   "DAVERIO": 63,
   "DUMENZA": 64,
   "DUNO": 65,
   "FAGNANO OLONA": 66,
   "FERNO": 67,
   "FERRERA DI VARESE": 68,
   "GALLARATE": 69,
   "GALLIATE LOMBARDO": 70,
   "GAVIRATE": 71,
   "GAZZADA SCHIANNO": 72,
   "GEMONIO": 73,
   "GERENZANO": 74,
   "GERMIGNAGA": 75,
   "GOLASECCA": 76,
   "GORLA MAGGIORE": 77,
   "GORLA MINORE": 78,
   "GORNATE-OLONA": 79,
   "GRANTOLA": 80,
   "INARZO": 81,
   "INDUNO OLONA": 82,
   "ISPRA": 83,
   "JERAGO CON ORAGO": 84,
   "LAVENA PONTE TRESA": 85,
   "LAVENO-MOMBELLO": 86,
   "LEGGIUNO": 87,
   "LONATE CEPPINO": 88,
   "LONATE POZZOLO": 89,
   "LOZZA": 90,
   "LUINO": 91,
   "LUVINATE": 92,
   "MACCAGNO": 93,
   "MALGESSO": 94,
   "MALNATE": 95,
   "MARCHIROLO": 96,
   "MARNATE": 97,
   "MARZIO": 98,
   "MASCIAGO PRIMO": 99,
   "MERCALLO": 100,
   "MESENZANA": 101,
   "MONTEGRINO VALTRAVAGLIA": 102,
   "MONVALLE": 103,
   "MORAZZONE": 104,
   "MORNAGO": 105,
   "OGGIONA CON SANTO STEFANO": 106,
   "OLGIATE OLONA": 107,
   "ORIGGIO": 108,
   "ORINO": 109,
   "OSMATE": 110,
   "PINO SULLA SPONDA DEL LAGO MAGGIORE": 111,
   "PORTO CERESIO": 112,
   "PORTO VALTRAVAGLIA": 113,
   "RANCIO VALCUVIA": 114,
   "RANCO": 115,
   "SALTRIO": 116,
   "SAMARATE": 117,
   "SARONNO": 118,
   "SESTO CALENDE": 119,
   "SOLBIATE ARNO": 120,
   "SOLBIATE OLONA": 121,
   "SOMMA LOMBARDO": 122,
   "SUMIRAGO": 123,
   "TAINO": 124,
   "TERNATE": 125,
   "TRADATE": 126,
   "TRAVEDONA-MONATE": 127,
   "TRONZANO LAGO MAGGIORE": 128,
   "UBOLDO": 129,
   "VALGANNA": 130,
   "VARANO BORGHI": 131,
   "VARESE": 132,
   "VEDANO OLONA": 133,
   "VEDDASCA": 134,
   "VENEGONO INFERIORE": 135,
   "VENEGONO SUPERIORE": 136,
   "VERGIATE": 137,
   "VIGGIU'": 138,
   "VIZZOLA TICINO": 139,
   "SANGIANO": 140,
   "ABBADIA LARIANA": 141,
   "AIRUNO": 142,
   "ALBAVILLA": 143,
   "ALBESE CON CASSANO": 144,
   "ALBIOLO": 145,
   "ALSERIO": 146,
   "ALZATE BRIANZA": 147,
   "ANNONE DI BRIANZA": 148,
   "ANZANO DEL PARCO": 149,
   "APPIANO GENTILE": 150,
   "ARGEGNO": 151,
   "AROSIO": 152,
   "ASSO": 153,
   "BALLABIO": 154,
   "BARNI": 155,
   "BARZAGO": 156,
   "BARZANO'": 157,
   "BARZIO": 158,
   "BELLAGIO": 159,
   "BELLANO": 160,
   "BENE LARIO": 161,
   "BEREGAZZO CON FIGLIARO": 162,
   "BINAGO": 163,
   "BIZZARONE": 164,
   "BLESSAGNO": 165,
   "BLEVIO": 166,
   "BOSISIO PARINI": 167,
   "BREGNANO": 168,
   "BRENNA": 169,
   "BRIENNO": 170,
   "BRIVIO": 171,
   "BRUNATE": 172,
   "BULCIAGO": 173,
   "BULGAROGRASSO": 174,
   "CABIATE": 175,
   "CADORAGO": 176,
   "CAGLIO": 177,
   "CAGNO": 178,
   "CALCO": 179,
   "CAMPIONE D'ITALIA": 180,
   "CANTU'": 181,
   "CANZO": 182,
   "CAPIAGO INTIMIANO": 183,
   "CARATE URIO": 184,
   "CARBONATE": 185,
   "CARIMATE": 186,
   "CARLAZZO": 187,
   "CARUGO": 188,
   "CASARGO": 189,
   "CASASCO D'INTELVI": 190,
   "CASATENOVO": 191,
   "CASLINO D'ERBA": 192,
   "CASNATE CON BERNATE": 193,
   "CASSAGO BRIANZA": 194,
   "CASSINA RIZZARDI": 195,
   "CASSINA VALSASSINA": 196,
   "CASTELLO DI BRIANZA": 197,
   "CASTELMARTE": 198,
   "CASTELNUOVO BOZZENTE": 199,
   "CASTIGLIONE D'INTELVI": 200,
   "CAVALLASCA": 201,
   "CAVARGNA": 202,
   "CERANO D'INTELVI": 203,
   "CERMENATE": 204,
   "CERNOBBIO": 205,
   "CERNUSCO LOMBARDONE": 206,
   "CESANA BRIANZA": 207,
   "CIRIMIDO": 208,
   "CIVATE": 209,
   "CIVENNA": 210,
   "CLAINO CON OSTENO": 211,
   "COLICO": 212,
   "COLLE BRIANZA": 213,
   "COLONNO": 214,
   "COMO": 215,
   "CONSIGLIO DI RUMO": 216,
   "CORRIDO": 217,
   "CORTENOVA": 797,
   "COSTA MASNAGA": 219,
   "CRANDOLA VALSASSINA": 220,
   "CREMELLA": 221,
   "CREMENO": 222,
   "CREMIA": 223,
   "CUCCIAGO": 224,
   "CUSINO": 225,
   "DERVIO": 226,
   "DIZZASCO": 227,
   "DOLZAGO": 228,
   "DOMASO": 229,
   "DONGO": 230,
   "DORIO": 231,
   "DOSSO DEL LIRO": 232,
   "DREZZO": 233,
   "ELLO": 234,
   "ERBA": 235,
   "ESINO LARIO": 236,
   "EUPILIO": 237,
   "FAGGETO LARIO": 238,
   "FALOPPIO": 239,
   "FENEGRO'": 240,
   "FIGINO SERENZA": 241,
   "FINO MORNASCO": 242,
   "GALBIATE": 243,
   "GARBAGNATE MONASTERO": 244,
   "GARLATE": 245,
   "GARZENO": 246,
   "GERA LARIO": 247,
   "GERMASINO": 248,
   "GIRONICO": 249,
   "GRANDATE": 250,
   "GRANDOLA ED UNITI": 251,
   "GRAVEDONA": 252,
   "GRIANTE": 253,
   "GUANZATE": 254,
   "IMBERSAGO": 255,
   "INTROBIO": 256,
   "INTROZZO": 257,
   "INVERIGO": 258,
   "LAGLIO": 259,
   "LAINO": 260,
   "LAMBRUGO": 261,
   "LANZO D'INTELVI": 262,
   "LASNIGO": 263,
   "LECCO": 264,
   "LENNO": 265,
   "LEZZENO": 266,
   "LIERNA": 267,
   "LIMIDO COMASCO": 268,
   "LIPOMO": 269,
   "LIVO": 270,
   "LOCATE VARESINO": 271,
   "LOMAGNA": 272,
   "LOMAZZO": 273,
   "LONGONE AL SEGRINO": 274,
   "LUISAGO": 275,
   "LURAGO D'ERBA": 276,
   "LURAGO MARINONE": 277,
   "LURATE CACCIVIO": 278,
   "MAGREGLIO": 279,
   "MALGRATE": 280,
   "MANDELLO DEL LARIO": 281,
   "MARGNO": 282,
   "MARIANO COMENSE": 283,
   "MASLIANICO": 284,
   "MENAGGIO": 285,
   "MERATE": 286,
   "MERONE": 287,
   "MEZZEGRA": 288,
   "MISSAGLIA": 289,
   "MOGGIO": 290,
   "MOLTENO": 291,
   "MOLTRASIO": 292,
   "MONGUZZO": 293,
   "MONTANO LUCINO": 294,
   "MONTEMEZZO": 295,
   "MONTICELLO BRIANZA": 296,
   "MONTORFANO": 297,
   "MORTERONE": 298,
   "MOZZATE": 299,
   "MUSSO": 300,
   "NESSO": 301,
   "NIBIONNO": 302,
   "NOVEDRATE": 303,
   "OGGIONO": 304,
   "OLGIATE COMASCO": 305,
   "OLGIATE MOLGORA": 306,
   "OLGINATE": 307,
   "OLIVETO LARIO": 308,
   "OLTRONA DI SAN MAMETTE": 309,
   "ORSENIGO": 310,
   "OSNAGO": 311,
   "OSSUCCIO": 312,
   "PADERNO D'ADDA": 313,
   "PAGNONA": 314,
   "PARE'": 315,
   "PARLASCO": 316,
   "PASTURO": 317,
   "PEGLIO": 318,
   "PELLIO INTELVI": 319,
   "PEREGO": 320,
   "PERLEDO": 321,
   "PESCATE": 322,
   "PIANELLO DEL LARIO": 323,
   "PIGRA": 324,
   "PLESIO": 325,
   "POGNANA LARIO": 326,
   "PONNA": 327,
   "PONTE LAMBRO": 328,
   "PORLEZZA": 329,
   "PREMANA": 330,
   "PRIMALUNA": 331,
   "PROSERPIO": 332,
   "PUSIANO": 333,
   "RAMPONIO VERNA": 334,
   "REZZAGO": 335,
   "ROBBIATE": 336,
   "RODERO": 337,
   "ROGENO": 338,
   "RONAGO": 339,
   "ROVAGNATE": 340,
   "ROVELLASCA": 341,
   "ROVELLO PORRO": 342,
   "SALA COMACINA": 343,
   "SAN BARTOLOMEO VAL CAVARGNA": 344,
   "SAN FEDELE INTELVI": 345,
   "SAN FERMO DELLA BATTAGLIA": 346,
   "SAN NAZZARO VAL CAVARGNA": 347,
   "SANT'ABBONDIO": 348,
   "SANTA MARIA HOE'": 349,
   "SANTA MARIA REZZONICO": 350,
   "SCHIGNANO": 351,
   "SENNA COMASCO": 352,
   "SIRONE": 353,
   "SIRTORI": 354,
   "SOLBIATE": 355,
   "SORICO": 356,
   "SORMANO": 357,
   "STAZZONA": 358,
   "SUEGLIO": 359,
   "SUELLO": 360,
   "TACENO": 361,
   "TAVERNERIO": 362,
   "TORNO": 363,
   "TREMENICO": 364,
   "TREMEZZO": 365,
   "TREZZONE": 366,
   "TURATE": 367,
   "UGGIATE-TREVANO": 368,
   "VALBRONA": 369,
   "VALGREGHENTINO": 370,
   "VALMADRERA": 371,
   "VALMOREA": 372,
   "VAL REZZO": 373,
   "VALSOLDA": 374,
   "VARENNA": 375,
   "VELESO": 376,
   "VENDROGNO": 377,
   "VENIANO": 378,
   "VERCANA": 379,
   "VERDERIO INFERIORE": 380,
   "VERDERIO SUPERIORE": 381,
   "VERTEMATE CON MINOPRIO": 382,
   "VESTRENO": 383,
   "VIGANO'": 384,
   "VILLA GUARDIA": 385,
   "ZELBIO": 386,
   "MONTEVECCHIA": 387,
   "ALBAREDO PER SAN MARCO": 388,
   "ALBOSAGGIA": 389,
   "ANDALO VALTELLINO": 390,
   "APRICA": 391,
   "ARDENNO": 392,
   "BEMA": 393,
   "BERBENNO DI VALTELLINA": 394,
   "BIANZONE": 395,
   "BORMIO": 396,
   "BUGLIO IN MONTE": 397,
   "CAIOLO": 398,
   "CAMPODOLCINO": 399,
   "CASPOGGIO": 400,
   "CASTELLO DELL'ACQUA": 401,
   "CASTIONE ANDEVENNO": 402,
   "CEDRASCO": 403,
   "CERCINO": 404,
   "CHIAVENNA": 405,
   "CHIESA IN VALMALENCO": 406,
   "CHIURO": 407,
   "CINO": 408,
   "CIVO": 409,
   "COLORINA": 410,
   "COSIO VALTELLINO": 411,
   "DAZIO": 412,
   "DELEBIO": 413,
   "DUBINO": 414,
   "FAEDO VALTELLINO": 415,
   "FORCOLA": 416,
   "FUSINE": 417,
   "GEROLA ALTA": 418,
   "GORDONA": 419,
   "GROSIO": 420,
   "GROSOTTO": 421,
   "MADESIMO": 422,
   "LANZADA": 423,
   "LIVIGNO": 424,
   "LOVERO": 425,
   "MANTELLO": 426,
   "MAZZO DI VALTELLINA": 427,
   "MELLO": 428,
   "MENAROLA": 429,
   "MESE": 430,
   "MONTAGNA IN VALTELLINA": 431,
   "MORBEGNO": 432,
   "NOVATE MEZZOLA": 433,
   "PEDESINA": 434,
   "PIANTEDO": 435,
   "PIATEDA": 436,
   "PIURO": 437,
   "POGGIRIDENTI": 438,
   "PONTE IN VALTELLINA": 439,
   "POSTALESIO": 440,
   "PRATA CAMPORTACCIO": 441,
   "RASURA": 442,
   "ROGOLO": 443,
   "SAMOLACO": 444,
   "SAN GIACOMO FILIPPO": 445,
   "SERNIO": 446,
   "SONDALO": 447,
   "SONDRIO": 448,
   "SPRIANA": 449,
   "TALAMONA": 450,
   "TARTANO": 451,
   "TEGLIO": 452,
   "TIRANO": 453,
   "TORRE DI SANTA MARIA": 454,
   "TOVO DI SANT'AGATA": 455,
   "TRAONA": 456,
   "TRESIVIO": 457,
   "VALDIDENTRO": 458,
   "VALDISOTTO": 459,
   "VALFURVA": 460,
   "VAL MASINO": 461,
   "VERCEIA": 462,
   "VERVIO": 463,
   "VILLA DI CHIAVENNA": 464,
   "VILLA DI TIRANO": 465,
   "ABBADIA CERRETO": 466,
   "ABBIATEGRASSO": 467,
   "AGRATE BRIANZA": 468,
   "AICURZIO": 469,
   "ALBAIRATE": 470,
   "ALBIATE": 471,
   "ARCONATE": 472,
   "ARCORE": 473,
   "ARESE": 474,
   "ARLUNO": 475,
   "ASSAGO": 476,
   "BAREGGIO": 477,
   "BARLASSINA": 478,
   "BASIANO": 479,
   "BASIGLIO": 480,
   "BELLINZAGO LOMBARDO": 481,
   "BELLUSCO": 482,
   "BERNAREGGIO": 483,
   "BERNATE TICINO": 484,
   "BERTONICO": 485,
   "BESANA IN BRIANZA": 486,
   "BESATE": 487,
   "BIASSONO": 488,
   "BINASCO": 489,
   "BOFFALORA D'ADDA": 490,
   "BOFFALORA SOPRA TICINO": 491,
   "BOLLATE": 492,
   "BORGHETTO LODIGIANO": 493,
   "BORGO SAN GIOVANNI": 494,
   "BOVISIO-MASCIAGO": 495,
   "BREMBIO": 496,
   "BRESSO": 497,
   "BRIOSCO": 498,
   "BRUGHERIO": 499,
   "BUBBIANO": 500,
   "BUCCINASCO": 501,
   "BURAGO DI MOLGORA": 502,
   "BUSCATE": 503,
   "BUSNAGO": 504,
   "BUSSERO": 505,
   "BUSTO GAROLFO": 506,
   "CALVIGNASCO": 507,
   "CAMAIRAGO": 508,
   "CAMBIAGO": 509,
   "CAMPARADA": 510,
   "CANEGRATE": 511,
   "CAPONAGO": 512,
   "CARATE BRIANZA": 513,
   "CARNATE": 514,
   "CARPIANO": 515,
   "CARUGATE": 516,
   "CASALETTO LODIGIANO": 517,
   "CASALMAIOCCO": 518,
   "CASALPUSTERLENGO": 519,
   "CASARILE": 520,
   "CASELLE LANDI": 521,
   "CASELLE LURANI": 522,
   "CASOREZZO": 523,
   "CASSANO D'ADDA": 524,
   "CASSINA DE' PECCHI": 525,
   "CASSINETTA DI LUGAGNANO": 526,
   "CASTANO PRIMO": 527,
   "CASTELNUOVO BOCCA D'ADDA": 528,
   "CASTIGLIONE D'ADDA": 529,
   "CASTIRAGA VIDARDO": 530,
   "CAVACURTA": 531,
   "CAVENAGO D'ADDA": 532,
   "CAVENAGO DI BRIANZA": 533,
   "CERIANO LAGHETTO": 534,
   "CERNUSCO SUL NAVIGLIO": 535,
   "CERRO AL LAMBRO": 536,
   "CERRO MAGGIORE": 537,
   "CERVIGNANO D'ADDA": 538,
   "CESANO BOSCONE": 539,
   "CESANO MADERNO": 540,
   "CESATE": 541,
   "CINISELLO BALSAMO": 542,
   "CISLIANO": 543,
   "CODOGNO": 544,
   "COGLIATE": 545,
   "COLOGNO MONZESE": 546,
   "COLTURANO": 547,
   "COMAZZO": 548,
   "CONCOREZZO": 549,
   "CORBETTA": 550,
   "CORMANO": 551,
   "CORNAREDO": 552,
   "CORNATE D'ADDA": 553,
   "CORNEGLIANO LAUDENSE": 554,
   "CORNO GIOVINE": 555,
   "CORNOVECCHIO": 556,
   "CORREZZANA": 557,
   "CORSICO": 558,
   "CORTE PALASIO": 559,
   "CRESPIATICA": 560,
   "CUGGIONO": 561,
   "CUSAGO": 562,
   "CUSANO MILANINO": 563,
   "DAIRAGO": 564,
   "DESIO": 565,
   "DRESANO": 566,
   "FOMBIO": 567,
   "GAGGIANO": 568,
   "GALGAGNANO": 569,
   "GARBAGNATE MILANESE": 570,
   "GESSATE": 571,
   "GIUSSANO": 572,
   "GORGONZOLA": 573,
   "GRAFFIGNANA": 574,
   "GREZZAGO": 575,
   "GUARDAMIGLIO": 576,
   "GUDO VISCONTI": 577,
   "INVERUNO": 578,
   "INZAGO": 579,
   "LACCHIARELLA": 580,
   "LAINATE": 581,
   "LAZZATE": 582,
   "LEGNANO": 583,
   "LENTATE SUL SEVESO": 584,
   "LESMO": 585,
   "LIMBIATE": 586,
   "LISCATE": 587,
   "LISSONE": 588,
   "LIVRAGA": 589,
   "LOCATE DI TRIULZI": 590,
   "LODI": 591,
   "LODI VECCHIO": 592,
   "MACCASTORNA": 593,
   "MACHERIO": 594,
   "MAGENTA": 595,
   "MAGNAGO": 596,
   "MAIRAGO": 597,
   "MALEO": 598,
   "MARCALLO CON CASONE": 599,
   "MARUDO": 600,
   "MASATE": 601,
   "MASSALENGO": 602,
   "MEDA": 603,
   "MEDIGLIA": 604,
   "MELEGNANO": 605,
   "MELETI": 606,
   "MELZO": 607,
   "MERLINO": 608,
   "MESERO": 609,
   "MEZZAGO": 610,
   "MILANO": 611,
   "MISINTO": 612,
   "MONTANASO LOMBARDO": 613,
   "MONZA": 614,
   "MORIMONDO": 615,
   "MOTTA VISCONTI": 616,
   "MUGGIO'": 617,
   "MULAZZANO": 618,
   "NERVIANO": 619,
   "NOSATE": 620,
   "NOVA MILANESE": 621,
   "NOVATE MILANESE": 622,
   "NOVIGLIO": 623,
   "OPERA": 624,
   "ORIO LITTA": 625,
   "ORNAGO": 626,
   "OSPEDALETTO LODIGIANO": 627,
   "OSSAGO LODIGIANO": 628,
   "OSSONA": 629,
   "OZZERO": 630,
   "PADERNO DUGNANO": 631,
   "PANTIGLIATE": 632,
   "PARABIAGO": 633,
   "PAULLO": 634,
   "PERO": 635,
   "PESCHIERA BORROMEO": 636,
   "PESSANO CON BORNAGO": 637,
   "PIEVE EMANUELE": 638,
   "PIEVE FISSIRAGA": 639,
   "PIOLTELLO": 640,
   "POGLIANO MILANESE": 641,
   "POZZO D'ADDA": 642,
   "POZZUOLO MARTESANA": 643,
   "PREGNANA MILANESE": 644,
   "RENATE": 645,
   "RESCALDINA": 646,
   "RHO": 647,
   "ROBECCHETTO CON INDUNO": 648,
   "ROBECCO SUL NAVIGLIO": 649,
   "RODANO": 650,
   "RONCELLO": 651,
   "RONCO BRIANTINO": 652,
   "ROSATE": 653,
   "ROZZANO": 654,
   "SALERANO SUL LAMBRO": 655,
   "SAN COLOMBANO AL LAMBRO": 656,
   "SAN DONATO MILANESE": 657,
   "SAN FIORANO": 658,
   "SAN GIORGIO SU LEGNANO": 659,
   "SAN GIULIANO MILANESE": 660,
   "SAN MARTINO IN STRADA": 661,
   "SAN ROCCO AL PORTO": 662,
   "SANT'ANGELO LODIGIANO": 663,
   "SANTO STEFANO LODIGIANO": 664,
   "SANTO STEFANO TICINO": 665,
   "SAN VITTORE OLONA": 666,
   "SAN ZENONE AL LAMBRO": 667,
   "SECUGNAGO": 668,
   "SEDRIANO": 669,
   "SEGRATE": 670,
   "SENAGO": 671,
   "SENNA LODIGIANA": 672,
   "SEREGNO": 673,
   "SESTO SAN GIOVANNI": 674,
   "SETTALA": 675,
   "SETTIMO MILANESE": 676,
   "SEVESO": 677,
   "SOLARO": 678,
   "SOMAGLIA": 679,
   "SORDIO": 680,
   "SOVICO": 681,
   "SULBIATE": 682,
   "TERRANOVA DEI PASSERINI": 683,
   "TREZZANO ROSA": 684,
   "TREZZANO SUL NAVIGLIO": 685,
   "TREZZO SULL'ADDA": 686,
   "TRIBIANO": 687,
   "TRIUGGIO": 688,
   "TRUCCAZZANO": 689,
   "TURANO LODIGIANO": 690,
   "TURBIGO": 691,
   "USMATE VELATE": 692,
   "VALERA FRATTA": 693,
   "VANZAGO": 694,
   "VAPRIO D'ADDA": 695,
   "VAREDO": 696,
   "VEDANO AL LAMBRO": 697,
   "VEDUGGIO CON COLZANO": 698,
   "VERANO BRIANZA": 699,
   "VERMEZZO": 700,
   "VERNATE": 701,
   "VIGNATE": 702,
   "VILLANOVA DEL SILLARO": 703,
   "VILLASANTA": 704,
   "TAVAZZANO CON VILLAVESCO": 705,
   "VIMERCATE": 706,
   "VIMODRONE": 707,
   "VITTUONE": 708,
   "VIZZOLO PREDABISSI": 709,
   "ZELO BUON PERSICO": 710,
   "ZELO SURRIGONE": 711,
   "ZIBIDO SAN GIACOMO": 712,
   "VILLA CORTESE": 713,
   "VANZAGHELLO": 714,
   "ADRARA SAN MARTINO": 715,
   "ADRARA SAN ROCCO": 716,
   "ALBANO SANT'ALESSANDRO": 717,
   "ALBINO": 718,
   "ALME'": 719,
   "ALMENNO SAN BARTOLOMEO": 720,
   "ALMENNO SAN SALVATORE": 721,
   "ALZANO LOMBARDO": 722,
   "AMBIVERE": 723,
   "ANTEGNATE": 724,
   "ARCENE": 725,
   "ARDESIO": 726,
   "ARZAGO D'ADDA": 727,
   "AVERARA": 728,
   "AVIATICO": 729,
   "AZZANO SAN PAOLO": 730,
   "AZZONE": 731,
   "BAGNATICA": 732,
   "BARBATA": 733,
   "BARIANO": 734,
   "BARZANA": 735,
   "BEDULITA": 736,
   "BERBENNO": 737,
   "BERGAMO": 738,
   "BERZO SAN FERMO": 739,
   "BIANZANO": 740,
   "BLELLO": 741,
   "BOLGARE": 742,
   "BOLTIERE": 743,
   "BONATE SOPRA": 744,
   "BONATE SOTTO": 745,
   "BORGO DI TERZO": 746,
   "BOSSICO": 747,
   "BOTTANUCO": 748,
   "BRACCA": 749,
   "BRANZI": 750,
   "BREMBATE": 751,
   "BREMBATE DI SOPRA": 752,
   "BREMBILLA": 753,
   "BRIGNANO GERA D'ADDA": 754,
   "BRUMANO": 755,
   "BRUSAPORTO": 756,
   "CALCINATE": 757,
   "CALCIO": 758,
   "CALOLZIOCORTE": 759,
   "CALUSCO D'ADDA": 760,
   "CALVENZANO": 761,
   "CAMERATA CORNELLO": 762,
   "CANONICA D'ADDA": 763,
   "CAPIZZONE": 764,
   "CAPRIATE SAN GERVASIO": 765,
   "CAPRINO BERGAMASCO": 766,
   "CARAVAGGIO": 767,
   "CARENNO": 768,
   "CAROBBIO DEGLI ANGELI": 769,
   "CARONA": 770,
   "CARVICO": 771,
   "CASAZZA": 772,
   "CASIRATE D'ADDA": 773,
   "CASNIGO": 774,
   "CASSIGLIO": 775,
   "CASTELLI CALEPIO": 776,
   "CASTEL ROZZONE": 777,
   "CASTIONE DELLA PRESOLANA": 778,
   "CASTRO": 779,
   "CAVERNAGO": 780,
   "CAZZANO SANT'ANDREA": 781,
   "CENATE SOPRA": 782,
   "CENATE SOTTO": 783,
   "CENE": 784,
   "CERETE": 785,
   "CHIGNOLO D'ISOLA": 786,
   "CHIUDUNO": 787,
   "CISANO BERGAMASCO": 788,
   "CISERANO": 789,
   "CIVIDATE AL PIANO": 790,
   "CLUSONE": 791,
   "COLERE": 792,
   "COLOGNO AL SERIO": 793,
   "COLZATE": 794,
   "COMUN NUOVO": 795,
   "CORNA IMAGNA": 796,
   "COSTA DI MEZZATE": 798,
   "COSTA VALLE IMAGNA": 799,
   "COSTA VOLPINO": 800,
   "COVO": 801,
   "CREDARO": 802,
   "CURNO": 803,
   "CUSIO": 804,
   "DALMINE": 805,
   "DOSSENA": 806,
   "ENDINE GAIANO": 807,
   "ENTRATICO": 808,
   "ERVE": 809,
   "FARA GERA D'ADDA": 810,
   "FARA OLIVANA CON SOLA": 811,
   "FILAGO": 812,
   "FINO DEL MONTE": 813,
   "FIORANO AL SERIO": 814,
   "FONTANELLA": 815,
   "FONTENO": 816,
   "FOPPOLO": 817,
   "FORESTO SPARSO": 818,
   "FORNOVO SAN GIOVANNI": 819,
   "FUIPIANO VALLE IMAGNA": 820,
   "GANDELLINO": 821,
   "GANDINO": 822,
   "GANDOSSO": 823,
   "GAVERINA TERME": 824,
   "GAZZANIGA": 825,
   "GEROSA": 826,
   "GHISALBA": 827,
   "GORLAGO": 828,
   "GORLE": 829,
   "GORNO": 830,
   "GRASSOBBIO": 831,
   "GROMO": 832,
   "GRONE": 833,
   "GRUMELLO DEL MONTE": 834,
   "ISOLA DI FONDRA": 835,
   "ISSO": 836,
   "LALLIO": 837,
   "LEFFE": 838,
   "LENNA": 839,
   "LEVATE": 840,
   "LOCATELLO": 841,
   "LOVERE": 842,
   "LURANO": 843,
   "LUZZANA": 844,
   "MADONE": 845,
   "MAPELLO": 846,
   "MARTINENGO": 847,
   "MEZZOLDO": 848,
   "MISANO DI GERA D'ADDA": 849,
   "MOIO DE' CALVI": 850,
   "MONASTEROLO DEL CASTELLO": 851,
   "MONTE MARENZO": 852,
   "MONTELLO": 853,
   "MORENGO": 854,
   "MORNICO AL SERIO": 855,
   "MOZZANICA": 856,
   "MOZZO": 857,
   "NEMBRO": 858,
   "OLMO AL BREMBO": 859,
   "OLTRE IL COLLE": 860,
   "OLTRESSENDA ALTA": 861,
   "ONETA": 862,
   "ONORE": 863,
   "ORIO AL SERIO": 864,
   "ORNICA": 865,
   "OSIO SOPRA": 866,
   "OSIO SOTTO": 867,
   "PAGAZZANO": 868,
   "PALADINA": 869,
   "PALAZZAGO": 870,
   "PALOSCO": 871,
   "PARRE": 872,
   "PARZANICA": 873,
   "PEDRENGO": 874,
   "PEIA": 875,
   "PIANICO": 876,
   "PIARIO": 877,
   "PIAZZA BREMBANA": 878,
   "PIAZZATORRE": 879,
   "PIAZZOLO": 880,
   "POGNANO": 881,
   "PONTE NOSSA": 882,
   "PONTERANICA": 883,
   "PONTE SAN PIETRO": 884,
   "PONTIDA": 885,
   "PONTIROLO NUOVO": 886,
   "PRADALUNGA": 887,
   "PREDORE": 888,
   "PREMOLO": 889,
   "PRESEZZO": 890,
   "PUMENENGO": 891,
   "RANICA": 892,
   "RANZANICO": 893,
   "RIVA DI SOLTO": 894,
   "ROGNO": 895,
   "ROMANO DI LOMBARDIA": 896,
   "RONCOBELLO": 897,
   "RONCOLA": 898,
   "ROTA D'IMAGNA": 899,
   "ROVETTA": 900,
   "SAN GIOVANNI BIANCO": 901,
   "SAN PAOLO D'ARGON": 902,
   "SAN PELLEGRINO TERME": 903,
   "SANTA BRIGIDA": 904,
   "SANT'OMOBONO IMAGNA": 905,
   "SARNICO": 906,
   "SCANZOROSCIATE": 907,
   "SCHILPARIO": 908,
   "SEDRINA": 909,
   "SELVINO": 910,
   "SERIATE": 911,
   "SERINA": 912,
   "SOLTO COLLINA": 913,
   "SONGAVAZZO": 914,
   "SORISOLE": 915,
   "SOTTO IL MONTE GIOVANNI XXIII": 916,
   "SOVERE": 917,
   "SPINONE AL LAGO": 918,
   "SPIRANO": 919,
   "STEZZANO": 920,
   "STROZZA": 921,
   "SUISIO": 922,
   "TALEGGIO": 923,
   "TAVERNOLA BERGAMASCA": 924,
   "TELGATE": 925,
   "TERNO D'ISOLA": 926,
   "TORRE BOLDONE": 927,
   "TORRE DE' BUSI": 928,
   "TORRE DE' ROVERI": 929,
   "TORRE PALLAVICINA": 930,
   "TRESCORE BALNEARIO": 931,
   "TREVIGLIO": 932,
   "TREVIOLO": 933,
   "UBIALE CLANEZZO": 934,
   "URGNANO": 935,
   "VALBONDIONE": 936,
   "VALBREMBO": 937,
   "VALGOGLIO": 938,
   "VALLEVE": 939,
   "VALNEGRA": 940,
   "VALSECCA": 941,
   "VALTORTA": 942,
   "VEDESETA": 943,
   "VERCURAGO": 944,
   "VERDELLINO": 945,
   "VERDELLO": 946,
   "VERTOVA": 947,
   "VIADANICA": 948,
   "VIGANO SAN MARTINO": 949,
   "VIGOLO": 950,
   "VILLA D'ADDA": 951,
   "VILLA D'ALME'": 952,
   "VILLA DI SERIO": 953,
   "VILLA D'OGNA": 954,
   "VILLONGO": 955,
   "VILMINORE DI SCALVE": 956,
   "ZANDOBBIO": 957,
   "ZANICA": 958,
   "ZOGNO": 959,
   "COSTA DI SERINA": 960,
   "ALGUA": 961,
   "CORNALBA": 962,
   "MEDOLAGO": 963,
   "SOLZA": 964,
   "ACQUAFREDDA": 965,
   "ADRO": 966,
   "AGNOSINE": 967,
   "ALFIANELLO": 968,
   "ANFO": 969,
   "ANGOLO TERME": 970,
   "ARTOGNE": 971,
   "AZZANO MELLA": 972,
   "BAGNOLO MELLA": 973,
   "BAGOLINO": 974,
   "BARBARIGA": 975,
   "BARGHE": 976,
   "BASSANO BRESCIANO": 977,
   "BEDIZZOLE": 978,
   "BERLINGO": 979,
   "BERZO DEMO": 980,
   "BERZO INFERIORE": 981,
   "BIENNO": 982,
   "BIONE": 983,
   "BORGO SAN GIACOMO": 984,
   "BORGOSATOLLO": 985,
   "BORNO": 986,
   "BOTTICINO": 987,
   "BOVEGNO": 988,
   "BOVEZZO": 989,
   "BRANDICO": 990,
   "BRAONE": 991,
   "BRENO": 992,
   "BRESCIA": 993,
   "BRIONE": 994,
   "CAINO": 995,
   "CALCINATO": 996,
   "CALVAGESE DELLA RIVIERA": 997,
   "CALVISANO": 998,
   "CAPO DI PONTE": 999,
   "CAPOVALLE": 1000,
   "CAPRIANO DEL COLLE": 1001,
   "CAPRIOLO": 1002,
   "CARPENEDOLO": 1003,
   "CASTEGNATO": 1004,
   "CASTELCOVATI": 1005,
   "CASTEL MELLA": 1006,
   "CASTENEDOLO": 1007,
   "CASTO": 1008,
   "CASTREZZATO": 1009,
   "CAZZAGO SAN MARTINO": 1010,
   "CEDEGOLO": 1011,
   "CELLATICA": 1012,
   "CERVENO": 1013,
   "CETO": 1014,
   "CEVO": 1015,
   "CHIARI": 1016,
   "CIGOLE": 1017,
   "CIMBERGO": 1018,
   "CIVIDATE CAMUNO": 1019,
   "COCCAGLIO": 1020,
   "COLLEBEATO": 1021,
   "COLLIO": 1022,
   "COLOGNE": 1023,
   "COMEZZANO-CIZZAGO": 1024,
   "CONCESIO": 1025,
   "CORTE FRANCA": 1026,
   "CORTENO GOLGI": 1027,
   "CORZANO": 1028,
   "DARFO BOARIO TERME": 1029,
   "DELLO": 1030,
   "DESENZANO DEL GARDA": 1031,
   "EDOLO": 1032,
   "ERBUSCO": 1033,
   "ESINE": 1034,
   "FIESSE": 1035,
   "FLERO": 1036,
   "GAMBARA": 1037,
   "GARDONE RIVIERA": 1038,
   "GARDONE VAL TROMPIA": 1039,
   "GARGNANO": 1040,
   "GAVARDO": 1041,
   "GHEDI": 1042,
   "GIANICO": 1043,
   "GOTTOLENGO": 1044,
   "GUSSAGO": 1045,
   "IDRO": 1046,
   "INCUDINE": 1047,
   "IRMA": 1048,
   "ISEO": 1049,
   "ISORELLA": 1050,
   "LAVENONE": 1051,
   "LENO": 1052,
   "LIMONE SUL GARDA": 1053,
   "LODRINO": 1054,
   "LOGRATO": 1055,
   "LONATO": 1056,
   "LONGHENA": 1057,
   "LOSINE": 1058,
   "LOZIO": 1059,
   "LUMEZZANE": 1060,
   "MACLODIO": 1061,
   "MAGASA": 1062,
   "MAIRANO": 1063,
   "MALEGNO": 1064,
   "MALONNO": 1065,
   "MANERBA DEL GARDA": 1066,
   "MANERBIO": 1067,
   "MARCHENO": 1068,
   "MARMENTINO": 1069,
   "MARONE": 1070,
   "MAZZANO": 1071,
   "MILZANO": 1072,
   "MONIGA DEL GARDA": 1073,
   "MONNO": 1074,
   "MONTE ISOLA": 1075,
   "MONTICELLI BRUSATI": 1076,
   "MONTICHIARI": 1077,
   "MONTIRONE": 1078,
   "MURA": 1079,
   "MUSCOLINE": 1080,
   "NAVE": 1081,
   "NIARDO": 1082,
   "NUVOLENTO": 1083,
   "NUVOLERA": 1084,
   "ODOLO": 1085,
   "OFFLAGA": 1086,
   "OME": 1087,
   "ONO SAN PIETRO": 1088,
   "ORZINUOVI": 1089,
   "ORZIVECCHI": 1090,
   "OSPITALETTO": 1091,
   "OSSIMO": 1092,
   "PADENGHE SUL  GARDA": 1093,
   "PADERNO FRANCIACORTA": 1094,
   "PAISCO LOVENO": 1095,
   "PAITONE": 1096,
   "PALAZZOLO SULL'OGLIO": 1097,
   "PARATICO": 1098,
   "PASPARDO": 1099,
   "PASSIRANO": 1100,
   "PAVONE DEL MELLA": 1101,
   "SAN PAOLO": 1102,
   "PERTICA ALTA": 1103,
   "PERTICA BASSA": 1104,
   "PEZZAZE": 1105,
   "PIAN CAMUNO": 1106,
   "PISOGNE": 1107,
   "POLAVENO": 1108,
   "POLPENAZZE DEL GARDA": 1109,
   "POMPIANO": 1110,
   "PONCARALE": 1111,
   "PONTE DI LEGNO": 1112,
   "PONTEVICO": 1113,
   "PONTOGLIO": 1114,
   "POZZOLENGO": 1115,
   "PRALBOINO": 1116,
   "PRESEGLIE": 1117,
   "PRESTINE": 1118,
   "PREVALLE": 1119,
   "PROVAGLIO D'ISEO": 1120,
   "PROVAGLIO VAL SABBIA": 1121,
   "PUEGNAGO SUL GARDA": 1122,
   "QUINZANO D'OGLIO": 1123,
   "REMEDELLO": 1124,
   "REZZATO": 1125,
   "ROCCAFRANCA": 1126,
   "RODENGO-SAIANO": 1127,
   "ROE' VOLCIANO": 1128,
   "RONCADELLE": 1129,
   "ROVATO": 1130,
   "RUDIANO": 1131,
   "SABBIO CHIESE": 1132,
   "SALE MARASINO": 1133,
   "SALO'": 1134,
   "SAN FELICE DEL BENACO": 1135,
   "SAN GERVASIO BRESCIANO": 1136,
   "SAN ZENO NAVIGLIO": 1137,
   "SAREZZO": 1138,
   "SAVIORE DELL'ADAMELLO": 1139,
   "SELLERO": 1140,
   "SENIGA": 1141,
   "SERLE": 1142,
   "SIRMIONE": 1143,
   "SOIANO DEL LAGO": 1144,
   "SONICO": 1145,
   "SULZANO": 1146,
   "TAVERNOLE SUL MELLA": 1147,
   "TEMU'": 1148,
   "TIGNALE": 1149,
   "TORBOLE CASAGLIA": 1150,
   "TOSCOLANO-MADERNO": 1151,
   "TRAVAGLIATO": 1152,
   "TREMOSINE": 1153,
   "TRENZANO": 1154,
   "TREVISO BRESCIANO": 1155,
   "URAGO D'OGLIO": 1156,
   "VALLIO TERME": 1157,
   "VALVESTINO": 1158,
   "VEROLANUOVA": 1159,
   "VEROLAVECCHIA": 1160,
   "VESTONE": 1161,
   "VEZZA D'OGLIO": 1162,
   "VILLA CARCINA": 1163,
   "VILLACHIARA": 1164,
   "VILLANUOVA SUL CLISI": 1165,
   "VIONE": 1166,
   "VISANO": 1167,
   "VOBARNO": 1168,
   "ZONE": 1169,
   "PIANCOGNO": 1170,
   "ALAGNA": 1171,
   "ALBAREDO ARNABOLDI": 1172,
   "ALBONESE": 1173,
   "ALBUZZANO": 1174,
   "ARENA PO": 1175,
   "BADIA PAVESE": 1176,
   "BAGNARIA": 1177,
   "BARBIANELLO": 1178,
   "BASCAPE'": 1179,
   "BASTIDA DEI DOSSI": 1180,
   "BASTIDA PANCARANA": 1181,
   "BATTUDA": 1182,
   "BELGIOIOSO": 1183,
   "BEREGUARDO": 1184,
   "BORGARELLO": 1185,
   "BORGO PRIOLO": 1186,
   "BORGORATTO MORMOROLO": 1187,
   "BORGO SAN SIRO": 1188,
   "BORNASCO": 1189,
   "BOSNASCO": 1190,
   "BRALLO DI PREGOLA": 1191,
   "BREME": 1192,
   "BRESSANA BOTTARONE": 1193,
   "BRONI": 1194,
   "CALVIGNANO": 1195,
   "CAMPOSPINOSO": 1196,
   "CANDIA LOMELLINA": 1197,
   "CANEVINO": 1198,
   "CANNETO PAVESE": 1199,
   "CARBONARA AL TICINO": 1200,
   "CASANOVA LONATI": 1201,
   "CASATISMA": 1202,
   "CASEI GEROLA": 1203,
   "CASORATE PRIMO": 1204,
   "CASSOLNOVO": 1205,
   "CASTANA": 1206,
   "CASTEGGIO": 1207,
   "CASTELLETTO DI BRANDUZZO": 1208,
   "CASTELLO D'AGOGNA": 1209,
   "CASTELNOVETTO": 1210,
   "CAVA MANARA": 1211,
   "CECIMA": 1212,
   "CERANOVA": 1213,
   "CERETTO LOMELLINA": 1214,
   "CERGNAGO": 1215,
   "CERTOSA DI PAVIA": 1216,
   "CERVESINA": 1217,
   "CHIGNOLO PO": 1218,
   "CIGOGNOLA": 1219,
   "CILAVEGNA": 1220,
   "CODEVILLA": 1221,
   "CONFIENZA": 1222,
   "COPIANO": 1223,
   "CORANA": 1224,
   "CORNALE": 1225,
   "CORTEOLONA": 1226,
   "CORVINO SAN QUIRICO": 1227,
   "COSTA DE' NOBILI": 1228,
   "COZZO": 1229,
   "CURA CARPIGNANO": 1230,
   "DORNO": 1231,
   "FERRERA ERBOGNONE": 1232,
   "FILIGHERA": 1233,
   "FORTUNAGO": 1234,
   "FRASCAROLO": 1235,
   "GALLIAVOLA": 1236,
   "GAMBARANA": 1237,
   "GAMBOLO'": 1238,
   "GARLASCO": 1239,
   "GENZONE": 1240,
   "GERENZAGO": 1241,
   "GIUSSAGO": 1242,
   "GODIASCO": 1243,
   "GOLFERENZO": 1244,
   "GRAVELLONA LOMELLINA": 1245,
   "GROPELLO CAIROLI": 1246,
   "INVERNO E MONTELEONE": 1247,
   "LANDRIANO": 1248,
   "LANGOSCO": 1249,
   "LARDIRAGO": 1250,
   "LINAROLO": 1251,
   "LIRIO": 1252,
   "LOMELLO": 1253,
   "LUNGAVILLA": 1254,
   "MAGHERNO": 1255,
   "MARCIGNAGO": 1256,
   "MARZANO": 1257,
   "MEDE": 1258,
   "MENCONICO": 1259,
   "MEZZANA BIGLI": 1260,
   "MEZZANA RABATTONE": 1261,
   "MEZZANINO": 1262,
   "MIRADOLO TERME": 1263,
   "MONTALTO PAVESE": 1264,
   "MONTEBELLO DELLA BATTAGLIA": 1265,
   "MONTECALVO VERSIGGIA": 1266,
   "MONTESCANO": 1267,
   "MONTESEGALE": 1268,
   "MONTICELLI PAVESE": 1269,
   "MONTU' BECCARIA": 1270,
   "MORNICO LOSANA": 1271,
   "MORTARA": 1272,
   "NICORVO": 1273,
   "OLEVANO DI LOMELLINA": 1274,
   "OLIVA GESSI": 1275,
   "OTTOBIANO": 1276,
   "PALESTRO": 1277,
   "PANCARANA": 1278,
   "PARONA": 1279,
   "PAVIA": 1280,
   "PIETRA DE' GIORGI": 1281,
   "PIEVE ALBIGNOLA": 1282,
   "PIEVE DEL CAIRO": 1283,
   "PIEVE PORTO MORONE": 1284,
   "PINAROLO PO": 1285,
   "PIZZALE": 1286,
   "PONTE NIZZA": 1287,
   "PORTALBERA": 1288,
   "REA": 1289,
   "REDAVALLE": 1290,
   "RETORBIDO": 1291,
   "RIVANAZZANO": 1292,
   "ROBBIO": 1293,
   "ROBECCO PAVESE": 1294,
   "ROCCA DE' GIORGI": 1295,
   "ROCCA SUSELLA": 1296,
   "ROGNANO": 1297,
   "ROMAGNESE": 1298,
   "RONCARO": 1299,
   "ROSASCO": 1300,
   "ROVESCALA": 1301,
   "RUINO": 1302,
   "SAN CIPRIANO PO": 1303,
   "SAN DAMIANO AL COLLE": 1304,
   "SAN GENESIO ED UNITI": 1305,
   "SAN GIORGIO DI LOMELLINA": 1306,
   "SAN MARTINO SICCOMARIO": 1307,
   "SANNAZZARO DE' BURGONDI": 1308,
   "SANTA CRISTINA E BISSONE": 1309,
   "SANTA GIULETTA": 1310,
   "SANT'ALESSIO CON VIALONE": 1311,
   "SANTA MARGHERITA DI STAFFORA": 1312,
   "SANTA MARIA DELLA VERSA": 1313,
   "SANT'ANGELO LOMELLINA": 1314,
   "SAN ZENONE AL PO": 1315,
   "SARTIRANA LOMELLINA": 1316,
   "SCALDASOLE": 1317,
   "SEMIANA": 1318,
   "SILVANO PIETRA": 1319,
   "SIZIANO": 1320,
   "SOMMO": 1321,
   "SPESSA": 1322,
   "STRADELLA": 1323,
   "SUARDI": 1324,
   "TORRAZZA COSTE": 1325,
   "TORRE BERETTI E CASTELLARO": 1326,
   "TORRE D'ARESE": 1327,
   "TORRE DE' NEGRI": 1328,
   "TORRE D'ISOLA": 1329,
   "TORREVECCHIA PIA": 1330,
   "TORRICELLA VERZATE": 1331,
   "TRAVACO' SICCOMARIO": 1332,
   "TRIVOLZIO": 1333,
   "TROMELLO": 1334,
   "TROVO": 1335,
   "VAL DI NIZZA": 1336,
   "VALEGGIO": 1337,
   "VALLE LOMELLINA": 1338,
   "VALLE SALIMBENE": 1339,
   "VALVERDE": 1340,
   "VARZI": 1341,
   "VELEZZO LOMELLINA": 1342,
   "VELLEZZO BELLINI": 1343,
   "VERRETTO": 1344,
   "VERRUA PO": 1345,
   "VIDIGULFO": 1346,
   "VIGEVANO": 1347,
   "VILLA BISCOSSI": 1348,
   "VILLANOVA D'ARDENGHI": 1349,
   "VILLANTERIO": 1350,
   "VISTARINO": 1351,
   "VOGHERA": 1352,
   "VOLPARA": 1353,
   "ZAVATTARELLO": 1354,
   "ZECCONE": 1355,
   "ZEME": 1356,
   "ZENEVREDO": 1357,
   "ZERBO": 1358,
   "ZERBOLO'": 1359,
   "ZINASCO": 1360,
   "ACQUANEGRA CREMONESE": 1361,
   "AGNADELLO": 1362,
   "ANNICCO": 1363,
   "AZZANELLO": 1364,
   "BAGNOLO CREMASCO": 1365,
   "BONEMERSE": 1366,
   "BORDOLANO": 1367,
   "CA' D'ANDREA": 1368,
   "CALVATONE": 1369,
   "CAMISANO": 1370,
   "CAMPAGNOLA CREMASCA": 1371,
   "CAPERGNANICA": 1372,
   "CAPPELLA CANTONE": 1373,
   "CAPPELLA DE' PICENARDI": 1374,
   "CAPRALBA": 1375,
   "CASALBUTTANO ED UNITI": 1376,
   "CASALE CREMASCO-VIDOLASCO": 1377,
   "CASALETTO CEREDANO": 1378,
   "CASALETTO DI SOPRA": 1379,
   "CASALETTO VAPRIO": 1380,
   "CASALMAGGIORE": 1381,
   "CASALMORANO": 1382,
   "CASTELDIDONE": 1383,
   "CASTEL GABBIANO": 1384,
   "CASTELLEONE": 1385,
   "CASTELVERDE": 1386,
   "CASTELVISCONTI": 1387,
   "CELLA DATI": 1388,
   "CHIEVE": 1389,
   "CICOGNOLO": 1390,
   "CINGIA DE' BOTTI": 1391,
   "CORTE DE' CORTESI CON CIGNONE": 1392,
   "CORTE DE' FRATI": 1393,
   "CREDERA RUBBIANO": 1394,
   "CREMA": 1395,
   "CREMONA": 1396,
   "CREMOSANO": 1397,
   "CROTTA D'ADDA": 1398,
   "CUMIGNANO SUL NAVIGLIO": 1399,
   "DEROVERE": 1400,
   "DOVERA": 1401,
   "DRIZZONA": 1402,
   "FIESCO": 1403,
   "FORMIGARA": 1404,
   "GABBIONETA-BINANUOVA": 1405,
   "GADESCO-PIEVE DELMONA": 1406,
   "GENIVOLTA": 1407,
   "GERRE DE' CAPRIOLI": 1408,
   "GOMBITO": 1409,
   "GRONTARDO": 1410,
   "GRUMELLO CREMONESE ED UNITI": 1411,
   "GUSSOLA": 1412,
   "ISOLA DOVARESE": 1413,
   "IZANO": 1414,
   "MADIGNANO": 1415,
   "MALAGNINO": 1416,
   "MARTIGNANA DI PO": 1417,
   "MONTE CREMASCO": 1418,
   "MONTODINE": 1419,
   "MOSCAZZANO": 1420,
   "MOTTA BALUFFI": 1421,
   "OFFANENGO": 1422,
   "OLMENETA": 1423,
   "OSTIANO": 1424,
   "PADERNO PONCHIELLI": 1425,
   "PALAZZO PIGNANO": 1426,
   "PANDINO": 1427,
   "PERSICO DOSIMO": 1428,
   "PESCAROLO ED UNITI": 1429,
   "PESSINA CREMONESE": 1430,
   "PIADENA": 1431,
   "PIANENGO": 1432,
   "PIERANICA": 1433,
   "PIEVE D'OLMI": 1434,
   "PIEVE SAN GIACOMO": 1435,
   "PIZZIGHETTONE": 1436,
   "POZZAGLIO ED UNITI": 1437,
   "QUINTANO": 1438,
   "RICENGO": 1439,
   "RIPALTA ARPINA": 1440,
   "RIPALTA CREMASCA": 1441,
   "RIPALTA GUERINA": 1442,
   "RIVAROLO DEL RE ED UNITI": 1443,
   "RIVOLTA D'ADDA": 1444,
   "ROBECCO D'OGLIO": 1445,
   "ROMANENGO": 1446,
   "SALVIROLA": 1447,
   "SAN BASSANO": 1448,
   "SAN DANIELE PO": 1449,
   "SAN GIOVANNI IN CROCE": 1450,
   "SAN MARTINO DEL LAGO": 1451,
   "SCANDOLARA RAVARA": 1452,
   "SCANDOLARA RIPA D'OGLIO": 1453,
   "SERGNANO": 1454,
   "SESTO ED UNITI": 1455,
   "SOLAROLO RAINERIO": 1456,
   "SONCINO": 1457,
   "SORESINA": 1458,
   "SOSPIRO": 1459,
   "SPINADESCO": 1460,
   "SPINEDA": 1461,
   "SPINO D'ADDA": 1462,
   "STAGNO LOMBARDO": 1463,
   "TICENGO": 1464,
   "TORLINO VIMERCATI": 1465,
   "TORNATA": 1466,
   "TORRE DE' PICENARDI": 1467,
   "TORRICELLA DEL PIZZO": 1468,
   "TRESCORE CREMASCO": 1469,
   "TRIGOLO": 1470,
   "VAIANO CREMASCO": 1471,
   "VAILATE": 1472,
   "VESCOVATO": 1473,
   "VOLONGO": 1474,
   "VOLTIDO": 1475,
   "ACQUANEGRA SUL CHIESE": 1476,
   "ASOLA": 1477,
   "BAGNOLO SAN VITO": 1478,
   "BIGARELLO": 1479,
   "BORGOFORTE": 1480,
   "BORGOFRANCO SUL PO": 1481,
   "BOZZOLO": 1482,
   "CANNETO SULL'OGLIO": 1483,
   "CARBONARA DI PO": 1484,
   "CASALMORO": 1485,
   "CASALOLDO": 1486,
   "CASALROMANO": 1487,
   "CASTELBELFORTE": 1488,
   "CASTEL D'ARIO": 1489,
   "CASTEL GOFFREDO": 1490,
   "CASTELLUCCHIO": 1491,
   "CASTIGLIONE DELLE STIVIERE": 1492,
   "CAVRIANA": 1493,
   "CERESARA": 1494,
   "COMMESSAGGIO": 1495,
   "CURTATONE": 1496,
   "DOSOLO": 1497,
   "FELONICA": 1498,
   "GAZOLDO DEGLI IPPOLITI": 1499,
   "GAZZUOLO": 1500,
   "GOITO": 1501,
   "GONZAGA": 1502,
   "GUIDIZZOLO": 1503,
   "MAGNACAVALLO": 1504,
   "MANTOVA": 1505,
   "MARCARIA": 1506,
   "MARIANA MANTOVANA": 1507,
   "MARMIROLO": 1508,
   "MEDOLE": 1509,
   "MOGLIA": 1510,
   "MONZAMBANO": 1511,
   "MOTTEGGIANA": 1512,
   "OSTIGLIA": 1513,
   "PEGOGNAGA": 1514,
   "PIEVE DI CORIANO": 1515,
   "PIUBEGA": 1516,
   "POGGIO RUSCO": 1517,
   "POMPONESCO": 1518,
   "PONTI SUL MINCIO": 1519,
   "PORTO MANTOVANO": 1520,
   "QUINGENTOLE": 1521,
   "QUISTELLO": 1522,
   "REDONDESCO": 1523,
   "REVERE": 1524,
   "RIVAROLO MANTOVANO": 1525,
   "RODIGO": 1526,
   "RONCOFERRARO": 1527,
   "ROVERBELLA": 1528,
   "SABBIONETA": 1529,
   "SAN BENEDETTO PO": 1530,
   "SAN GIACOMO DELLE SEGNATE": 1531,
   "SAN GIORGIO DI MANTOVA": 1532,
   "SAN GIOVANNI DEL DOSSO": 1533,
   "SAN MARTINO DALL'ARGINE": 1534,
   "SCHIVENOGLIA": 1535,
   "SERMIDE": 1536,
   "SERRAVALLE A PO": 1537,
   "SOLFERINO": 1538,
   "SUSTINENTE": 1539,
   "SUZZARA": 1540,
   "VIADANA": 1541,
   "VILLA POMA": 1542,
   "VILLIMPENTA": 1543,
   "VIRGILIO": 1544,
   "VOLTA MANTOVANA": 1545
}