{
   "0": "AILANO",
   "1": "ALIFE",
   "2": "ALVIGNANO",
   "3": "ARIENZO",
   "4": "AVERSA",
   "5": "BAIA E LATINA",
   "6": "BELLONA",
   "7": "CAIANELLO",
   "8": "CAIAZZO",
   "9": "CALVI RISORTA",
   "10": "CAMIGLIANO",
   "11": "CANCELLO ED ARNONE",
   "12": "CAPODRISE",
   "13": "CAPRIATI A VOLTURNO",
   "14": "CAPUA",
   "15": "CARINARO",
   "16": "CARINOLA",
   "17": "CASAGIOVE",
   "18": "CASAL DI PRINCIPE",
   "19": "CASALUCE",
   "20": "CASAPULLA",
   "21": "CASERTA",
   "22": "CASTEL CAMPAGNANO",
   "23": "CASTEL DI SASSO",
   "24": "CASTELLO DEL MATESE",
   "25": "CASTEL MORRONE",
   "26": "CASTEL VOLTURNO",
   "27": "CERVINO",
   "28": "CESA",
   "29": "CIORLANO",
   "30": "CONCA DELLA CAMPANIA",
   "31": "CURTI",
   "32": "DRAGONI",
   "33": "FONTEGRECA",
   "34": "FORMICOLA",
   "35": "FRANCOLISE",
   "36": "FRIGNANO",
   "37": "GALLO MATESE",
   "38": "GALLUCCIO",
   "39": "GIANO VETUSTO",
   "40": "GIOIA SANNITICA",
   "41": "GRAZZANISE",
   "42": "GRICIGNANO DI AVERSA",
   "43": "LETINO",
   "44": "LIBERI",
   "45": "LUSCIANO",
   "46": "MACERATA CAMPANIA",
   "47": "MADDALONI",
   "48": "MARCIANISE",
   "49": "MARZANO APPIO",
   "50": "MIGNANO MONTE LUNGO",
   "51": "MONDRAGONE",
   "52": "ORTA DI ATELLA",
   "53": "PARETE",
   "54": "PASTORANO",
   "55": "PIANA DI MONTE VERNA",
   "56": "PIEDIMONTE MATESE",
   "57": "PIETRAMELARA",
   "58": "PIETRAVAIRANO",
   "59": "PIGNATARO MAGGIORE",
   "60": "PONTELATONE",
   "61": "PORTICO DI CASERTA",
   "62": "PRATA SANNITA",
   "63": "PRATELLA",
   "64": "PRESENZANO",
   "65": "RAVISCANINA",
   "66": "RECALE",
   "67": "RIARDO",
   "68": "ROCCA D'EVANDRO",
   "69": "ROCCAMONFINA",
   "70": "ROCCAROMANA",
   "71": "ROCCHETTA E CROCE",
   "72": "RUVIANO",
   "73": "SAN CIPRIANO D'AVERSA",
   "74": "SAN FELICE A CANCELLO",
   "75": "SAN GREGORIO MATESE",
   "76": "SAN MARCELLINO",
   "77": "SAN NICOLA LA STRADA",
   "78": "SAN PIETRO INFINE",
   "79": "SAN POTITO SANNITICO",
   "80": "SAN PRISCO",
   "81": "SANTA MARIA A VICO",
   "82": "SANTA MARIA CAPUA VETERE",
   "83": "SANTA MARIA LA FOSSA",
   "84": "SAN TAMMARO",
   "85": "SANT'ANGELO D'ALIFE",
   "86": "SANT'ARPINO",
   "87": "SESSA AURUNCA",
   "88": "SPARANISE",
   "89": "SUCCIVO",
   "90": "TEANO",
   "91": "TEVEROLA",
   "92": "TORA E PICCILLI",
   "93": "TRENTOLA-DUCENTA",
   "94": "VAIRANO PATENORA",
   "95": "VALLE AGRICOLA",
   "96": "VALLE DI MADDALONI",
   "97": "VILLA DI BRIANO",
   "98": "VILLA LITERNO",
   "99": "VITULAZIO",
   "100": "FALCIANO DEL MASSICO",
   "101": "CELLOLE",
   "102": "CASAPESENNA",
   "103": "SAN MARCO EVANGELISTA",
   "104": "AIROLA",
   "105": "AMOROSI",
   "106": "APICE",
   "107": "APOLLOSA",
   "108": "ARPAIA",
   "109": "ARPAISE",
   "110": "BASELICE",
   "111": "BENEVENTO",
   "112": "BONEA",
   "113": "BUCCIANO",
   "114": "BUONALBERGO",
   "115": "CALVI",
   "116": "CAMPOLATTARO",
   "117": "CAMPOLI DEL MONTE TABURNO",
   "118": "CASALDUNI",
   "119": "CASTELFRANCO IN MISCANO",
   "120": "CASTELPAGANO",
   "121": "CASTELPOTO",
   "122": "CASTELVENERE",
   "123": "CASTELVETERE IN VAL FORTORE",
   "124": "CAUTANO",
   "125": "CEPPALONI",
   "126": "CERRETO SANNITA",
   "127": "CIRCELLO",
   "128": "COLLE SANNITA",
   "129": "CUSANO MUTRI",
   "130": "DUGENTA",
   "131": "DURAZZANO",
   "132": "FAICCHIO",
   "133": "FOGLIANISE",
   "134": "FOIANO DI VAL FORTORE",
   "135": "FORCHIA",
   "136": "FRAGNETO L'ABATE",
   "137": "FRAGNETO MONFORTE",
   "138": "FRASSO TELESINO",
   "139": "GINESTRA DEGLI SCHIAVONI",
   "140": "GUARDIA SANFRAMONDI",
   "141": "LIMATOLA",
   "142": "MELIZZANO",
   "143": "MOIANO",
   "144": "MOLINARA",
   "145": "MONTEFALCONE DI VAL FORTORE",
   "146": "MONTESARCHIO",
   "147": "MORCONE",
   "148": "PADULI",
   "149": "PAGO VEIANO",
   "150": "PANNARANO",
   "151": "PAOLISI",
   "152": "PAUPISI",
   "153": "PESCO SANNITA",
   "154": "PIETRAROJA",
   "155": "PIETRELCINA",
   "156": "PONTE",
   "157": "PONTELANDOLFO",
   "158": "PUGLIANELLO",
   "159": "REINO",
   "160": "SAN BARTOLOMEO IN GALDO",
   "161": "SAN GIORGIO DEL SANNIO",
   "162": "SAN GIORGIO LA MOLARA",
   "163": "SAN LEUCIO DEL SANNIO",
   "164": "SAN LORENZELLO",
   "165": "SAN LORENZO MAGGIORE",
   "166": "SAN LUPO",
   "167": "SAN MARCO DEI CAVOTI",
   "168": "SAN MARTINO SANNITA",
   "169": "SAN NAZZARO",
   "170": "SAN NICOLA MANFREDI",
   "171": "SAN SALVATORE TELESINO",
   "172": "SANTA CROCE DEL SANNIO",
   "173": "SANT'AGATA DE' GOTI",
   "174": "SANT'ANGELO A CUPOLO",
   "175": "SASSINORO",
   "176": "SOLOPACA",
   "177": "TELESE",
   "178": "TOCCO CAUDIO",
   "179": "TORRECUSO",
   "180": "VITULANO",
   "181": "SANT'ARCANGELO TRIMONTE",
   "182": "ACERRA",
   "183": "AFRAGOLA",
   "184": "AGEROLA",
   "185": "ANACAPRI",
   "186": "ARZANO",
   "187": "BACOLI",
   "188": "BARANO D'ISCHIA",
   "189": "BOSCOREALE",
   "190": "BOSCOTRECASE",
   "191": "BRUSCIANO",
   "192": "CAIVANO",
   "193": "CALVIZZANO",
   "194": "CAMPOSANO",
   "195": "CAPRI",
   "196": "CARBONARA DI NOLA",
   "197": "CARDITO",
   "198": "CASALNUOVO DI NAPOLI",
   "199": "CASAMARCIANO",
   "200": "CASAMICCIOLA TERME",
   "201": "CASANDRINO",
   "202": "CASAVATORE",
   "203": "CASOLA DI NAPOLI",
   "204": "CASORIA",
   "205": "CASTELLAMMARE DI STABIA",
   "206": "CASTELLO DI CISTERNA",
   "207": "CERCOLA",
   "208": "CICCIANO",
   "209": "CIMITILE",
   "210": "COMIZIANO",
   "211": "CRISPANO",
   "212": "FORIO",
   "213": "FRATTAMAGGIORE",
   "214": "FRATTAMINORE",
   "215": "GIUGLIANO IN CAMPANIA",
   "216": "GRAGNANO",
   "217": "GRUMO NEVANO",
   "218": "ISCHIA",
   "219": "LACCO AMENO",
   "220": "LETTERE",
   "221": "LIVERI",
   "222": "MARANO DI NAPOLI",
   "223": "MARIGLIANELLA",
   "224": "MARIGLIANO",
   "225": "MASSA LUBRENSE",
   "226": "MELITO DI NAPOLI",
   "227": "META",
   "228": "MONTE DI PROCIDA",
   "229": "MUGNANO DI NAPOLI",
   "230": "NAPOLI",
   "231": "NOLA",
   "232": "OTTAVIANO",
   "233": "PALMA CAMPANIA",
   "234": "PIANO DI SORRENTO",
   "235": "PIMONTE",
   "236": "POGGIOMARINO",
   "237": "POLLENA TROCCHIA",
   "238": "POMIGLIANO D'ARCO",
   "239": "POMPEI",
   "240": "PORTICI",
   "241": "POZZUOLI",
   "242": "PROCIDA",
   "243": "QUALIANO",
   "244": "QUARTO",
   "245": "ERCOLANO",
   "246": "ROCCARAINOLA",
   "247": "SAN GENNARO VESUVIANO",
   "248": "SAN GIORGIO A CREMANO",
   "249": "SAN GIUSEPPE VESUVIANO",
   "250": "SAN PAOLO BEL SITO",
   "251": "SAN SEBASTIANO AL VESUVIO",
   "252": "SANT'AGNELLO",
   "253": "SANT'ANASTASIA",
   "254": "SANT'ANTIMO",
   "255": "SANT'ANTONIO ABATE",
   "256": "SAN VITALIANO",
   "257": "SAVIANO",
   "258": "SCISCIANO",
   "259": "SERRARA FONTANA",
   "260": "SOMMA VESUVIANA",
   "261": "SORRENTO",
   "262": "STRIANO",
   "263": "TERZIGNO",
   "264": "TORRE ANNUNZIATA",
   "265": "TORRE DEL GRECO",
   "266": "TUFINO",
   "267": "VICO EQUENSE",
   "268": "VILLARICCA",
   "269": "VISCIANO",
   "270": "VOLLA",
   "271": "SANTA MARIA LA CARITA'",
   "272": "TRECASE",
   "273": "MASSA DI SOMMA",
   "274": "AIELLO DEL SABATO",
   "275": "ALTAVILLA IRPINA",
   "276": "ANDRETTA",
   "277": "AQUILONIA",
   "278": "ARIANO IRPINO",
   "279": "ATRIPALDA",
   "280": "AVELLA",
   "281": "AVELLINO",
   "282": "BAGNOLI IRPINO",
   "283": "BAIANO",
   "284": "BISACCIA",
   "285": "BONITO",
   "286": "CAIRANO",
   "287": "CALABRITTO",
   "288": "CALITRI",
   "289": "CANDIDA",
   "290": "CAPOSELE",
   "291": "CAPRIGLIA IRPINA",
   "292": "CARIFE",
   "293": "CASALBORE",
   "294": "CASSANO IRPINO",
   "295": "CASTEL BARONIA",
   "296": "CASTELFRANCI",
   "297": "CASTELVETERE SUL CALORE",
   "298": "CERVINARA",
   "299": "CESINALI",
   "300": "CHIANCHE",
   "301": "CHIUSANO DI SAN DOMENICO",
   "302": "CONTRADA",
   "303": "CONZA DELLA CAMPANIA",
   "304": "DOMICELLA",
   "305": "FLUMERI",
   "306": "FONTANAROSA",
   "307": "FORINO",
   "308": "FRIGENTO",
   "309": "GESUALDO",
   "310": "GRECI",
   "311": "GROTTAMINARDA",
   "312": "GROTTOLELLA",
   "313": "GUARDIA LOMBARDI",
   "314": "LACEDONIA",
   "315": "LAPIO",
   "316": "LAURO",
   "317": "LIONI",
   "318": "LUOGOSANO",
   "319": "MANOCALZATI",
   "320": "MARZANO DI NOLA",
   "321": "MELITO IRPINO",
   "322": "MERCOGLIANO",
   "323": "MIRABELLA ECLANO",
   "324": "MONTAGUTO",
   "325": "MONTECALVO IRPINO",
   "326": "MONTEFALCIONE",
   "327": "MONTEFORTE IRPINO",
   "328": "MONTEFREDANE",
   "329": "MONTEFUSCO",
   "330": "MONTELLA",
   "331": "MONTEMARANO",
   "332": "MONTEMILETTO",
   "333": "MONTEVERDE",
   "334": "MONTORO INFERIORE",
   "335": "MONTORO SUPERIORE",
   "336": "MORRA DE SANCTIS",
   "337": "MOSCHIANO",
   "338": "MUGNANO DEL CARDINALE",
   "339": "NUSCO",
   "340": "OSPEDALETTO D'ALPINOLO",
   "341": "PAGO DEL VALLO DI LAURO",
   "342": "PAROLISE",
   "343": "PATERNOPOLI",
   "344": "PETRURO IRPINO",
   "345": "PIETRADEFUSI",
   "346": "PIETRASTORNINA",
   "347": "PRATA DI PRINCIPATO ULTRA",
   "348": "PRATOLA SERRA",
   "349": "QUADRELLE",
   "350": "QUINDICI",
   "351": "ROCCABASCERANA",
   "352": "ROCCA SAN FELICE",
   "353": "ROTONDI",
   "354": "SALZA IRPINA",
   "355": "SAN MANGO SUL CALORE",
   "356": "SAN MARTINO VALLE CAUDINA",
   "357": "SAN MICHELE DI SERINO",
   "358": "SAN NICOLA BARONIA",
   "359": "SAN POTITO ULTRA",
   "360": "SAN SOSSIO BARONIA",
   "361": "SANTA LUCIA DI SERINO",
   "362": "SANT'ANDREA DI CONZA",
   "363": "SANT'ANGELO ALL'ESCA",
   "364": "SANT'ANGELO A SCALA",
   "365": "SANT'ANGELO DEI LOMBARDI",
   "366": "SANTA PAOLINA",
   "367": "SANTO STEFANO DEL SOLE",
   "368": "SAVIGNANO IRPINO",
   "369": "SCAMPITELLA",
   "370": "SENERCHIA",
   "371": "SERINO",
   "372": "SIRIGNANO",
   "373": "SOLOFRA",
   "374": "SORBO SERPICO",
   "375": "SPERONE",
   "376": "STURNO",
   "377": "SUMMONTE",
   "378": "TAURANO",
   "379": "TAURASI",
   "380": "TEORA",
   "381": "TORELLA DEI LOMBARDI",
   "382": "TORRE LE NOCELLE",
   "383": "TORRIONI",
   "384": "TREVICO",
   "385": "TUFO",
   "386": "VALLATA",
   "387": "VALLESACCARDA",
   "388": "VENTICANO",
   "389": "VILLAMAINA",
   "390": "VILLANOVA DEL BATTISTA",
   "391": "VOLTURARA IRPINA",
   "392": "ZUNGOLI",
   "393": "ACERNO",
   "394": "AGROPOLI",
   "395": "ALBANELLA",
   "396": "ALFANO",
   "397": "ALTAVILLA SILENTINA",
   "398": "AMALFI",
   "399": "ANGRI",
   "400": "AQUARA",
   "401": "ASCEA",
   "402": "ATENA LUCANA",
   "403": "ATRANI",
   "404": "AULETTA",
   "405": "BARONISSI",
   "406": "BATTIPAGLIA",
   "407": "BELLOSGUARDO",
   "408": "BRACIGLIANO",
   "409": "BUCCINO",
   "410": "BUONABITACOLO",
   "411": "CAGGIANO",
   "412": "CALVANICO",
   "413": "CAMEROTA",
   "414": "CAMPAGNA",
   "415": "CAMPORA",
   "416": "CANNALONGA",
   "417": "CAPACCIO",
   "418": "CASALBUONO",
   "419": "CASALETTO SPARTANO",
   "420": "CASAL VELINO",
   "421": "CASELLE IN PITTARI",
   "422": "CASTELCIVITA",
   "423": "CASTELLABATE",
   "424": "CASTELNUOVO CILENTO",
   "425": "CASTELNUOVO DI CONZA",
   "426": "CASTEL SAN GIORGIO",
   "427": "CASTEL SAN LORENZO",
   "428": "CASTIGLIONE DEL GENOVESI",
   "429": "CAVA DE' TIRRENI",
   "430": "CELLE DI BULGHERIA",
   "431": "CENTOLA",
   "432": "CERASO",
   "433": "CETARA",
   "434": "CICERALE",
   "435": "COLLIANO",
   "436": "CONCA DEI MARINI",
   "437": "CONTRONE",
   "438": "CONTURSI TERME",
   "439": "CORBARA",
   "440": "CORLETO MONFORTE",
   "441": "CUCCARO VETERE",
   "442": "EBOLI",
   "443": "FELITTO",
   "444": "FISCIANO",
   "445": "FURORE",
   "446": "FUTANI",
   "447": "GIFFONI SEI CASALI",
   "448": "GIFFONI VALLE PIANA",
   "449": "GIOI",
   "450": "GIUNGANO",
   "451": "ISPANI",
   "452": "LAUREANA CILENTO",
   "453": "LAURINO",
   "454": "LAURITO",
   "455": "LAVIANO",
   "456": "LUSTRA",
   "457": "MAGLIANO VETERE",
   "458": "MAIORI",
   "459": "MERCATO SAN SEVERINO",
   "460": "MINORI",
   "461": "MOIO DELLA CIVITELLA",
   "462": "MONTANO ANTILIA",
   "463": "MONTECORICE",
   "464": "MONTECORVINO PUGLIANO",
   "465": "MONTECORVINO ROVELLA",
   "466": "MONTEFORTE CILENTO",
   "467": "MONTE SAN GIACOMO",
   "468": "MONTESANO SULLA MARCELLANA",
   "469": "MORIGERATI",
   "470": "NOCERA INFERIORE",
   "471": "NOCERA SUPERIORE",
   "472": "NOVI VELIA",
   "473": "OGLIASTRO CILENTO",
   "474": "OLEVANO SUL TUSCIANO",
   "475": "OLIVETO CITRA",
   "476": "OMIGNANO",
   "477": "ORRIA",
   "478": "OTTATI",
   "479": "PADULA",
   "480": "PAGANI",
   "481": "PALOMONTE",
   "482": "PELLEZZANO",
   "483": "PERDIFUMO",
   "484": "PERITO",
   "485": "PERTOSA",
   "486": "PETINA",
   "487": "PIAGGINE",
   "488": "PISCIOTTA",
   "489": "POLLA",
   "490": "POLLICA",
   "491": "PONTECAGNANO FAIANO",
   "492": "POSITANO",
   "493": "POSTIGLIONE",
   "494": "PRAIANO",
   "495": "PRIGNANO CILENTO",
   "496": "RAVELLO",
   "497": "RICIGLIANO",
   "498": "ROCCADASPIDE",
   "499": "ROCCAGLORIOSA",
   "500": "ROCCAPIEMONTE",
   "501": "ROFRANO",
   "502": "ROMAGNANO AL MONTE",
   "503": "ROSCIGNO",
   "504": "RUTINO",
   "505": "SACCO",
   "506": "SALA CONSILINA",
   "507": "SALENTO",
   "508": "SALERNO",
   "509": "SALVITELLE",
   "510": "SAN CIPRIANO PICENTINO",
   "511": "SAN GIOVANNI A PIRO",
   "512": "SAN GREGORIO MAGNO",
   "513": "SAN MANGO PIEMONTE",
   "514": "SAN MARZANO SUL SARNO",
   "515": "SAN MAURO CILENTO",
   "516": "SAN MAURO LA BRUCA",
   "517": "SAN PIETRO AL TANAGRO",
   "518": "SAN RUFO",
   "519": "SANTA MARINA",
   "520": "SANT'ANGELO A FASANELLA",
   "521": "SANT'ARSENIO",
   "522": "SANT'EGIDIO DEL MONTE ALBINO",
   "523": "SANTOMENNA",
   "524": "SAN VALENTINO TORIO",
   "525": "SANZA",
   "526": "SAPRI",
   "527": "SARNO",
   "528": "SASSANO",
   "529": "SCAFATI",
   "530": "SCALA",
   "531": "SERRAMEZZANA",
   "532": "SERRE",
   "533": "SESSA CILENTO",
   "534": "SIANO",
   "535": "SICIGNANO DEGLI ALBURNI",
   "536": "STELLA CILENTO",
   "537": "STIO",
   "538": "TEGGIANO",
   "539": "TORCHIARA",
   "540": "TORRACA",
   "541": "TORRE ORSAIA",
   "542": "TORTORELLA",
   "543": "TRAMONTI",
   "544": "TRENTINARA",
   "545": "VALLE DELL'ANGELO",
   "546": "VALLO DELLA LUCANIA",
   "547": "VALVA",
   "548": "VIBONATI",
   "549": "VIETRI SUL MARE",
   "550": "BELLIZZI"
}