{
   "AIROLE": 0,
   "APRICALE": 1,
   "AQUILA DI ARROSCIA": 2,
   "ARMO": 3,
   "AURIGO": 4,
   "BADALUCCO": 5,
   "BAIARDO": 6,
   "BORDIGHERA": 7,
   "BORGHETTO D'ARROSCIA": 8,
   "BORGOMARO": 9,
   "CAMPOROSSO": 10,
   "CARAVONICA": 11,
   "CARPASIO": 12,
   "CASTELLARO": 13,
   "CASTEL VITTORIO": 14,
   "CERIANA": 15,
   "CERVO": 16,
   "CESIO": 17,
   "CHIUSANICO": 18,
   "CHIUSAVECCHIA": 19,
   "CIPRESSA": 20,
   "CIVEZZA": 21,
   "COSIO DI ARROSCIA": 22,
   "COSTARAINERA": 23,
   "DIANO ARENTINO": 24,
   "DIANO CASTELLO": 25,
   "DIANO MARINA": 26,
   "DIANO SAN PIETRO": 27,
   "DOLCEACQUA": 28,
   "DOLCEDO": 29,
   "IMPERIA": 30,
   "ISOLABONA": 31,
   "LUCINASCO": 32,
   "MENDATICA": 33,
   "MOLINI DI TRIORA": 34,
   "MONTALTO LIGURE": 35,
   "MONTEGROSSO PIAN LATTE": 36,
   "OLIVETTA SAN MICHELE": 37,
   "OSPEDALETTI": 38,
   "PERINALDO": 39,
   "PIETRABRUNA": 40,
   "PIEVE DI TECO": 41,
   "PIGNA": 42,
   "POMPEIANA": 43,
   "PONTEDASSIO": 44,
   "PORNASSIO": 45,
   "PRELA'": 46,
   "RANZO": 47,
   "REZZO": 48,
   "RIVA LIGURE": 49,
   "ROCCHETTA NERVINA": 50,
   "SAN BARTOLOMEO AL MARE": 51,
   "SAN BIAGIO DELLA CIMA": 52,
   "SAN LORENZO AL MARE": 53,
   "SAN REMO": 54,
   "SANTO STEFANO AL MARE": 55,
   "SEBORGA": 56,
   "SOLDANO": 57,
   "TAGGIA": 58,
   "TERZORIO": 59,
   "TRIORA": 60,
   "VALLEBONA": 61,
   "VALLECROSIA": 62,
   "VASIA": 63,
   "VENTIMIGLIA": 64,
   "VESSALICO": 65,
   "VILLA FARALDI": 66,
   "ALASSIO": 67,
   "ALBENGA": 68,
   "ALBISOLA MARINA": 69,
   "ALBISOLA SUPERIORE": 70,
   "ALTARE": 71,
   "ANDORA": 72,
   "ARNASCO": 73,
   "BALESTRINO": 74,
   "BARDINETO": 75,
   "BERGEGGI": 76,
   "BOISSANO": 77,
   "BORGHETTO SANTO SPIRITO": 78,
   "BORGIO VEREZZI": 79,
   "BORMIDA": 80,
   "CAIRO MONTENOTTE": 81,
   "CALICE LIGURE": 82,
   "CALIZZANO": 83,
   "CARCARE": 84,
   "CASANOVA LERRONE": 85,
   "CASTELBIANCO": 86,
   "CASTELVECCHIO DI ROCCA BARBENA": 87,
   "CELLE LIGURE": 88,
   "CENGIO": 89,
   "CERIALE": 90,
   "CISANO SUL NEVA": 91,
   "COSSERIA": 92,
   "DEGO": 93,
   "ERLI": 94,
   "FINALE LIGURE": 95,
   "GARLENDA": 96,
   "GIUSTENICE": 97,
   "GIUSVALLA": 98,
   "LAIGUEGLIA": 99,
   "LOANO": 100,
   "MAGLIOLO": 101,
   "MALLARE": 102,
   "MASSIMINO": 103,
   "MILLESIMO": 104,
   "MIOGLIA": 105,
   "MURIALDO": 106,
   "NASINO": 107,
   "NOLI": 108,
   "ONZO": 109,
   "ORCO FEGLINO": 110,
   "ORTOVERO": 111,
   "OSIGLIA": 112,
   "PALLARE": 113,
   "PIANA CRIXIA": 114,
   "PIETRA LIGURE": 115,
   "PLODIO": 116,
   "PONTINVREA": 117,
   "QUILIANO": 118,
   "RIALTO": 119,
   "ROCCAVIGNALE": 120,
   "SASSELLO": 121,
   "SAVONA": 122,
   "SPOTORNO": 123,
   "STELLA": 124,
   "STELLANELLO": 125,
   "TESTICO": 126,
   "TOIRANO": 127,
   "TOVO SAN GIACOMO": 128,
   "URBE": 129,
   "VADO LIGURE": 130,
   "VARAZZE": 131,
   "VENDONE": 132,
   "VEZZI PORTIO": 133,
   "VILLANOVA D'ALBENGA": 134,
   "ZUCCARELLO": 135,
   "ARENZANO": 136,
   "AVEGNO": 137,
   "BARGAGLI": 138,
   "BOGLIASCO": 139,
   "BORZONASCA": 140,
   "BUSALLA": 141,
   "CAMOGLI": 142,
   "CAMPO LIGURE": 143,
   "CAMPOMORONE": 144,
   "CARASCO": 145,
   "CASARZA LIGURE": 146,
   "CASELLA": 147,
   "CASTIGLIONE CHIAVARESE": 148,
   "CERANESI": 149,
   "CHIAVARI": 150,
   "CICAGNA": 151,
   "COGOLETO": 152,
   "COGORNO": 153,
   "COREGLIA LIGURE": 154,
   "CROCEFIESCHI": 155,
   "DAVAGNA": 156,
   "FASCIA": 157,
   "FAVALE DI MALVARO": 158,
   "FONTANIGORDA": 159,
   "GENOVA": 160,
   "GORRETO": 161,
   "ISOLA DEL CANTONE": 162,
   "LAVAGNA": 163,
   "LEIVI": 164,
   "LORSICA": 165,
   "LUMARZO": 166,
   "MASONE": 167,
   "MELE": 168,
   "MEZZANEGO": 169,
   "MIGNANEGO": 170,
   "MOCONESI": 171,
   "MONEGLIA": 172,
   "MONTEBRUNO": 173,
   "MONTOGGIO": 174,
   "NE": 175,
   "NEIRONE": 176,
   "ORERO": 177,
   "PIEVE LIGURE": 178,
   "PORTOFINO": 179,
   "PROPATA": 180,
   "RAPALLO": 181,
   "RECCO": 182,
   "REZZOAGLIO": 183,
   "RONCO SCRIVIA": 184,
   "RONDANINA": 185,
   "ROSSIGLIONE": 186,
   "ROVEGNO": 187,
   "SAN COLOMBANO CERTENOLI": 188,
   "SANTA MARGHERITA LIGURE": 189,
   "SANT'OLCESE": 190,
   "SANTO STEFANO D'AVETO": 191,
   "SAVIGNONE": 192,
   "SERRA RICCO'": 193,
   "SESTRI LEVANTE": 194,
   "SORI": 195,
   "TIGLIETO": 196,
   "TORRIGLIA": 197,
   "TRIBOGNA": 198,
   "USCIO": 199,
   "VALBREVENNA": 200,
   "VOBBIA": 201,
   "ZOAGLI": 202,
   "AMEGLIA": 203,
   "ARCOLA": 204,
   "BEVERINO": 205,
   "BOLANO": 206,
   "BONASSOLA": 207,
   "BORGHETTO DI VARA": 208,
   "BRUGNATO": 209,
   "CALICE AL CORNOVIGLIO": 210,
   "CARRO": 211,
   "CARRODANO": 212,
   "CASTELNUOVO MAGRA": 213,
   "DEIVA MARINA": 214,
   "FOLLO": 215,
   "FRAMURA": 216,
   "LA SPEZIA": 217,
   "LERICI": 218,
   "LEVANTO": 219,
   "MAISSANA": 220,
   "MONTEROSSO AL MARE": 221,
   "ORTONOVO": 222,
   "PIGNONE": 223,
   "PORTOVENERE": 224,
   "RICCO' DEL GOLFO DI SPEZIA": 225,
   "RIOMAGGIORE": 226,
   "ROCCHETTA DI VARA": 227,
   "SANTO STEFANO DI MAGRA": 228,
   "SARZANA": 229,
   "SESTA GODANO": 230,
   "VARESE LIGURE": 231,
   "VERNAZZA": 232,
   "VEZZANO LIGURE": 233,
   "ZIGNAGO": 234
}