{
   "0": "ACCADIA",
   "1": "ALBERONA",
   "2": "ANZANO DI PUGLIA",
   "3": "APRICENA",
   "4": "ASCOLI SATRIANO",
   "5": "BICCARI",
   "6": "BOVINO",
   "7": "CAGNANO VARANO",
   "8": "CANDELA",
   "9": "CARAPELLE",
   "10": "CARLANTINO",
   "11": "CARPINO",
   "12": "CASALNUOVO MONTEROTARO",
   "13": "CASALVECCHIO DI PUGLIA",
   "14": "CASTELLUCCIO DEI SAURI",
   "15": "CASTELLUCCIO VALMAGGIORE",
   "16": "CASTELNUOVO DELLA DAUNIA",
   "17": "CELENZA VALFORTORE",
   "18": "CELLE DI SAN VITO",
   "19": "CERIGNOLA",
   "20": "CHIEUTI",
   "21": "DELICETO",
   "22": "FAETO",
   "23": "FOGGIA",
   "24": "ISCHITELLA",
   "25": "ISOLE TREMITI",
   "26": "LESINA",
   "27": "LUCERA",
   "28": "MANFREDONIA",
   "29": "MARGHERITA DI SAVOIA",
   "30": "MATTINATA",
   "31": "MONTELEONE DI PUGLIA",
   "32": "MONTE SANT'ANGELO",
   "33": "MOTTA MONTECORVINO",
   "34": "ORSARA DI PUGLIA",
   "35": "ORTA NOVA",
   "36": "PANNI",
   "37": "PESCHICI",
   "38": "PIETRAMONTECORVINO",
   "39": "POGGIO IMPERIALE",
   "40": "RIGNANO GARGANICO",
   "41": "ROCCHETTA SANT'ANTONIO",
   "42": "RODI GARGANICO",
   "43": "ROSETO VALFORTORE",
   "44": "SAN FERDINANDO DI PUGLIA",
   "45": "SAN GIOVANNI ROTONDO",
   "46": "SAN MARCO IN LAMIS",
   "47": "SAN MARCO LA CATOLA",
   "48": "SANNICANDRO GARGANICO",
   "49": "SAN PAOLO DI CIVITATE",
   "50": "SAN SEVERO",
   "51": "SANT'AGATA DI PUGLIA",
   "52": "SERRACAPRIOLA",
   "53": "STORNARA",
   "54": "STORNARELLA",
   "55": "TORREMAGGIORE",
   "56": "TRINITAPOLI",
   "57": "TROIA",
   "58": "VICO DEL GARGANO",
   "59": "VIESTE",
   "60": "VOLTURARA APPULA",
   "61": "VOLTURINO",
   "62": "ORDONA",
   "63": "ZAPPONETA",
   "64": "ACQUAVIVA DELLE FONTI",
   "65": "ADELFIA",
   "66": "ALBEROBELLO",
   "67": "ALTAMURA",
   "68": "ANDRIA",
   "69": "BARI",
   "70": "BARLETTA",
   "71": "BINETTO",
   "72": "BISCEGLIE",
   "73": "BITETTO",
   "74": "BITONTO",
   "75": "BITRITTO",
   "76": "CANOSA DI PUGLIA",
   "77": "CAPURSO",
   "78": "CASAMASSIMA",
   "79": "CASSANO DELLE MURGE",
   "80": "CASTELLANA GROTTE",
   "81": "CELLAMARE",
   "82": "CONVERSANO",
   "83": "CORATO",
   "84": "GIOIA DEL COLLE",
   "85": "GIOVINAZZO",
   "86": "GRAVINA IN PUGLIA",
   "87": "GRUMO APPULA",
   "88": "LOCOROTONDO",
   "89": "MINERVINO MURGE",
   "90": "MODUGNO",
   "91": "MOLA DI BARI",
   "92": "MOLFETTA",
   "93": "MONOPOLI",
   "94": "NOCI",
   "95": "NOICATTARO",
   "96": "PALO DEL COLLE",
   "97": "POGGIORSINI",
   "98": "POLIGNANO A MARE",
   "99": "PUTIGNANO",
   "100": "RUTIGLIANO",
   "101": "RUVO DI PUGLIA",
   "102": "SAMMICHELE DI BARI",
   "103": "SANNICANDRO DI BARI",
   "104": "SANTERAMO IN COLLE",
   "105": "SPINAZZOLA",
   "106": "TERLIZZI",
   "107": "TORITTO",
   "108": "TRANI",
   "109": "TRIGGIANO",
   "110": "TURI",
   "111": "VALENZANO",
   "112": "AVETRANA",
   "113": "CAROSINO",
   "114": "CASTELLANETA",
   "115": "CRISPIANO",
   "116": "FAGGIANO",
   "117": "FRAGAGNANO",
   "118": "GINOSA",
   "119": "GROTTAGLIE",
   "120": "LATERZA",
   "121": "LEPORANO",
   "122": "LIZZANO",
   "123": "MANDURIA",
   "124": "MARTINA FRANCA",
   "125": "MARUGGIO",
   "126": "MASSAFRA",
   "127": "MONTEIASI",
   "128": "MONTEMESOLA",
   "129": "MONTEPARANO",
   "130": "MOTTOLA",
   "131": "PALAGIANELLO",
   "132": "PALAGIANO",
   "133": "PULSANO",
   "134": "ROCCAFORZATA",
   "135": "SAN GIORGIO IONICO",
   "136": "SAN MARZANO DI SAN GIUSEPPE",
   "137": "SAVA",
   "138": "TARANTO",
   "139": "TORRICELLA",
   "140": "BRINDISI",
   "141": "CAROVIGNO",
   "142": "CEGLIE MESSAPICA",
   "143": "CELLINO SAN MARCO",
   "144": "CISTERNINO",
   "145": "ERCHIE",
   "146": "FASANO",
   "147": "FRANCAVILLA FONTANA",
   "148": "LATIANO",
   "149": "MESAGNE",
   "150": "ORIA",
   "151": "OSTUNI",
   "152": "SAN DONACI",
   "153": "SAN MICHELE SALENTINO",
   "154": "SAN PANCRAZIO SALENTINO",
   "155": "SAN PIETRO VERNOTICO",
   "156": "SAN VITO DEI NORMANNI",
   "157": "TORCHIAROLO",
   "158": "TORRE SANTA SUSANNA",
   "159": "VILLA CASTELLI",
   "160": "ACQUARICA DEL CAPO",
   "161": "ALESSANO",
   "162": "ALEZIO",
   "163": "ALLISTE",
   "164": "ANDRANO",
   "165": "ARADEO",
   "166": "ARNESANO",
   "167": "BAGNOLO DEL SALENTO",
   "168": "BOTRUGNO",
   "169": "CALIMERA",
   "170": "CAMPI SALENTINA",
   "171": "CANNOLE",
   "172": "CAPRARICA DI LECCE",
   "173": "CARMIANO",
   "174": "CARPIGNANO SALENTINO",
   "175": "CASARANO",
   "176": "CASTRI DI LECCE",
   "177": "CASTRIGNANO DE' GRECI",
   "178": "CASTRIGNANO DEL CAPO",
   "179": "CAVALLINO",
   "180": "COLLEPASSO",
   "181": "COPERTINO",
   "182": "CORIGLIANO D'OTRANTO",
   "183": "CORSANO",
   "184": "CURSI",
   "185": "CUTROFIANO",
   "186": "DISO",
   "187": "GAGLIANO DEL CAPO",
   "188": "GALATINA",
   "189": "GALATONE",
   "190": "GALLIPOLI",
   "191": "GIUGGIANELLO",
   "192": "GIURDIGNANO",
   "193": "GUAGNANO",
   "194": "LECCE",
   "195": "LEQUILE",
   "196": "LEVERANO",
   "197": "LIZZANELLO",
   "198": "MAGLIE",
   "199": "MARTANO",
   "200": "MARTIGNANO",
   "201": "MATINO",
   "202": "MELENDUGNO",
   "203": "MELISSANO",
   "204": "MELPIGNANO",
   "205": "MIGGIANO",
   "206": "MINERVINO DI LECCE",
   "207": "MONTERONI DI LECCE",
   "208": "MONTESANO SALENTINO",
   "209": "MORCIANO DI LEUCA",
   "210": "MURO LECCESE",
   "211": "NARDO'",
   "212": "NEVIANO",
   "213": "NOCIGLIA",
   "214": "NOVOLI",
   "215": "ORTELLE",
   "216": "OTRANTO",
   "217": "PALMARIGGI",
   "218": "PARABITA",
   "219": "PATU'",
   "220": "POGGIARDO",
   "221": "PRESICCE",
   "222": "RACALE",
   "223": "RUFFANO",
   "224": "SALICE SALENTINO",
   "225": "SALVE",
   "226": "SANARICA",
   "227": "SAN CESARIO DI LECCE",
   "228": "SAN DONATO DI LECCE",
   "229": "SANNICOLA",
   "230": "SAN PIETRO IN LAMA",
   "231": "SANTA CESAREA TERME",
   "232": "SCORRANO",
   "233": "SECLI'",
   "234": "SOGLIANO CAVOUR",
   "235": "SOLETO",
   "236": "SPECCHIA",
   "237": "SPONGANO",
   "238": "SQUINZANO",
   "239": "STERNATIA",
   "240": "SUPERSANO",
   "241": "SURANO",
   "242": "SURBO",
   "243": "TAURISANO",
   "244": "TAVIANO",
   "245": "TIGGIANO",
   "246": "TREPUZZI",
   "247": "TRICASE",
   "248": "TUGLIE",
   "249": "UGENTO",
   "250": "UGGIANO LA CHIESA",
   "251": "VEGLIE",
   "252": "VERNOLE",
   "253": "ZOLLINO",
   "254": "SAN CASSIANO",
   "255": "CASTRO",
   "256": "PORTO CESAREO"
}