{
   "0": "AULLA",
   "1": "BAGNONE",
   "2": "CARRARA",
   "3": "CASOLA IN LUNIGIANA",
   "4": "COMANO",
   "5": "FILATTIERA",
   "6": "FIVIZZANO",
   "7": "FOSDINOVO",
   "8": "LICCIANA NARDI",
   "9": "MASSA",
   "10": "MONTIGNOSO",
   "11": "MULAZZO",
   "12": "PODENZANA",
   "13": "PONTREMOLI",
   "14": "TRESANA",
   "15": "VILLAFRANCA IN LUNIGIANA",
   "16": "ZERI",
   "17": "ALTOPASCIO",
   "18": "BAGNI DI LUCCA",
   "19": "BARGA",
   "20": "BORGO A MOZZANO",
   "21": "CAMAIORE",
   "22": "CAMPORGIANO",
   "23": "CAPANNORI",
   "24": "CAREGGINE",
   "25": "CASTELNUOVO DI GARFAGNANA",
   "26": "CASTIGLIONE DI GARFAGNANA",
   "27": "COREGLIA ANTELMINELLI",
   "28": "FABBRICHE DI VALLICO",
   "29": "FORTE DEI MARMI",
   "30": "FOSCIANDORA",
   "31": "GALLICANO",
   "32": "GIUNCUGNANO",
   "33": "LUCCA",
   "34": "MASSAROSA",
   "35": "MINUCCIANO",
   "36": "MOLAZZANA",
   "37": "MONTECARLO",
   "38": "PESCAGLIA",
   "39": "PIAZZA AL SERCHIO",
   "40": "PIETRASANTA",
   "41": "PIEVE FOSCIANA",
   "42": "PORCARI",
   "43": "SAN ROMANO IN GARFAGNANA",
   "44": "SERAVEZZA",
   "45": "SILLANO",
   "46": "STAZZEMA",
   "47": "VAGLI SOTTO",
   "48": "VERGEMOLI",
   "49": "VIAREGGIO",
   "50": "VILLA BASILICA",
   "51": "VILLA COLLEMANDINA",
   "52": "ABETONE",
   "53": "AGLIANA",
   "54": "BUGGIANO",
   "55": "CUTIGLIANO",
   "56": "LAMPORECCHIO",
   "57": "LARCIANO",
   "58": "MARLIANA",
   "59": "MASSA E COZZILE",
   "60": "MONSUMMANO TERME",
   "61": "MONTALE",
   "62": "MONTECATINI-TERME",
   "63": "PESCIA",
   "64": "PIEVE A NIEVOLE",
   "65": "PISTOIA",
   "66": "PITEGLIO",
   "67": "PONTE BUGGIANESE",
   "68": "QUARRATA",
   "69": "SAMBUCA PISTOIESE",
   "70": "SAN MARCELLO PISTOIESE",
   "71": "SERRAVALLE PISTOIESE",
   "72": "UZZANO",
   "73": "CHIESINA UZZANESE",
   "74": "BAGNO A RIPOLI",
   "75": "BARBERINO DI MUGELLO",
   "76": "BARBERINO VAL D'ELSA",
   "77": "BORGO SAN LORENZO",
   "78": "CALENZANO",
   "79": "CAMPI BISENZIO",
   "80": "CANTAGALLO",
   "81": "CAPRAIA E LIMITE",
   "82": "CARMIGNANO",
   "83": "CASTELFIORENTINO",
   "84": "CERRETO GUIDI",
   "85": "CERTALDO",
   "86": "DICOMANO",
   "87": "EMPOLI",
   "88": "FIESOLE",
   "89": "FIGLINE VALDARNO",
   "90": "FIRENZE",
   "91": "FIRENZUOLA",
   "92": "FUCECCHIO",
   "93": "GAMBASSI TERME",
   "94": "GREVE IN CHIANTI",
   "95": "IMPRUNETA",
   "96": "INCISA IN VAL D'ARNO",
   "97": "LASTRA A SIGNA",
   "98": "LONDA",
   "99": "MARRADI",
   "100": "MONTAIONE",
   "101": "MONTELUPO FIORENTINO",
   "102": "MONTEMURLO",
   "103": "MONTESPERTOLI",
   "104": "PALAZZUOLO SUL SENIO",
   "105": "PELAGO",
   "106": "PONTASSIEVE",
   "107": "PRATO",
   "108": "REGGELLO",
   "109": "RIGNANO SULL'ARNO",
   "110": "RUFINA",
   "111": "SAN CASCIANO IN VAL DI PESA",
   "112": "SAN GODENZO",
   "113": "SAN PIERO A SIEVE",
   "114": "SCANDICCI",
   "115": "SCARPERIA",
   "116": "SESTO FIORENTINO",
   "117": "SIGNA",
   "118": "TAVARNELLE VAL DI PESA",
   "119": "VAGLIA",
   "120": "VAIANO",
   "121": "VERNIO",
   "122": "VICCHIO",
   "123": "VINCI",
   "124": "POGGIO A CAIANO",
   "125": "BIBBONA",
   "126": "CAMPIGLIA MARITTIMA",
   "127": "CAMPO NELL'ELBA",
   "128": "CAPOLIVERI",
   "129": "CAPRAIA ISOLA",
   "130": "CASTAGNETO CARDUCCI",
   "131": "CECINA",
   "132": "COLLESALVETTI",
   "133": "LIVORNO",
   "134": "MARCIANA",
   "135": "MARCIANA MARINA",
   "136": "PIOMBINO",
   "137": "PORTO AZZURRO",
   "138": "PORTOFERRAIO",
   "139": "RIO MARINA",
   "140": "RIO NELL'ELBA",
   "141": "ROSIGNANO MARITTIMO",
   "142": "SAN VINCENZO",
   "143": "SASSETTA",
   "144": "SUVERETO",
   "145": "BIENTINA",
   "146": "BUTI",
   "147": "CALCI",
   "148": "CALCINAIA",
   "149": "CAPANNOLI",
   "150": "CASALE MARITTIMO",
   "151": "CASCIANA TERME",
   "152": "CASCINA",
   "153": "CASTELFRANCO DI SOTTO",
   "154": "CASTELLINA MARITTIMA",
   "155": "CASTELNUOVO DI VAL DI CECINA",
   "156": "CHIANNI",
   "157": "CRESPINA",
   "158": "FAUGLIA",
   "159": "GUARDISTALLO",
   "160": "LAJATICO",
   "161": "LARI",
   "162": "LORENZANA",
   "163": "MONTECATINI VAL DI CECINA",
   "164": "MONTESCUDAIO",
   "165": "MONTEVERDI MARITTIMO",
   "166": "MONTOPOLI IN VAL D'ARNO",
   "167": "ORCIANO PISANO",
   "168": "PALAIA",
   "169": "PECCIOLI",
   "170": "PISA",
   "171": "POMARANCE",
   "172": "PONSACCO",
   "173": "PONTEDERA",
   "174": "RIPARBELLA",
   "175": "SAN GIULIANO TERME",
   "176": "SAN MINIATO",
   "177": "SANTA CROCE SULL'ARNO",
   "178": "SANTA LUCE",
   "179": "SANTA MARIA A MONTE",
   "180": "TERRICCIOLA",
   "181": "VECCHIANO",
   "182": "VICOPISANO",
   "183": "VOLTERRA",
   "184": "ANGHIARI",
   "185": "AREZZO",
   "186": "BADIA TEDALDA",
   "187": "BIBBIENA",
   "188": "BUCINE",
   "189": "CAPOLONA",
   "190": "CAPRESE MICHELANGELO",
   "191": "CASTEL FOCOGNANO",
   "192": "CASTELFRANCO DI SOPRA",
   "193": "CASTEL SAN NICCOLO'",
   "194": "CASTIGLION FIBOCCHI",
   "195": "CASTIGLION FIORENTINO",
   "196": "CAVRIGLIA",
   "197": "CHITIGNANO",
   "198": "CHIUSI DELLA VERNA",
   "199": "CIVITELLA IN VAL DI CHIANA",
   "200": "CORTONA",
   "201": "FOIANO DELLA CHIANA",
   "202": "LATERINA",
   "203": "LORO CIUFFENNA",
   "204": "LUCIGNANO",
   "205": "MARCIANO DELLA CHIANA",
   "206": "MONTEMIGNAIO",
   "207": "MONTERCHI",
   "208": "MONTE SAN SAVINO",
   "209": "MONTEVARCHI",
   "210": "ORTIGNANO RAGGIOLO",
   "211": "PERGINE VALDARNO",
   "212": "PIAN DI SCO",
   "213": "PIEVE SANTO STEFANO",
   "214": "POPPI",
   "215": "PRATOVECCHIO",
   "216": "SAN GIOVANNI VALDARNO",
   "217": "SANSEPOLCRO",
   "218": "SESTINO",
   "219": "STIA",
   "220": "SUBBIANO",
   "221": "TALLA",
   "222": "TERRANUOVA BRACCIOLINI",
   "223": "ABBADIA SAN SALVATORE",
   "224": "ASCIANO",
   "225": "BUONCONVENTO",
   "226": "CASOLE D'ELSA",
   "227": "CASTELLINA IN CHIANTI",
   "228": "CASTELNUOVO BERARDENGA",
   "229": "CASTIGLIONE D'ORCIA",
   "230": "CETONA",
   "231": "CHIANCIANO TERME",
   "232": "CHIUSDINO",
   "233": "CHIUSI",
   "234": "COLLE DI VAL D'ELSA",
   "235": "GAIOLE IN CHIANTI",
   "236": "MONTALCINO",
   "237": "MONTEPULCIANO",
   "238": "MONTERIGGIONI",
   "239": "MONTERONI D'ARBIA",
   "240": "MONTICIANO",
   "241": "MURLO",
   "242": "PIANCASTAGNAIO",
   "243": "PIENZA",
   "244": "POGGIBONSI",
   "245": "RADDA IN CHIANTI",
   "246": "RADICOFANI",
   "247": "RADICONDOLI",
   "248": "RAPOLANO TERME",
   "249": "SAN CASCIANO DEI BAGNI",
   "250": "SAN GIMIGNANO",
   "251": "SAN GIOVANNI D'ASSO",
   "252": "SAN QUIRICO D'ORCIA",
   "253": "SARTEANO",
   "254": "SIENA",
   "255": "SINALUNGA",
   "256": "SOVICILLE",
   "257": "TORRITA DI SIENA",
   "258": "TREQUANDA",
   "259": "ARCIDOSSO",
   "260": "CAMPAGNATICO",
   "261": "CAPALBIO",
   "262": "CASTEL DEL PIANO",
   "263": "CASTELL'AZZARA",
   "264": "CASTIGLIONE DELLA PESCAIA",
   "265": "CINIGIANO",
   "266": "CIVITELLA PAGANICO",
   "267": "FOLLONICA",
   "268": "GAVORRANO",
   "269": "GROSSETO",
   "270": "ISOLA DEL GIGLIO",
   "271": "MAGLIANO IN TOSCANA",
   "272": "MANCIANO",
   "273": "MASSA MARITTIMA",
   "274": "MONTE ARGENTARIO",
   "275": "MONTIERI",
   "276": "ORBETELLO",
   "277": "PITIGLIANO",
   "278": "ROCCALBEGNA",
   "279": "ROCCASTRADA",
   "280": "SANTA FIORA",
   "281": "SCANSANO",
   "282": "SCARLINO",
   "283": "SEGGIANO",
   "284": "SORANO",
   "285": "MONTEROTONDO MARITTIMO",
   "286": "SEMPRONIANO"
}