{
   "AULLA": 0,
   "BAGNONE": 1,
   "CARRARA": 2,
   "CASOLA IN LUNIGIANA": 3,
   "COMANO": 4,
   "FILATTIERA": 5,
   "FIVIZZANO": 6,
   "FOSDINOVO": 7,
   "LICCIANA NARDI": 8,
   "MASSA": 9,
   "MONTIGNOSO": 10,
   "MULAZZO": 11,
   "PODENZANA": 12,
   "PONTREMOLI": 13,
   "TRESANA": 14,
   "VILLAFRANCA IN LUNIGIANA": 15,
   "ZERI": 16,
   "ALTOPASCIO": 17,
   "BAGNI DI LUCCA": 18,
   "BARGA": 19,
   "BORGO A MOZZANO": 20,
   "CAMAIORE": 21,
   "CAMPORGIANO": 22,
   "CAPANNORI": 23,
   "CAREGGINE": 24,
   "CASTELNUOVO DI GARFAGNANA": 25,
   "CASTIGLIONE DI GARFAGNANA": 26,
   "COREGLIA ANTELMINELLI": 27,
   "FABBRICHE DI VALLICO": 28,
   "FORTE DEI MARMI": 29,
   "FOSCIANDORA": 30,
   "GALLICANO": 31,
   "GIUNCUGNANO": 32,
   "LUCCA": 33,
   "MASSAROSA": 34,
   "MINUCCIANO": 35,
   "MOLAZZANA": 36,
   "MONTECARLO": 37,
   "PESCAGLIA": 38,
   "PIAZZA AL SERCHIO": 39,
   "PIETRASANTA": 40,
   "PIEVE FOSCIANA": 41,
   "PORCARI": 42,
   "SAN ROMANO IN GARFAGNANA": 43,
   "SERAVEZZA": 44,
   "SILLANO": 45,
   "STAZZEMA": 46,
   "VAGLI SOTTO": 47,
   "VERGEMOLI": 48,
   "VIAREGGIO": 49,
   "VILLA BASILICA": 50,
   "VILLA COLLEMANDINA": 51,
   "ABETONE": 52,
   "AGLIANA": 53,
   "BUGGIANO": 54,
   "CUTIGLIANO": 55,
   "LAMPORECCHIO": 56,
   "LARCIANO": 57,
   "MARLIANA": 58,
   "MASSA E COZZILE": 59,
   "MONSUMMANO TERME": 60,
   "MONTALE": 61,
   "MONTECATINI-TERME": 62,
   "PESCIA": 63,
   "PIEVE A NIEVOLE": 64,
   "PISTOIA": 65,
   "PITEGLIO": 66,
   "PONTE BUGGIANESE": 67,
   "QUARRATA": 68,
   "SAMBUCA PISTOIESE": 69,
   "SAN MARCELLO PISTOIESE": 70,
   "SERRAVALLE PISTOIESE": 71,
   "UZZANO": 72,
   "CHIESINA UZZANESE": 73,
   "BAGNO A RIPOLI": 74,
   "BARBERINO DI MUGELLO": 75,
   "BARBERINO VAL D'ELSA": 76,
   "BORGO SAN LORENZO": 77,
   "CALENZANO": 78,
   "CAMPI BISENZIO": 79,
   "CANTAGALLO": 80,
   "CAPRAIA E LIMITE": 81,
   "CARMIGNANO": 82,
   "CASTELFIORENTINO": 83,
   "CERRETO GUIDI": 84,
   "CERTALDO": 85,
   "DICOMANO": 86,
   "EMPOLI": 87,
   "FIESOLE": 88,
   "FIGLINE VALDARNO": 89,
   "FIRENZE": 90,
   "FIRENZUOLA": 91,
   "FUCECCHIO": 92,
   "GAMBASSI TERME": 93,
   "GREVE IN CHIANTI": 94,
   "IMPRUNETA": 95,
   "INCISA IN VAL D'ARNO": 96,
   "LASTRA A SIGNA": 97,
   "LONDA": 98,
   "MARRADI": 99,
   "MONTAIONE": 100,
   "MONTELUPO FIORENTINO": 101,
   "MONTEMURLO": 102,
   "MONTESPERTOLI": 103,
   "PALAZZUOLO SUL SENIO": 104,
   "PELAGO": 105,
   "PONTASSIEVE": 106,
   "PRATO": 107,
   "REGGELLO": 108,
   "RIGNANO SULL'ARNO": 109,
   "RUFINA": 110,
   "SAN CASCIANO IN VAL DI PESA": 111,
   "SAN GODENZO": 112,
   "SAN PIERO A SIEVE": 113,
   "SCANDICCI": 114,
   "SCARPERIA": 115,
   "SESTO FIORENTINO": 116,
   "SIGNA": 117,
   "TAVARNELLE VAL DI PESA": 118,
   "VAGLIA": 119,
   "VAIANO": 120,
   "VERNIO": 121,
   "VICCHIO": 122,
   "VINCI": 123,
   "POGGIO A CAIANO": 124,
   "BIBBONA": 125,
   "CAMPIGLIA MARITTIMA": 126,
   "CAMPO NELL'ELBA": 127,
   "CAPOLIVERI": 128,
   "CAPRAIA ISOLA": 129,
   "CASTAGNETO CARDUCCI": 130,
   "CECINA": 131,
   "COLLESALVETTI": 132,
   "LIVORNO": 133,
   "MARCIANA": 134,
   "MARCIANA MARINA": 135,
   "PIOMBINO": 136,
   "PORTO AZZURRO": 137,
   "PORTOFERRAIO": 138,
   "RIO MARINA": 139,
   "RIO NELL'ELBA": 140,
   "ROSIGNANO MARITTIMO": 141,
   "SAN VINCENZO": 142,
   "SASSETTA": 143,
   "SUVERETO": 144,
   "BIENTINA": 145,
   "BUTI": 146,
   "CALCI": 147,
   "CALCINAIA": 148,
   "CAPANNOLI": 149,
   "CASALE MARITTIMO": 150,
   "CASCIANA TERME": 151,
   "CASCINA": 152,
   "CASTELFRANCO DI SOTTO": 153,
   "CASTELLINA MARITTIMA": 154,
   "CASTELNUOVO DI VAL DI CECINA": 155,
   "CHIANNI": 156,
   "CRESPINA": 157,
   "FAUGLIA": 158,
   "GUARDISTALLO": 159,
   "LAJATICO": 160,
   "LARI": 161,
   "LORENZANA": 162,
   "MONTECATINI VAL DI CECINA": 163,
   "MONTESCUDAIO": 164,
   "MONTEVERDI MARITTIMO": 165,
   "MONTOPOLI IN VAL D'ARNO": 166,
   "ORCIANO PISANO": 167,
   "PALAIA": 168,
   "PECCIOLI": 169,
   "PISA": 170,
   "POMARANCE": 171,
   "PONSACCO": 172,
   "PONTEDERA": 173,
   "RIPARBELLA": 174,
   "SAN GIULIANO TERME": 175,
   "SAN MINIATO": 176,
   "SANTA CROCE SULL'ARNO": 177,
   "SANTA LUCE": 178,
   "SANTA MARIA A MONTE": 179,
   "TERRICCIOLA": 180,
   "VECCHIANO": 181,
   "VICOPISANO": 182,
   "VOLTERRA": 183,
   "ANGHIARI": 184,
   "AREZZO": 185,
   "BADIA TEDALDA": 186,
   "BIBBIENA": 187,
   "BUCINE": 188,
   "CAPOLONA": 189,
   "CAPRESE MICHELANGELO": 190,
   "CASTEL FOCOGNANO": 191,
   "CASTELFRANCO DI SOPRA": 192,
   "CASTEL SAN NICCOLO'": 193,
   "CASTIGLION FIBOCCHI": 194,
   "CASTIGLION FIORENTINO": 195,
   "CAVRIGLIA": 196,
   "CHITIGNANO": 197,
   "CHIUSI DELLA VERNA": 198,
   "CIVITELLA IN VAL DI CHIANA": 199,
   "CORTONA": 200,
   "FOIANO DELLA CHIANA": 201,
   "LATERINA": 202,
   "LORO CIUFFENNA": 203,
   "LUCIGNANO": 204,
   "MARCIANO DELLA CHIANA": 205,
   "MONTEMIGNAIO": 206,
   "MONTERCHI": 207,
   "MONTE SAN SAVINO": 208,
   "MONTEVARCHI": 209,
   "ORTIGNANO RAGGIOLO": 210,
   "PERGINE VALDARNO": 211,
   "PIAN DI SCO": 212,
   "PIEVE SANTO STEFANO": 213,
   "POPPI": 214,
   "PRATOVECCHIO": 215,
   "SAN GIOVANNI VALDARNO": 216,
   "SANSEPOLCRO": 217,
   "SESTINO": 218,
   "STIA": 219,
   "SUBBIANO": 220,
   "TALLA": 221,
   "TERRANUOVA BRACCIOLINI": 222,
   "ABBADIA SAN SALVATORE": 223,
   "ASCIANO": 224,
   "BUONCONVENTO": 225,
   "CASOLE D'ELSA": 226,
   "CASTELLINA IN CHIANTI": 227,
   "CASTELNUOVO BERARDENGA": 228,
   "CASTIGLIONE D'ORCIA": 229,
   "CETONA": 230,
   "CHIANCIANO TERME": 231,
   "CHIUSDINO": 232,
   "CHIUSI": 233,
   "COLLE DI VAL D'ELSA": 234,
   "GAIOLE IN CHIANTI": 235,
   "MONTALCINO": 236,
   "MONTEPULCIANO": 237,
   "MONTERIGGIONI": 238,
   "MONTERONI D'ARBIA": 239,
   "MONTICIANO": 240,
   "MURLO": 241,
   "PIANCASTAGNAIO": 242,
   "PIENZA": 243,
   "POGGIBONSI": 244,
   "RADDA IN CHIANTI": 245,
   "RADICOFANI": 246,
   "RADICONDOLI": 247,
   "RAPOLANO TERME": 248,
   "SAN CASCIANO DEI BAGNI": 249,
   "SAN GIMIGNANO": 250,
   "SAN GIOVANNI D'ASSO": 251,
   "SAN QUIRICO D'ORCIA": 252,
   "SARTEANO": 253,
   "SIENA": 254,
   "SINALUNGA": 255,
   "SOVICILLE": 256,
   "TORRITA DI SIENA": 257,
   "TREQUANDA": 258,
   "ARCIDOSSO": 259,
   "CAMPAGNATICO": 260,
   "CAPALBIO": 261,
   "CASTEL DEL PIANO": 262,
   "CASTELL'AZZARA": 263,
   "CASTIGLIONE DELLA PESCAIA": 264,
   "CINIGIANO": 265,
   "CIVITELLA PAGANICO": 266,
   "FOLLONICA": 267,
   "GAVORRANO": 268,
   "GROSSETO": 269,
   "ISOLA DEL GIGLIO": 270,
   "MAGLIANO IN TOSCANA": 271,
   "MANCIANO": 272,
   "MASSA MARITTIMA": 273,
   "MONTE ARGENTARIO": 274,
   "MONTIERI": 275,
   "ORBETELLO": 276,
   "PITIGLIANO": 277,
   "ROCCALBEGNA": 278,
   "ROCCASTRADA": 279,
   "SANTA FIORA": 280,
   "SCANSANO": 281,
   "SCARLINO": 282,
   "SEGGIANO": 283,
   "SORANO": 284,
   "MONTEROTONDO MARITTIMO": 285,
   "SEMPRONIANO": 286
}