{
   "0": "ALCAMO",
   "1": "BUSETO PALIZZOLO",
   "2": "CALATAFIMI",
   "3": "CAMPOBELLO DI MAZARA",
   "4": "CASTELLAMMARE DEL GOLFO",
   "5": "CASTELVETRANO",
   "6": "CUSTONACI",
   "7": "ERICE",
   "8": "FAVIGNANA",
   "9": "GIBELLINA",
   "10": "MARSALA",
   "11": "MAZARA DEL VALLO",
   "12": "PACECO",
   "13": "PANTELLERIA",
   "14": "PARTANNA",
   "15": "POGGIOREALE",
   "16": "SALAPARUTA",
   "17": "SALEMI",
   "18": "SANTA NINFA",
   "19": "SAN VITO LO CAPO",
   "20": "TRAPANI",
   "21": "VALDERICE",
   "22": "VITA",
   "23": "PETROSINO",
   "24": "ALIA",
   "25": "ALIMENA",
   "26": "ALIMINUSA",
   "27": "ALTAVILLA MILICIA",
   "28": "ALTOFONTE",
   "29": "BAGHERIA",
   "30": "BALESTRATE",
   "31": "BAUCINA",
   "32": "BELMONTE MEZZAGNO",
   "33": "BISACQUINO",
   "34": "BOLOGNETTA",
   "35": "BOMPIETRO",
   "36": "BORGETTO",
   "37": "CACCAMO",
   "38": "CALTAVUTURO",
   "39": "CAMPOFELICE DI FITALIA",
   "40": "CAMPOFELICE DI ROCCELLA",
   "41": "CAMPOFIORITO",
   "42": "CAMPOREALE",
   "43": "CAPACI",
   "44": "CARINI",
   "45": "CASTELBUONO",
   "46": "CASTELDACCIA",
   "47": "CASTELLANA SICULA",
   "48": "CASTRONUOVO DI SICILIA",
   "49": "CEFALA' DIANA",
   "50": "CEFALU'",
   "51": "CERDA",
   "52": "CHIUSA SCLAFANI",
   "53": "CIMINNA",
   "54": "CINISI",
   "55": "COLLESANO",
   "56": "CONTESSA ENTELLINA",
   "57": "CORLEONE",
   "58": "FICARAZZI",
   "59": "GANGI",
   "60": "GERACI SICULO",
   "61": "GIARDINELLO",
   "62": "GIULIANA",
   "63": "GODRANO",
   "64": "GRATTERI",
   "65": "ISNELLO",
   "66": "ISOLA DELLE FEMMINE",
   "67": "LASCARI",
   "68": "LERCARA FRIDDI",
   "69": "MARINEO",
   "70": "MEZZOJUSO",
   "71": "MISILMERI",
   "72": "MONREALE",
   "73": "MONTELEPRE",
   "74": "MONTEMAGGIORE BELSITO",
   "75": "PALAZZO ADRIANO",
   "76": "PALERMO",
   "77": "PARTINICO",
   "78": "PETRALIA SOPRANA",
   "79": "PETRALIA SOTTANA",
   "80": "PIANA DEGLI ALBANESI",
   "81": "POLIZZI GENEROSA",
   "82": "POLLINA",
   "83": "PRIZZI",
   "84": "ROCCAMENA",
   "85": "ROCCAPALUMBA",
   "86": "SAN CIPIRELLO",
   "87": "SAN GIUSEPPE JATO",
   "88": "SAN MAURO CASTELVERDE",
   "89": "SANTA CRISTINA GELA",
   "90": "SANTA FLAVIA",
   "91": "SCIARA",
   "92": "SCLAFANI BAGNI",
   "93": "TERMINI IMERESE",
   "94": "TERRASINI",
   "95": "TORRETTA",
   "96": "TRABIA",
   "97": "TRAPPETO",
   "98": "USTICA",
   "99": "VALLEDOLMO",
   "100": "VENTIMIGLIA DI SICILIA",
   "101": "VICARI",
   "102": "VILLABATE",
   "103": "VILLAFRATI",
   "104": "SCILLATO",
   "105": "BLUFI",
   "106": "ALCARA LI FUSI",
   "107": "ALI'",
   "108": "ALI' TERME",
   "109": "ANTILLO",
   "110": "BARCELLONA POZZO DI GOTTO",
   "111": "BASICO'",
   "112": "BROLO",
   "113": "CAPIZZI",
   "114": "CAPO D'ORLANDO",
   "115": "CAPRI LEONE",
   "116": "CARONIA",
   "117": "CASALVECCHIO SICULO",
   "118": "CASTEL DI LUCIO",
   "119": "CASTELL'UMBERTO",
   "120": "CASTELMOLA",
   "121": "CASTROREALE",
   "122": "CESARO'",
   "123": "CONDRO'",
   "124": "FALCONE",
   "125": "FICARRA",
   "126": "FIUMEDINISI",
   "127": "FLORESTA",
   "128": "FONDACHELLI-FANTINA",
   "129": "FORZA D'AGRO'",
   "130": "FRANCAVILLA DI SICILIA",
   "131": "FRAZZANO'",
   "132": "FURCI SICULO",
   "133": "FURNARI",
   "134": "GAGGI",
   "135": "GALATI MAMERTINO",
   "136": "GALLODORO",
   "137": "GIARDINI-NAXOS",
   "138": "GIOIOSA MAREA",
   "139": "GRANITI",
   "140": "GUALTIERI SICAMINO'",
   "141": "ITALA",
   "142": "LENI",
   "143": "LETOJANNI",
   "144": "LIBRIZZI",
   "145": "LIMINA",
   "146": "LIPARI",
   "147": "LONGI",
   "148": "MALFA",
   "149": "MALVAGNA",
   "150": "MANDANICI",
   "151": "MAZZARRA' SANT'ANDREA",
   "152": "MERI'",
   "153": "MESSINA",
   "154": "MILAZZO",
   "155": "MILITELLO ROSMARINO",
   "156": "MIRTO",
   "157": "MISTRETTA",
   "158": "MOIO ALCANTARA",
   "159": "MONFORTE SAN GIORGIO",
   "160": "MONGIUFFI MELIA",
   "161": "MONTAGNAREALE",
   "162": "MONTALBANO ELICONA",
   "163": "MOTTA CAMASTRA",
   "164": "MOTTA D'AFFERMO",
   "165": "NASO",
   "166": "NIZZA DI SICILIA",
   "167": "NOVARA DI SICILIA",
   "168": "OLIVERI",
   "169": "PACE DEL MELA",
   "170": "PAGLIARA",
   "171": "PATTI",
   "172": "PETTINEO",
   "173": "PIRAINO",
   "174": "RACCUJA",
   "175": "REITANO",
   "176": "ROCCAFIORITA",
   "177": "ROCCALUMERA",
   "178": "ROCCAVALDINA",
   "179": "ROCCELLA VALDEMONE",
   "180": "RODI' MILICI",
   "181": "ROMETTA",
   "182": "SAN FILIPPO DEL MELA",
   "183": "SAN FRATELLO",
   "184": "SAN MARCO D'ALUNZIO",
   "185": "SAN PIER NICETO",
   "186": "SAN PIERO PATTI",
   "187": "SAN SALVATORE DI FITALIA",
   "188": "SANTA DOMENICA VITTORIA",
   "189": "SANT'AGATA DI MILITELLO",
   "190": "SANT'ALESSIO SICULO",
   "191": "SANTA LUCIA DEL MELA",
   "192": "SANTA MARINA SALINA",
   "193": "SANT'ANGELO DI BROLO",
   "194": "SANTA TERESA DI RIVA",
   "195": "SAN TEODORO",
   "196": "SANTO STEFANO DI CAMASTRA",
   "197": "SAPONARA",
   "198": "SAVOCA",
   "199": "SCALETTA ZANCLEA",
   "200": "SINAGRA",
   "201": "SPADAFORA",
   "202": "TAORMINA",
   "203": "TORREGROTTA",
   "204": "TORTORICI",
   "205": "TRIPI",
   "206": "TUSA",
   "207": "UCRIA",
   "208": "VALDINA",
   "209": "VENETICO",
   "210": "VILLAFRANCA TIRRENA",
   "211": "TERME VIGLIATORE",
   "212": "ACQUEDOLCI",
   "213": "TORRENOVA",
   "214": "AGRIGENTO",
   "215": "ALESSANDRIA DELLA ROCCA",
   "216": "ARAGONA",
   "217": "BIVONA",
   "218": "BURGIO",
   "219": "CALAMONACI",
   "220": "CALTABELLOTTA",
   "221": "CAMASTRA",
   "222": "CAMMARATA",
   "223": "CAMPOBELLO DI LICATA",
   "224": "CANICATTI'",
   "225": "CASTELTERMINI",
   "226": "CASTROFILIPPO",
   "227": "CATTOLICA ERACLEA",
   "228": "CIANCIANA",
   "229": "COMITINI",
   "230": "FAVARA",
   "231": "GROTTE",
   "232": "JOPPOLO GIANCAXIO",
   "233": "LAMPEDUSA E LINOSA",
   "234": "LICATA",
   "235": "LUCCA SICULA",
   "236": "MENFI",
   "237": "MONTALLEGRO",
   "238": "MONTEVAGO",
   "239": "NARO",
   "240": "PALMA DI MONTECHIARO",
   "241": "PORTO EMPEDOCLE",
   "242": "RACALMUTO",
   "243": "RAFFADALI",
   "244": "RAVANUSA",
   "245": "REALMONTE",
   "246": "RIBERA",
   "247": "SAMBUCA DI SICILIA",
   "248": "SAN BIAGIO PLATANI",
   "249": "SAN GIOVANNI GEMINI",
   "250": "SANTA ELISABETTA",
   "251": "SANTA MARGHERITA DI BELICE",
   "252": "SANT'ANGELO MUXARO",
   "253": "SANTO STEFANO QUISQUINA",
   "254": "SCIACCA",
   "255": "SICULIANA",
   "256": "VILLAFRANCA SICULA",
   "257": "ACQUAVIVA PLATANI",
   "258": "BOMPENSIERE",
   "259": "BUTERA",
   "260": "CALTANISSETTA",
   "261": "CAMPOFRANCO",
   "262": "DELIA",
   "263": "GELA",
   "264": "MARIANOPOLI",
   "265": "MAZZARINO",
   "266": "MILENA",
   "267": "MONTEDORO",
   "268": "MUSSOMELI",
   "269": "NISCEMI",
   "270": "RESUTTANO",
   "271": "RIESI",
   "272": "SAN CATALDO",
   "273": "SANTA CATERINA VILLARMOSA",
   "274": "SERRADIFALCO",
   "275": "SOMMATINO",
   "276": "SUTERA",
   "277": "VALLELUNGA PRATAMENO",
   "278": "VILLALBA",
   "279": "AGIRA",
   "280": "AIDONE",
   "281": "ASSORO",
   "282": "BARRAFRANCA",
   "283": "CALASCIBETTA",
   "284": "CATENANUOVA",
   "285": "CENTURIPE",
   "286": "CERAMI",
   "287": "ENNA",
   "288": "GAGLIANO CASTELFERRATO",
   "289": "LEONFORTE",
   "290": "NICOSIA",
   "291": "NISSORIA",
   "292": "PIAZZA ARMERINA",
   "293": "PIETRAPERZIA",
   "294": "REGALBUTO",
   "295": "SPERLINGA",
   "296": "TROINA",
   "297": "VALGUARNERA CAROPEPE",
   "298": "VILLAROSA",
   "299": "ACI BONACCORSI",
   "300": "ACI CASTELLO",
   "301": "ACI CATENA",
   "302": "ACIREALE",
   "303": "ACI SANT'ANTONIO",
   "304": "ADRANO",
   "305": "BELPASSO",
   "306": "BIANCAVILLA",
   "307": "BRONTE",
   "308": "CALATABIANO",
   "309": "CALTAGIRONE",
   "310": "CAMPOROTONDO ETNEO",
   "311": "CASTEL DI IUDICA",
   "312": "CASTIGLIONE DI SICILIA",
   "313": "CATANIA",
   "314": "FIUMEFREDDO DI SICILIA",
   "315": "GIARRE",
   "316": "GRAMMICHELE",
   "317": "GRAVINA DI CATANIA",
   "318": "LICODIA EUBEA",
   "319": "LINGUAGLOSSA",
   "320": "MALETTO",
   "321": "MASCALI",
   "322": "MASCALUCIA",
   "323": "MILITELLO IN VAL DI CATANIA",
   "324": "MILO",
   "325": "MINEO",
   "326": "MIRABELLA IMBACCARI",
   "327": "MISTERBIANCO",
   "328": "MOTTA SANT'ANASTASIA",
   "329": "NICOLOSI",
   "330": "PALAGONIA",
   "331": "PATERNO'",
   "332": "PEDARA",
   "333": "PIEDIMONTE ETNEO",
   "334": "RADDUSA",
   "335": "RAMACCA",
   "336": "RANDAZZO",
   "337": "RIPOSTO",
   "338": "SAN CONO",
   "339": "SAN GIOVANNI LA PUNTA",
   "340": "SAN GREGORIO DI CATANIA",
   "341": "SAN MICHELE DI GANZARIA",
   "342": "SAN PIETRO CLARENZA",
   "343": "SANT'AGATA LI BATTIATI",
   "344": "SANT'ALFIO",
   "345": "SANTA MARIA DI LICODIA",
   "346": "SANTA VENERINA",
   "347": "SCORDIA",
   "348": "TRECASTAGNI",
   "349": "TREMESTIERI ETNEO",
   "350": "VALVERDE",
   "351": "VIAGRANDE",
   "352": "VIZZINI",
   "353": "ZAFFERANA ETNEA",
   "354": "MAZZARRONE",
   "355": "MANIACE",
   "356": "RAGALNA",
   "357": "ACATE",
   "358": "CHIARAMONTE GULFI",
   "359": "COMISO",
   "360": "GIARRATANA",
   "361": "ISPICA",
   "362": "MODICA",
   "363": "MONTEROSSO ALMO",
   "364": "POZZALLO",
   "365": "RAGUSA",
   "366": "SANTA CROCE CAMERINA",
   "367": "SCICLI",
   "368": "VITTORIA",
   "369": "AUGUSTA",
   "370": "AVOLA",
   "371": "BUCCHERI",
   "372": "BUSCEMI",
   "373": "CANICATTINI BAGNI",
   "374": "CARLENTINI",
   "375": "CASSARO",
   "376": "FERLA",
   "377": "FLORIDIA",
   "378": "FRANCOFONTE",
   "379": "LENTINI",
   "380": "MELILLI",
   "381": "NOTO",
   "382": "PACHINO",
   "383": "PALAZZOLO ACREIDE",
   "384": "ROSOLINI",
   "385": "SIRACUSA",
   "386": "SOLARINO",
   "387": "SORTINO",
   "388": "PORTOPALO DI CAPO PASSERO",
   "389": "PRIOLO GARGALLO"
}