{
   "ALCAMO": 0,
   "BUSETO PALIZZOLO": 1,
   "CALATAFIMI": 2,
   "CAMPOBELLO DI MAZARA": 3,
   "CASTELLAMMARE DEL GOLFO": 4,
   "CASTELVETRANO": 5,
   "CUSTONACI": 6,
   "ERICE": 7,
   "FAVIGNANA": 8,
   "GIBELLINA": 9,
   "MARSALA": 10,
   "MAZARA DEL VALLO": 11,
   "PACECO": 12,
   "PANTELLERIA": 13,
   "PARTANNA": 14,
   "POGGIOREALE": 15,
   "SALAPARUTA": 16,
   "SALEMI": 17,
   "SANTA NINFA": 18,
   "SAN VITO LO CAPO": 19,
   "TRAPANI": 20,
   "VALDERICE": 21,
   "VITA": 22,
   "PETROSINO": 23,
   "ALIA": 24,
   "ALIMENA": 25,
   "ALIMINUSA": 26,
   "ALTAVILLA MILICIA": 27,
   "ALTOFONTE": 28,
   "BAGHERIA": 29,
   "BALESTRATE": 30,
   "BAUCINA": 31,
   "BELMONTE MEZZAGNO": 32,
   "BISACQUINO": 33,
   "BOLOGNETTA": 34,
   "BOMPIETRO": 35,
   "BORGETTO": 36,
   "CACCAMO": 37,
   "CALTAVUTURO": 38,
   "CAMPOFELICE DI FITALIA": 39,
   "CAMPOFELICE DI ROCCELLA": 40,
   "CAMPOFIORITO": 41,
   "CAMPOREALE": 42,
   "CAPACI": 43,
   "CARINI": 44,
   "CASTELBUONO": 45,
   "CASTELDACCIA": 46,
   "CASTELLANA SICULA": 47,
   "CASTRONUOVO DI SICILIA": 48,
   "CEFALA' DIANA": 49,
   "CEFALU'": 50,
   "CERDA": 51,
   "CHIUSA SCLAFANI": 52,
   "CIMINNA": 53,
   "CINISI": 54,
   "COLLESANO": 55,
   "CONTESSA ENTELLINA": 56,
   "CORLEONE": 57,
   "FICARAZZI": 58,
   "GANGI": 59,
   "GERACI SICULO": 60,
   "GIARDINELLO": 61,
   "GIULIANA": 62,
   "GODRANO": 63,
   "GRATTERI": 64,
   "ISNELLO": 65,
   "ISOLA DELLE FEMMINE": 66,
   "LASCARI": 67,
   "LERCARA FRIDDI": 68,
   "MARINEO": 69,
   "MEZZOJUSO": 70,
   "MISILMERI": 71,
   "MONREALE": 72,
   "MONTELEPRE": 73,
   "MONTEMAGGIORE BELSITO": 74,
   "PALAZZO ADRIANO": 75,
   "PALERMO": 76,
   "PARTINICO": 77,
   "PETRALIA SOPRANA": 78,
   "PETRALIA SOTTANA": 79,
   "PIANA DEGLI ALBANESI": 80,
   "POLIZZI GENEROSA": 81,
   "POLLINA": 82,
   "PRIZZI": 83,
   "ROCCAMENA": 84,
   "ROCCAPALUMBA": 85,
   "SAN CIPIRELLO": 86,
   "SAN GIUSEPPE JATO": 87,
   "SAN MAURO CASTELVERDE": 88,
   "SANTA CRISTINA GELA": 89,
   "SANTA FLAVIA": 90,
   "SCIARA": 91,
   "SCLAFANI BAGNI": 92,
   "TERMINI IMERESE": 93,
   "TERRASINI": 94,
   "TORRETTA": 95,
   "TRABIA": 96,
   "TRAPPETO": 97,
   "USTICA": 98,
   "VALLEDOLMO": 99,
   "VENTIMIGLIA DI SICILIA": 100,
   "VICARI": 101,
   "VILLABATE": 102,
   "VILLAFRATI": 103,
   "SCILLATO": 104,
   "BLUFI": 105,
   "ALCARA LI FUSI": 106,
   "ALI'": 107,
   "ALI' TERME": 108,
   "ANTILLO": 109,
   "BARCELLONA POZZO DI GOTTO": 110,
   "BASICO'": 111,
   "BROLO": 112,
   "CAPIZZI": 113,
   "CAPO D'ORLANDO": 114,
   "CAPRI LEONE": 115,
   "CARONIA": 116,
   "CASALVECCHIO SICULO": 117,
   "CASTEL DI LUCIO": 118,
   "CASTELL'UMBERTO": 119,
   "CASTELMOLA": 120,
   "CASTROREALE": 121,
   "CESARO'": 122,
   "CONDRO'": 123,
   "FALCONE": 124,
   "FICARRA": 125,
   "FIUMEDINISI": 126,
   "FLORESTA": 127,
   "FONDACHELLI-FANTINA": 128,
   "FORZA D'AGRO'": 129,
   "FRANCAVILLA DI SICILIA": 130,
   "FRAZZANO'": 131,
   "FURCI SICULO": 132,
   "FURNARI": 133,
   "GAGGI": 134,
   "GALATI MAMERTINO": 135,
   "GALLODORO": 136,
   "GIARDINI-NAXOS": 137,
   "GIOIOSA MAREA": 138,
   "GRANITI": 139,
   "GUALTIERI SICAMINO'": 140,
   "ITALA": 141,
   "LENI": 142,
   "LETOJANNI": 143,
   "LIBRIZZI": 144,
   "LIMINA": 145,
   "LIPARI": 146,
   "LONGI": 147,
   "MALFA": 148,
   "MALVAGNA": 149,
   "MANDANICI": 150,
   "MAZZARRA' SANT'ANDREA": 151,
   "MERI'": 152,
   "MESSINA": 153,
   "MILAZZO": 154,
   "MILITELLO ROSMARINO": 155,
   "MIRTO": 156,
   "MISTRETTA": 157,
   "MOIO ALCANTARA": 158,
   "MONFORTE SAN GIORGIO": 159,
   "MONGIUFFI MELIA": 160,
   "MONTAGNAREALE": 161,
   "MONTALBANO ELICONA": 162,
   "MOTTA CAMASTRA": 163,
   "MOTTA D'AFFERMO": 164,
   "NASO": 165,
   "NIZZA DI SICILIA": 166,
   "NOVARA DI SICILIA": 167,
   "OLIVERI": 168,
   "PACE DEL MELA": 169,
   "PAGLIARA": 170,
   "PATTI": 171,
   "PETTINEO": 172,
   "PIRAINO": 173,
   "RACCUJA": 174,
   "REITANO": 175,
   "ROCCAFIORITA": 176,
   "ROCCALUMERA": 177,
   "ROCCAVALDINA": 178,
   "ROCCELLA VALDEMONE": 179,
   "RODI' MILICI": 180,
   "ROMETTA": 181,
   "SAN FILIPPO DEL MELA": 182,
   "SAN FRATELLO": 183,
   "SAN MARCO D'ALUNZIO": 184,
   "SAN PIER NICETO": 185,
   "SAN PIERO PATTI": 186,
   "SAN SALVATORE DI FITALIA": 187,
   "SANTA DOMENICA VITTORIA": 188,
   "SANT'AGATA DI MILITELLO": 189,
   "SANT'ALESSIO SICULO": 190,
   "SANTA LUCIA DEL MELA": 191,
   "SANTA MARINA SALINA": 192,
   "SANT'ANGELO DI BROLO": 193,
   "SANTA TERESA DI RIVA": 194,
   "SAN TEODORO": 195,
   "SANTO STEFANO DI CAMASTRA": 196,
   "SAPONARA": 197,
   "SAVOCA": 198,
   "SCALETTA ZANCLEA": 199,
   "SINAGRA": 200,
   "SPADAFORA": 201,
   "TAORMINA": 202,
   "TORREGROTTA": 203,
   "TORTORICI": 204,
   "TRIPI": 205,
   "TUSA": 206,
   "UCRIA": 207,
   "VALDINA": 208,
   "VENETICO": 209,
   "VILLAFRANCA TIRRENA": 210,
   "TERME VIGLIATORE": 211,
   "ACQUEDOLCI": 212,
   "TORRENOVA": 213,
   "AGRIGENTO": 214,
   "ALESSANDRIA DELLA ROCCA": 215,
   "ARAGONA": 216,
   "BIVONA": 217,
   "BURGIO": 218,
   "CALAMONACI": 219,
   "CALTABELLOTTA": 220,
   "CAMASTRA": 221,
   "CAMMARATA": 222,
   "CAMPOBELLO DI LICATA": 223,
   "CANICATTI'": 224,
   "CASTELTERMINI": 225,
   "CASTROFILIPPO": 226,
   "CATTOLICA ERACLEA": 227,
   "CIANCIANA": 228,
   "COMITINI": 229,
   "FAVARA": 230,
   "GROTTE": 231,
   "JOPPOLO GIANCAXIO": 232,
   "LAMPEDUSA E LINOSA": 233,
   "LICATA": 234,
   "LUCCA SICULA": 235,
   "MENFI": 236,
   "MONTALLEGRO": 237,
   "MONTEVAGO": 238,
   "NARO": 239,
   "PALMA DI MONTECHIARO": 240,
   "PORTO EMPEDOCLE": 241,
   "RACALMUTO": 242,
   "RAFFADALI": 243,
   "RAVANUSA": 244,
   "REALMONTE": 245,
   "RIBERA": 246,
   "SAMBUCA DI SICILIA": 247,
   "SAN BIAGIO PLATANI": 248,
   "SAN GIOVANNI GEMINI": 249,
   "SANTA ELISABETTA": 250,
   "SANTA MARGHERITA DI BELICE": 251,
   "SANT'ANGELO MUXARO": 252,
   "SANTO STEFANO QUISQUINA": 253,
   "SCIACCA": 254,
   "SICULIANA": 255,
   "VILLAFRANCA SICULA": 256,
   "ACQUAVIVA PLATANI": 257,
   "BOMPENSIERE": 258,
   "BUTERA": 259,
   "CALTANISSETTA": 260,
   "CAMPOFRANCO": 261,
   "DELIA": 262,
   "GELA": 263,
   "MARIANOPOLI": 264,
   "MAZZARINO": 265,
   "MILENA": 266,
   "MONTEDORO": 267,
   "MUSSOMELI": 268,
   "NISCEMI": 269,
   "RESUTTANO": 270,
   "RIESI": 271,
   "SAN CATALDO": 272,
   "SANTA CATERINA VILLARMOSA": 273,
   "SERRADIFALCO": 274,
   "SOMMATINO": 275,
   "SUTERA": 276,
   "VALLELUNGA PRATAMENO": 277,
   "VILLALBA": 278,
   "AGIRA": 279,
   "AIDONE": 280,
   "ASSORO": 281,
   "BARRAFRANCA": 282,
   "CALASCIBETTA": 283,
   "CATENANUOVA": 284,
   "CENTURIPE": 285,
   "CERAMI": 286,
   "ENNA": 287,
   "GAGLIANO CASTELFERRATO": 288,
   "LEONFORTE": 289,
   "NICOSIA": 290,
   "NISSORIA": 291,
   "PIAZZA ARMERINA": 292,
   "PIETRAPERZIA": 293,
   "REGALBUTO": 294,
   "SPERLINGA": 295,
   "TROINA": 296,
   "VALGUARNERA CAROPEPE": 297,
   "VILLAROSA": 298,
   "ACI BONACCORSI": 299,
   "ACI CASTELLO": 300,
   "ACI CATENA": 301,
   "ACIREALE": 302,
   "ACI SANT'ANTONIO": 303,
   "ADRANO": 304,
   "BELPASSO": 305,
   "BIANCAVILLA": 306,
   "BRONTE": 307,
   "CALATABIANO": 308,
   "CALTAGIRONE": 309,
   "CAMPOROTONDO ETNEO": 310,
   "CASTEL DI IUDICA": 311,
   "CASTIGLIONE DI SICILIA": 312,
   "CATANIA": 313,
   "FIUMEFREDDO DI SICILIA": 314,
   "GIARRE": 315,
   "GRAMMICHELE": 316,
   "GRAVINA DI CATANIA": 317,
   "LICODIA EUBEA": 318,
   "LINGUAGLOSSA": 319,
   "MALETTO": 320,
   "MASCALI": 321,
   "MASCALUCIA": 322,
   "MILITELLO IN VAL DI CATANIA": 323,
   "MILO": 324,
   "MINEO": 325,
   "MIRABELLA IMBACCARI": 326,
   "MISTERBIANCO": 327,
   "MOTTA SANT'ANASTASIA": 328,
   "NICOLOSI": 329,
   "PALAGONIA": 330,
   "PATERNO'": 331,
   "PEDARA": 332,
   "PIEDIMONTE ETNEO": 333,
   "RADDUSA": 334,
   "RAMACCA": 335,
   "RANDAZZO": 336,
   "RIPOSTO": 337,
   "SAN CONO": 338,
   "SAN GIOVANNI LA PUNTA": 339,
   "SAN GREGORIO DI CATANIA": 340,
   "SAN MICHELE DI GANZARIA": 341,
   "SAN PIETRO CLARENZA": 342,
   "SANT'AGATA LI BATTIATI": 343,
   "SANT'ALFIO": 344,
   "SANTA MARIA DI LICODIA": 345,
   "SANTA VENERINA": 346,
   "SCORDIA": 347,
   "TRECASTAGNI": 348,
   "TREMESTIERI ETNEO": 349,
   "VALVERDE": 350,
   "VIAGRANDE": 351,
   "VIZZINI": 352,
   "ZAFFERANA ETNEA": 353,
   "MAZZARRONE": 354,
   "MANIACE": 355,
   "RAGALNA": 356,
   "ACATE": 357,
   "CHIARAMONTE GULFI": 358,
   "COMISO": 359,
   "GIARRATANA": 360,
   "ISPICA": 361,
   "MODICA": 362,
   "MONTEROSSO ALMO": 363,
   "POZZALLO": 364,
   "RAGUSA": 365,
   "SANTA CROCE CAMERINA": 366,
   "SCICLI": 367,
   "VITTORIA": 368,
   "AUGUSTA": 369,
   "AVOLA": 370,
   "BUCCHERI": 371,
   "BUSCEMI": 372,
   "CANICATTINI BAGNI": 373,
   "CARLENTINI": 374,
   "CASSARO": 375,
   "FERLA": 376,
   "FLORIDIA": 377,
   "FRANCOFONTE": 378,
   "LENTINI": 379,
   "MELILLI": 380,
   "NOTO": 381,
   "PACHINO": 382,
   "PALAZZOLO ACREIDE": 383,
   "ROSOLINI": 384,
   "SIRACUSA": 385,
   "SOLARINO": 386,
   "SORTINO": 387,
   "PORTOPALO DI CAPO PASSERO": 388,
   "PRIOLO GARGALLO": 389
}