{
   "0": "ACQUAPENDENTE",
   "1": "ARLENA DI CASTRO",
   "2": "BAGNOREGIO",
   "3": "BARBARANO ROMANO",
   "4": "BASSANO ROMANO",
   "5": "BASSANO IN TEVERINA",
   "6": "BLERA",
   "7": "BOLSENA",
   "8": "BOMARZO",
   "9": "CALCATA",
   "10": "CANEPINA",
   "11": "CANINO",
   "12": "CAPODIMONTE",
   "13": "CAPRANICA",
   "14": "CAPRAROLA",
   "15": "CARBOGNANO",
   "16": "CASTEL SANT'ELIA",
   "17": "CASTIGLIONE IN TEVERINA",
   "18": "CELLENO",
   "19": "CELLERE",
   "20": "CIVITA CASTELLANA",
   "21": "CIVITELLA D'AGLIANO",
   "22": "CORCHIANO",
   "23": "FABRICA DI ROMA",
   "24": "FALERIA",
   "25": "FARNESE",
   "26": "GALLESE",
   "27": "GRADOLI",
   "28": "GRAFFIGNANO",
   "29": "GROTTE DI CASTRO",
   "30": "ISCHIA DI CASTRO",
   "31": "LATERA",
   "32": "LUBRIANO",
   "33": "MARTA",
   "34": "MONTALTO DI CASTRO",
   "35": "MONTEFIASCONE",
   "36": "MONTE ROMANO",
   "37": "MONTEROSI",
   "38": "NEPI",
   "39": "ONANO",
   "40": "ORIOLO ROMANO",
   "41": "ORTE",
   "42": "PIANSANO",
   "43": "PROCENO",
   "44": "RONCIGLIONE",
   "45": "VILLA SAN GIOVANNI IN TUSCIA",
   "46": "SAN LORENZO NUOVO",
   "47": "SORIANO NEL CIMINO",
   "48": "SUTRI",
   "49": "TARQUINIA",
   "50": "TESSENNANO",
   "51": "TUSCANIA",
   "52": "VALENTANO",
   "53": "VALLERANO",
   "54": "VASANELLO",
   "55": "VEJANO",
   "56": "VETRALLA",
   "57": "VIGNANELLO",
   "58": "VITERBO",
   "59": "VITORCHIANO",
   "60": "ACCUMOLI",
   "61": "AMATRICE",
   "62": "ANTRODOCO",
   "63": "ASCREA",
   "64": "BELMONTE IN SABINA",
   "65": "BORBONA",
   "66": "BORGOROSE",
   "67": "BORGO VELINO",
   "68": "CANTALICE",
   "69": "CANTALUPO IN SABINA",
   "70": "CASAPROTA",
   "71": "CASPERIA",
   "72": "CASTEL DI TORA",
   "73": "CASTELNUOVO DI FARFA",
   "74": "CASTEL SANT'ANGELO",
   "75": "CITTADUCALE",
   "76": "CITTAREALE",
   "77": "COLLALTO SABINO",
   "78": "COLLE DI TORA",
   "79": "COLLEGIOVE",
   "80": "COLLEVECCHIO",
   "81": "COLLI SUL VELINO",
   "82": "CONCERVIANO",
   "83": "CONFIGNI",
   "84": "CONTIGLIANO",
   "85": "COTTANELLO",
   "86": "FARA IN SABINA",
   "87": "FIAMIGNANO",
   "88": "FORANO",
   "89": "FRASSO SABINO",
   "90": "GRECCIO",
   "91": "LABRO",
   "92": "LEONESSA",
   "93": "LONGONE SABINO",
   "94": "MAGLIANO SABINA",
   "95": "MARCETELLI",
   "96": "MICIGLIANO",
   "97": "MOMPEO",
   "98": "MONTASOLA",
   "99": "MONTEBUONO",
   "100": "MONTELEONE SABINO",
   "101": "MONTENERO SABINO",
   "102": "MONTE SAN GIOVANNI IN SABINA",
   "103": "MONTOPOLI DI SABINA",
   "104": "MORRO REATINO",
   "105": "NESPOLO",
   "106": "ORVINIO",
   "107": "PAGANICO",
   "108": "PESCOROCCHIANO",
   "109": "PETRELLA SALTO",
   "110": "POGGIO BUSTONE",
   "111": "POGGIO CATINO",
   "112": "POGGIO MIRTETO",
   "113": "POGGIO MOIANO",
   "114": "POGGIO NATIVO",
   "115": "POGGIO SAN LORENZO",
   "116": "POSTA",
   "117": "POZZAGLIA SABINA",
   "118": "RIETI",
   "119": "RIVODUTRI",
   "120": "ROCCANTICA",
   "121": "ROCCA SINIBALDA",
   "122": "SALISANO",
   "123": "SCANDRIGLIA",
   "124": "SELCI",
   "125": "STIMIGLIANO",
   "126": "TARANO",
   "127": "TOFFIA",
   "128": "TORRICELLA IN SABINA",
   "129": "TORRI IN SABINA",
   "130": "TURANIA",
   "131": "VACONE",
   "132": "VARCO SABINO",
   "133": "AFFILE",
   "134": "AGOSTA",
   "135": "ALBANO LAZIALE",
   "136": "ALLUMIERE",
   "137": "ANGUILLARA SABAZIA",
   "138": "ANTICOLI CORRADO",
   "139": "ANZIO",
   "140": "ARCINAZZO ROMANO",
   "141": "ARICCIA",
   "142": "ARSOLI",
   "143": "ARTENA",
   "144": "BELLEGRA",
   "145": "BRACCIANO",
   "146": "CAMERATA NUOVA",
   "147": "CAMPAGNANO DI ROMA",
   "148": "CANALE MONTERANO",
   "149": "CANTERANO",
   "150": "CAPENA",
   "151": "CAPRANICA PRENESTINA",
   "152": "CARPINETO ROMANO",
   "153": "CASAPE",
   "154": "CASTEL GANDOLFO",
   "155": "CASTEL MADAMA",
   "156": "CASTELNUOVO DI PORTO",
   "157": "CASTEL SAN PIETRO ROMANO",
   "158": "CAVE",
   "159": "CERRETO LAZIALE",
   "160": "CERVARA DI ROMA",
   "161": "CERVETERI",
   "162": "CICILIANO",
   "163": "CINETO ROMANO",
   "164": "CIVITAVECCHIA",
   "165": "CIVITELLA SAN PAOLO",
   "166": "COLLEFERRO",
   "167": "COLONNA",
   "168": "FIANO ROMANO",
   "169": "FILACCIANO",
   "170": "FORMELLO",
   "171": "FRASCATI",
   "172": "GALLICANO NEL LAZIO",
   "173": "GAVIGNANO",
   "174": "GENAZZANO",
   "175": "GENZANO DI ROMA",
   "176": "GERANO",
   "177": "GORGA",
   "178": "GROTTAFERRATA",
   "179": "GUIDONIA MONTECELIO",
   "180": "JENNE",
   "181": "LABICO",
   "182": "LANUVIO",
   "183": "LICENZA",
   "184": "MAGLIANO ROMANO",
   "185": "MANDELA",
   "186": "MANZIANA",
   "187": "MARANO EQUO",
   "188": "MARCELLINA",
   "189": "MARINO",
   "190": "MAZZANO ROMANO",
   "191": "MENTANA",
   "192": "MONTECOMPATRI",
   "193": "MONTEFLAVIO",
   "194": "MONTELANICO",
   "195": "MONTELIBRETTI",
   "196": "MONTE PORZIO CATONE",
   "197": "MONTEROTONDO",
   "198": "MONTORIO ROMANO",
   "199": "MORICONE",
   "200": "MORLUPO",
   "201": "NAZZANO",
   "202": "NEMI",
   "203": "NEROLA",
   "204": "NETTUNO",
   "205": "OLEVANO ROMANO",
   "206": "PALESTRINA",
   "207": "PALOMBARA SABINA",
   "208": "PERCILE",
   "209": "PISONIANO",
   "210": "POLI",
   "211": "POMEZIA",
   "212": "PONZANO ROMANO",
   "213": "RIANO",
   "214": "RIGNANO FLAMINIO",
   "215": "RIOFREDDO",
   "216": "ROCCA CANTERANO",
   "217": "ROCCA DI CAVE",
   "218": "ROCCA DI PAPA",
   "219": "ROCCAGIOVINE",
   "220": "ROCCA PRIORA",
   "221": "ROCCA SANTO STEFANO",
   "222": "ROIATE",
   "223": "ROMA",
   "224": "ROVIANO",
   "225": "SACROFANO",
   "226": "SAMBUCI",
   "227": "SAN GREGORIO DA SASSOLA",
   "228": "SAN POLO DEI CAVALIERI",
   "229": "SANTA MARINELLA",
   "230": "SANT'ANGELO ROMANO",
   "231": "SANT'ORESTE",
   "232": "SAN VITO ROMANO",
   "233": "SARACINESCO",
   "234": "SEGNI",
   "235": "SUBIACO",
   "236": "TIVOLI",
   "237": "TOLFA",
   "238": "TORRITA TIBERINA",
   "239": "TREVIGNANO ROMANO",
   "240": "VALLEPIETRA",
   "241": "VALLINFREDA",
   "242": "VALMONTONE",
   "243": "VELLETRI",
   "244": "VICOVARO",
   "245": "VIVARO ROMANO",
   "246": "ZAGAROLO",
   "247": "LARIANO",
   "248": "LADISPOLI",
   "249": "ARDEA",
   "250": "CIAMPINO",
   "251": "SAN CESAREO",
   "252": "APRILIA",
   "253": "BASSIANO",
   "254": "CAMPODIMELE",
   "255": "CASTELFORTE",
   "256": "CISTERNA DI LATINA",
   "257": "CORI",
   "258": "FONDI",
   "259": "FORMIA",
   "260": "GAETA",
   "261": "ITRI",
   "262": "LATINA",
   "263": "LENOLA",
   "264": "MAENZA",
   "265": "MINTURNO",
   "266": "MONTE SAN BIAGIO",
   "267": "NORMA",
   "268": "PONTINIA",
   "269": "PONZA",
   "270": "PRIVERNO",
   "271": "PROSSEDI",
   "272": "ROCCAGORGA",
   "273": "ROCCA MASSIMA",
   "274": "ROCCASECCA DEI VOLSCI",
   "275": "SABAUDIA",
   "276": "SAN FELICE CIRCEO",
   "277": "SANTI COSMA E DAMIANO",
   "278": "SERMONETA",
   "279": "SEZZE",
   "280": "SONNINO",
   "281": "SPERLONGA",
   "282": "SPIGNO SATURNIA",
   "283": "TERRACINA",
   "284": "VENTOTENE",
   "285": "ACQUAFONDATA",
   "286": "ACUTO",
   "287": "ALATRI",
   "288": "ALVITO",
   "289": "AMASENO",
   "290": "ANAGNI",
   "291": "AQUINO",
   "292": "ARCE",
   "293": "ARNARA",
   "294": "ARPINO",
   "295": "ATINA",
   "296": "AUSONIA",
   "297": "BELMONTE CASTELLO",
   "298": "BOVILLE ERNICA",
   "299": "BROCCOSTELLA",
   "300": "CAMPOLI APPENNINO",
   "301": "CASALATTICO",
   "302": "CASALVIERI",
   "303": "CASSINO",
   "304": "CASTELLIRI",
   "305": "CASTELNUOVO PARANO",
   "306": "CASTROCIELO",
   "307": "CASTRO DEI VOLSCI",
   "308": "CECCANO",
   "309": "CEPRANO",
   "310": "CERVARO",
   "311": "COLFELICE",
   "312": "COLLEPARDO",
   "313": "COLLE SAN MAGNO",
   "314": "CORENO AUSONIO",
   "315": "ESPERIA",
   "316": "FALVATERRA",
   "317": "FERENTINO",
   "318": "FILETTINO",
   "319": "FIUGGI",
   "320": "FONTANA LIRI",
   "321": "FONTECHIARI",
   "322": "FROSINONE",
   "323": "FUMONE",
   "324": "GALLINARO",
   "325": "GIULIANO DI ROMA",
   "326": "GUARCINO",
   "327": "ISOLA DEL LIRI",
   "328": "MONTE SAN GIOVANNI CAMPANO",
   "329": "MOROLO",
   "330": "PALIANO",
   "331": "PASTENA",
   "332": "PATRICA",
   "333": "PESCOSOLIDO",
   "334": "PICINISCO",
   "335": "PICO",
   "336": "PIEDIMONTE SAN GERMANO",
   "337": "PIGLIO",
   "338": "PIGNATARO INTERAMNA",
   "339": "POFI",
   "340": "PONTECORVO",
   "341": "POSTA FIBRENO",
   "342": "RIPI",
   "343": "ROCCA D'ARCE",
   "344": "ROCCASECCA",
   "345": "SAN BIAGIO SARACINISCO",
   "346": "SAN DONATO VAL DI COMINO",
   "347": "SAN GIORGIO A LIRI",
   "348": "SAN GIOVANNI INCARICO",
   "349": "SANT'AMBROGIO SUL GARIGLIANO",
   "350": "SANT'ANDREA DEL GARIGLIANO",
   "351": "SANT'APOLLINARE",
   "352": "SANT'ELIA FIUMERAPIDO",
   "353": "SANTOPADRE",
   "354": "SAN VITTORE DEL LAZIO",
   "355": "SERRONE",
   "356": "SETTEFRATI",
   "357": "SGURGOLA",
   "358": "SORA",
   "359": "STRANGOLAGALLI",
   "360": "SUPINO",
   "361": "TERELLE",
   "362": "TORRE CAJETANI",
   "363": "TORRICE",
   "364": "TREVI NEL LAZIO",
   "365": "TRIVIGLIANO",
   "366": "VALLECORSA",
   "367": "VALLEMAIO",
   "368": "VALLEROTONDA",
   "369": "VEROLI",
   "370": "VICALVI",
   "371": "VICO NEL LAZIO",
   "372": "VILLA LATINA",
   "373": "VILLA SANTA LUCIA",
   "374": "VILLA SANTO STEFANO",
   "375": "VITICUSO"
}