{
   "ACQUAPENDENTE": 0,
   "ARLENA DI CASTRO": 1,
   "BAGNOREGIO": 2,
   "BARBARANO ROMANO": 3,
   "BASSANO ROMANO": 4,
   "BASSANO IN TEVERINA": 5,
   "BLERA": 6,
   "BOLSENA": 7,
   "BOMARZO": 8,
   "CALCATA": 9,
   "CANEPINA": 10,
   "CANINO": 11,
   "CAPODIMONTE": 12,
   "CAPRANICA": 13,
   "CAPRAROLA": 14,
   "CARBOGNANO": 15,
   "CASTEL SANT'ELIA": 16,
   "CASTIGLIONE IN TEVERINA": 17,
   "CELLENO": 18,
   "CELLERE": 19,
   "CIVITA CASTELLANA": 20,
   "CIVITELLA D'AGLIANO": 21,
   "CORCHIANO": 22,
   "FABRICA DI ROMA": 23,
   "FALERIA": 24,
   "FARNESE": 25,
   "GALLESE": 26,
   "GRADOLI": 27,
   "GRAFFIGNANO": 28,
   "GROTTE DI CASTRO": 29,
   "ISCHIA DI CASTRO": 30,
   "LATERA": 31,
   "LUBRIANO": 32,
   "MARTA": 33,
   "MONTALTO DI CASTRO": 34,
   "MONTEFIASCONE": 35,
   "MONTE ROMANO": 36,
   "MONTEROSI": 37,
   "NEPI": 38,
   "ONANO": 39,
   "ORIOLO ROMANO": 40,
   "ORTE": 41,
   "PIANSANO": 42,
   "PROCENO": 43,
   "RONCIGLIONE": 44,
   "VILLA SAN GIOVANNI IN TUSCIA": 45,
   "SAN LORENZO NUOVO": 46,
   "SORIANO NEL CIMINO": 47,
   "SUTRI": 48,
   "TARQUINIA": 49,
   "TESSENNANO": 50,
   "TUSCANIA": 51,
   "VALENTANO": 52,
   "VALLERANO": 53,
   "VASANELLO": 54,
   "VEJANO": 55,
   "VETRALLA": 56,
   "VIGNANELLO": 57,
   "VITERBO": 58,
   "VITORCHIANO": 59,
   "ACCUMOLI": 60,
   "AMATRICE": 61,
   "ANTRODOCO": 62,
   "ASCREA": 63,
   "BELMONTE IN SABINA": 64,
   "BORBONA": 65,
   "BORGOROSE": 66,
   "BORGO VELINO": 67,
   "CANTALICE": 68,
   "CANTALUPO IN SABINA": 69,
   "CASAPROTA": 70,
   "CASPERIA": 71,
   "CASTEL DI TORA": 72,
   "CASTELNUOVO DI FARFA": 73,
   "CASTEL SANT'ANGELO": 74,
   "CITTADUCALE": 75,
   "CITTAREALE": 76,
   "COLLALTO SABINO": 77,
   "COLLE DI TORA": 78,
   "COLLEGIOVE": 79,
   "COLLEVECCHIO": 80,
   "COLLI SUL VELINO": 81,
   "CONCERVIANO": 82,
   "CONFIGNI": 83,
   "CONTIGLIANO": 84,
   "COTTANELLO": 85,
   "FARA IN SABINA": 86,
   "FIAMIGNANO": 87,
   "FORANO": 88,
   "FRASSO SABINO": 89,
   "GRECCIO": 90,
   "LABRO": 91,
   "LEONESSA": 92,
   "LONGONE SABINO": 93,
   "MAGLIANO SABINA": 94,
   "MARCETELLI": 95,
   "MICIGLIANO": 96,
   "MOMPEO": 97,
   "MONTASOLA": 98,
   "MONTEBUONO": 99,
   "MONTELEONE SABINO": 100,
   "MONTENERO SABINO": 101,
   "MONTE SAN GIOVANNI IN SABINA": 102,
   "MONTOPOLI DI SABINA": 103,
   "MORRO REATINO": 104,
   "NESPOLO": 105,
   "ORVINIO": 106,
   "PAGANICO": 107,
   "PESCOROCCHIANO": 108,
   "PETRELLA SALTO": 109,
   "POGGIO BUSTONE": 110,
   "POGGIO CATINO": 111,
   "POGGIO MIRTETO": 112,
   "POGGIO MOIANO": 113,
   "POGGIO NATIVO": 114,
   "POGGIO SAN LORENZO": 115,
   "POSTA": 116,
   "POZZAGLIA SABINA": 117,
   "RIETI": 118,
   "RIVODUTRI": 119,
   "ROCCANTICA": 120,
   "ROCCA SINIBALDA": 121,
   "SALISANO": 122,
   "SCANDRIGLIA": 123,
   "SELCI": 124,
   "STIMIGLIANO": 125,
   "TARANO": 126,
   "TOFFIA": 127,
   "TORRICELLA IN SABINA": 128,
   "TORRI IN SABINA": 129,
   "TURANIA": 130,
   "VACONE": 131,
   "VARCO SABINO": 132,
   "AFFILE": 133,
   "AGOSTA": 134,
   "ALBANO LAZIALE": 135,
   "ALLUMIERE": 136,
   "ANGUILLARA SABAZIA": 137,
   "ANTICOLI CORRADO": 138,
   "ANZIO": 139,
   "ARCINAZZO ROMANO": 140,
   "ARICCIA": 141,
   "ARSOLI": 142,
   "ARTENA": 143,
   "BELLEGRA": 144,
   "BRACCIANO": 145,
   "CAMERATA NUOVA": 146,
   "CAMPAGNANO DI ROMA": 147,
   "CANALE MONTERANO": 148,
   "CANTERANO": 149,
   "CAPENA": 150,
   "CAPRANICA PRENESTINA": 151,
   "CARPINETO ROMANO": 152,
   "CASAPE": 153,
   "CASTEL GANDOLFO": 154,
   "CASTEL MADAMA": 155,
   "CASTELNUOVO DI PORTO": 156,
   "CASTEL SAN PIETRO ROMANO": 157,
   "CAVE": 158,
   "CERRETO LAZIALE": 159,
   "CERVARA DI ROMA": 160,
   "CERVETERI": 161,
   "CICILIANO": 162,
   "CINETO ROMANO": 163,
   "CIVITAVECCHIA": 164,
   "CIVITELLA SAN PAOLO": 165,
   "COLLEFERRO": 166,
   "COLONNA": 167,
   "FIANO ROMANO": 168,
   "FILACCIANO": 169,
   "FORMELLO": 170,
   "FRASCATI": 171,
   "GALLICANO NEL LAZIO": 172,
   "GAVIGNANO": 173,
   "GENAZZANO": 174,
   "GENZANO DI ROMA": 175,
   "GERANO": 176,
   "GORGA": 177,
   "GROTTAFERRATA": 178,
   "GUIDONIA MONTECELIO": 179,
   "JENNE": 180,
   "LABICO": 181,
   "LANUVIO": 182,
   "LICENZA": 183,
   "MAGLIANO ROMANO": 184,
   "MANDELA": 185,
   "MANZIANA": 186,
   "MARANO EQUO": 187,
   "MARCELLINA": 188,
   "MARINO": 189,
   "MAZZANO ROMANO": 190,
   "MENTANA": 191,
   "MONTECOMPATRI": 192,
   "MONTEFLAVIO": 193,
   "MONTELANICO": 194,
   "MONTELIBRETTI": 195,
   "MONTE PORZIO CATONE": 196,
   "MONTEROTONDO": 197,
   "MONTORIO ROMANO": 198,
   "MORICONE": 199,
   "MORLUPO": 200,
   "NAZZANO": 201,
   "NEMI": 202,
   "NEROLA": 203,
   "NETTUNO": 204,
   "OLEVANO ROMANO": 205,
   "PALESTRINA": 206,
   "PALOMBARA SABINA": 207,
   "PERCILE": 208,
   "PISONIANO": 209,
   "POLI": 210,
   "POMEZIA": 211,
   "PONZANO ROMANO": 212,
   "RIANO": 213,
   "RIGNANO FLAMINIO": 214,
   "RIOFREDDO": 215,
   "ROCCA CANTERANO": 216,
   "ROCCA DI CAVE": 217,
   "ROCCA DI PAPA": 218,
   "ROCCAGIOVINE": 219,
   "ROCCA PRIORA": 220,
   "ROCCA SANTO STEFANO": 221,
   "ROIATE": 222,
   "ROMA": 223,
   "ROVIANO": 224,
   "SACROFANO": 225,
   "SAMBUCI": 226,
   "SAN GREGORIO DA SASSOLA": 227,
   "SAN POLO DEI CAVALIERI": 228,
   "SANTA MARINELLA": 229,
   "SANT'ANGELO ROMANO": 230,
   "SANT'ORESTE": 231,
   "SAN VITO ROMANO": 232,
   "SARACINESCO": 233,
   "SEGNI": 234,
   "SUBIACO": 235,
   "TIVOLI": 236,
   "TOLFA": 237,
   "TORRITA TIBERINA": 238,
   "TREVIGNANO ROMANO": 239,
   "VALLEPIETRA": 240,
   "VALLINFREDA": 241,
   "VALMONTONE": 242,
   "VELLETRI": 243,
   "VICOVARO": 244,
   "VIVARO ROMANO": 245,
   "ZAGAROLO": 246,
   "LARIANO": 247,
   "LADISPOLI": 248,
   "ARDEA": 249,
   "CIAMPINO": 250,
   "SAN CESAREO": 251,
   "APRILIA": 252,
   "BASSIANO": 253,
   "CAMPODIMELE": 254,
   "CASTELFORTE": 255,
   "CISTERNA DI LATINA": 256,
   "CORI": 257,
   "FONDI": 258,
   "FORMIA": 259,
   "GAETA": 260,
   "ITRI": 261,
   "LATINA": 262,
   "LENOLA": 263,
   "MAENZA": 264,
   "MINTURNO": 265,
   "MONTE SAN BIAGIO": 266,
   "NORMA": 267,
   "PONTINIA": 268,
   "PONZA": 269,
   "PRIVERNO": 270,
   "PROSSEDI": 271,
   "ROCCAGORGA": 272,
   "ROCCA MASSIMA": 273,
   "ROCCASECCA DEI VOLSCI": 274,
   "SABAUDIA": 275,
   "SAN FELICE CIRCEO": 276,
   "SANTI COSMA E DAMIANO": 277,
   "SERMONETA": 278,
   "SEZZE": 279,
   "SONNINO": 280,
   "SPERLONGA": 281,
   "SPIGNO SATURNIA": 282,
   "TERRACINA": 283,
   "VENTOTENE": 284,
   "ACQUAFONDATA": 285,
   "ACUTO": 286,
   "ALATRI": 287,
   "ALVITO": 288,
   "AMASENO": 289,
   "ANAGNI": 290,
   "AQUINO": 291,
   "ARCE": 292,
   "ARNARA": 293,
   "ARPINO": 294,
   "ATINA": 295,
   "AUSONIA": 296,
   "BELMONTE CASTELLO": 297,
   "BOVILLE ERNICA": 298,
   "BROCCOSTELLA": 299,
   "CAMPOLI APPENNINO": 300,
   "CASALATTICO": 301,
   "CASALVIERI": 302,
   "CASSINO": 303,
   "CASTELLIRI": 304,
   "CASTELNUOVO PARANO": 305,
   "CASTROCIELO": 306,
   "CASTRO DEI VOLSCI": 307,
   "CECCANO": 308,
   "CEPRANO": 309,
   "CERVARO": 310,
   "COLFELICE": 311,
   "COLLEPARDO": 312,
   "COLLE SAN MAGNO": 313,
   "CORENO AUSONIO": 314,
   "ESPERIA": 315,
   "FALVATERRA": 316,
   "FERENTINO": 317,
   "FILETTINO": 318,
   "FIUGGI": 319,
   "FONTANA LIRI": 320,
   "FONTECHIARI": 321,
   "FROSINONE": 322,
   "FUMONE": 323,
   "GALLINARO": 324,
   "GIULIANO DI ROMA": 325,
   "GUARCINO": 326,
   "ISOLA DEL LIRI": 327,
   "MONTE SAN GIOVANNI CAMPANO": 328,
   "MOROLO": 329,
   "PALIANO": 330,
   "PASTENA": 331,
   "PATRICA": 332,
   "PESCOSOLIDO": 333,
   "PICINISCO": 334,
   "PICO": 335,
   "PIEDIMONTE SAN GERMANO": 336,
   "PIGLIO": 337,
   "PIGNATARO INTERAMNA": 338,
   "POFI": 339,
   "PONTECORVO": 340,
   "POSTA FIBRENO": 341,
   "RIPI": 342,
   "ROCCA D'ARCE": 343,
   "ROCCASECCA": 344,
   "SAN BIAGIO SARACINISCO": 345,
   "SAN DONATO VAL DI COMINO": 346,
   "SAN GIORGIO A LIRI": 347,
   "SAN GIOVANNI INCARICO": 348,
   "SANT'AMBROGIO SUL GARIGLIANO": 349,
   "SANT'ANDREA DEL GARIGLIANO": 350,
   "SANT'APOLLINARE": 351,
   "SANT'ELIA FIUMERAPIDO": 352,
   "SANTOPADRE": 353,
   "SAN VITTORE DEL LAZIO": 354,
   "SERRONE": 355,
   "SETTEFRATI": 356,
   "SGURGOLA": 357,
   "SORA": 358,
   "STRANGOLAGALLI": 359,
   "SUPINO": 360,
   "TERELLE": 361,
   "TORRE CAJETANI": 362,
   "TORRICE": 363,
   "TREVI NEL LAZIO": 364,
   "TRIVIGLIANO": 365,
   "VALLECORSA": 366,
   "VALLEMAIO": 367,
   "VALLEROTONDA": 368,
   "VEROLI": 369,
   "VICALVI": 370,
   "VICO NEL LAZIO": 371,
   "VILLA LATINA": 372,
   "VILLA SANTA LUCIA": 373,
   "VILLA SANTO STEFANO": 374,
   "VITICUSO": 375
}