{
   "0": "AIELLO DEL FRIULI",
   "1": "AMARO",
   "2": "AMPEZZO",
   "3": "AQUILEIA",
   "4": "ARTA TERME",
   "5": "ARTEGNA",
   "6": "ATTIMIS",
   "7": "BAGNARIA ARSA",
   "8": "BASILIANO",
   "9": "BERTIOLO",
   "10": "BICINICCO",
   "11": "BORDANO",
   "12": "BUIA",
   "13": "BUTTRIO",
   "14": "CAMINO AL TAGLIAMENTO",
   "15": "CAMPOFORMIDO",
   "16": "CAMPOLONGO AL TORRE",
   "17": "CARLINO",
   "18": "CASSACCO",
   "19": "CASTIONS DI STRADA",
   "20": "CAVAZZO CARNICO",
   "21": "CERCIVENTO",
   "22": "CERVIGNANO DEL FRIULI",
   "23": "CHIOPRIS-VISCONE",
   "24": "CHIUSAFORTE",
   "25": "CIVIDALE DEL FRIULI",
   "26": "CODROIPO",
   "27": "COLLOREDO DI MONTE ALBANO",
   "28": "COMEGLIANS",
   "29": "CORNO DI ROSAZZO",
   "30": "COSEANO",
   "31": "DIGNANO",
   "32": "DOGNA",
   "33": "DRENCHIA",
   "34": "ENEMONZO",
   "35": "FAEDIS",
   "36": "FAGAGNA",
   "37": "FIUMICELLO",
   "38": "FLAIBANO",
   "39": "FORNI AVOLTRI",
   "40": "FORNI DI SOPRA",
   "41": "FORNI DI SOTTO",
   "42": "GEMONA DEL FRIULI",
   "43": "GONARS",
   "44": "GRIMACCO",
   "45": "LATISANA",
   "46": "LAUCO",
   "47": "LESTIZZA",
   "48": "LIGNANO SABBIADORO",
   "49": "LIGOSULLO",
   "50": "LUSEVERA",
   "51": "MAGNANO IN RIVIERA",
   "52": "MAJANO",
   "53": "MALBORGHETTO VALBRUNA",
   "54": "MANZANO",
   "55": "MARANO LAGUNARE",
   "56": "MARTIGNACCO",
   "57": "MERETO DI TOMBA",
   "58": "MOGGIO UDINESE",
   "59": "MOIMACCO",
   "60": "MONTENARS",
   "61": "MORTEGLIANO",
   "62": "MORUZZO",
   "63": "MUZZANA DEL TURGNANO",
   "64": "NIMIS",
   "65": "OSOPPO",
   "66": "OVARO",
   "67": "PAGNACCO",
   "68": "PALAZZOLO DELLO STELLA",
   "69": "PALMANOVA",
   "70": "PALUZZA",
   "71": "PASIAN DI PRATO",
   "72": "PAULARO",
   "73": "PAVIA DI UDINE",
   "74": "POCENIA",
   "75": "PONTEBBA",
   "76": "PORPETTO",
   "77": "POVOLETTO",
   "78": "POZZUOLO DEL FRIULI",
   "79": "PRADAMANO",
   "80": "PRATO CARNICO",
   "81": "PRECENICCO",
   "82": "PREMARIACCO",
   "83": "PREONE",
   "84": "PREPOTTO",
   "85": "PULFERO",
   "86": "RAGOGNA",
   "87": "RAVASCLETTO",
   "88": "RAVEO",
   "89": "REANA DEL ROIALE",
   "90": "REMANZACCO",
   "91": "RESIA",
   "92": "RESIUTTA",
   "93": "RIGOLATO",
   "94": "RIVE D'ARCANO",
   "95": "RIVIGNANO",
   "96": "RONCHIS",
   "97": "RUDA",
   "98": "SAN DANIELE DEL FRIULI",
   "99": "SAN GIORGIO DI NOGARO",
   "100": "SAN GIOVANNI AL NATISONE",
   "101": "SAN LEONARDO",
   "102": "SAN PIETRO AL NATISONE",
   "103": "SANTA MARIA LA LONGA",
   "104": "SAN VITO AL TORRE",
   "105": "SAN VITO DI FAGAGNA",
   "106": "SAURIS",
   "107": "SAVOGNA",
   "108": "SEDEGLIANO",
   "109": "SOCCHIEVE",
   "110": "STREGNA",
   "111": "SUTRIO",
   "112": "TAIPANA",
   "113": "TALMASSONS",
   "114": "TAPOGLIANO",
   "115": "TARCENTO",
   "116": "TARVISIO",
   "117": "TAVAGNACCO",
   "118": "TEOR",
   "119": "TERZO D'AQUILEIA",
   "120": "TOLMEZZO",
   "121": "TORREANO",
   "122": "TORVISCOSA",
   "123": "TRASAGHIS",
   "124": "TREPPO CARNICO",
   "125": "TREPPO GRANDE",
   "126": "TRICESIMO",
   "127": "TRIVIGNANO UDINESE",
   "128": "UDINE",
   "129": "VARMO",
   "130": "VENZONE",
   "131": "VERZEGNIS",
   "132": "VILLA SANTINA",
   "133": "VILLA VICENTINA",
   "134": "VISCO",
   "135": "ZUGLIO",
   "136": "FORGARIA NEL FRIULI",
   "137": "CAPRIVA DEL FRIULI",
   "138": "CORMONS",
   "139": "DOBERDO' DEL LAGO",
   "140": "DOLEGNA DEL COLLIO",
   "141": "FARRA D'ISONZO",
   "142": "FOGLIANO REDIPUGLIA",
   "143": "GORIZIA",
   "144": "GRADISCA D'ISONZO",
   "145": "GRADO",
   "146": "MARIANO DEL FRIULI",
   "147": "MEDEA",
   "148": "MONFALCONE",
   "149": "MORARO",
   "150": "MOSSA",
   "151": "ROMANS D'ISONZO",
   "152": "RONCHI DEI LEGIONARI",
   "153": "SAGRADO",
   "154": "SAN CANZIAN D'ISONZO",
   "155": "SAN FLORIANO DEL COLLIO",
   "156": "SAN LORENZO ISONTINO",
   "157": "SAN PIER D'ISONZO",
   "158": "SAVOGNA D'ISONZO",
   "159": "STARANZANO",
   "160": "TURRIACO",
   "161": "VILLESSE",
   "162": "DUINO-AURISINA",
   "163": "MONRUPINO",
   "164": "MUGGIA",
   "165": "SAN DORLIGO DELLA VALLE",
   "166": "SGONICO",
   "167": "TRIESTE",
   "168": "ANDREIS",
   "169": "ARBA",
   "170": "ARZENE",
   "171": "AVIANO",
   "172": "AZZANO DECIMO",
   "173": "BARCIS",
   "174": "BRUGNERA",
   "175": "BUDOIA",
   "176": "CANEVA",
   "177": "CASARSA DELLA DELIZIA",
   "178": "CASTELNOVO DEL FRIULI",
   "179": "CAVASSO NUOVO",
   "180": "CHIONS",
   "181": "CIMOLAIS",
   "182": "CLAUT",
   "183": "CLAUZETTO",
   "184": "CORDENONS",
   "185": "CORDOVADO",
   "186": "ERTO E CASSO",
   "187": "FANNA",
   "188": "FIUME VENETO",
   "189": "FONTANAFREDDA",
   "190": "FRISANCO",
   "191": "MANIAGO",
   "192": "MEDUNO",
   "193": "MONTEREALE VALCELLINA",
   "194": "MORSANO AL TAGLIAMENTO",
   "195": "PASIANO DI PORDENONE",
   "196": "PINZANO AL TAGLIAMENTO",
   "197": "POLCENIGO",
   "198": "PORCIA",
   "199": "PORDENONE",
   "200": "PRATA DI PORDENONE",
   "201": "PRAVISDOMINI",
   "202": "ROVEREDO IN PIANO",
   "203": "SACILE",
   "204": "SAN GIORGIO DELLA RICHINVELDA",
   "205": "SAN MARTINO AL TAGLIAMENTO",
   "206": "SAN QUIRINO",
   "207": "SAN VITO AL TAGLIAMENTO",
   "208": "SEQUALS",
   "209": "SESTO AL REGHENA",
   "210": "SPILIMBERGO",
   "211": "TRAMONTI DI SOPRA",
   "212": "TRAMONTI DI SOTTO",
   "213": "TRAVESIO",
   "214": "VALVASONE",
   "215": "VITO D'ASIO",
   "216": "VIVARO",
   "217": "ZOPPOLA",
   "218": "VAJONT"
}