{
   "AIELLO DEL FRIULI": 0,
   "AMARO": 1,
   "AMPEZZO": 2,
   "AQUILEIA": 3,
   "ARTA TERME": 4,
   "ARTEGNA": 5,
   "ATTIMIS": 6,
   "BAGNARIA ARSA": 7,
   "BASILIANO": 8,
   "BERTIOLO": 9,
   "BICINICCO": 10,
   "BORDANO": 11,
   "BUIA": 12,
   "BUTTRIO": 13,
   "CAMINO AL TAGLIAMENTO": 14,
   "CAMPOFORMIDO": 15,
   "CAMPOLONGO AL TORRE": 16,
   "CARLINO": 17,
   "CASSACCO": 18,
   "CASTIONS DI STRADA": 19,
   "CAVAZZO CARNICO": 20,
   "CERCIVENTO": 21,
   "CERVIGNANO DEL FRIULI": 22,
   "CHIOPRIS-VISCONE": 23,
   "CHIUSAFORTE": 24,
   "CIVIDALE DEL FRIULI": 25,
   "CODROIPO": 26,
   "COLLOREDO DI MONTE ALBANO": 27,
   "COMEGLIANS": 28,
   "CORNO DI ROSAZZO": 29,
   "COSEANO": 30,
   "DIGNANO": 31,
   "DOGNA": 32,
   "DRENCHIA": 33,
   "ENEMONZO": 34,
   "FAEDIS": 35,
   "FAGAGNA": 36,
   "FIUMICELLO": 37,
   "FLAIBANO": 38,
   "FORNI AVOLTRI": 39,
   "FORNI DI SOPRA": 40,
   "FORNI DI SOTTO": 41,
   "GEMONA DEL FRIULI": 42,
   "GONARS": 43,
   "GRIMACCO": 44,
   "LATISANA": 45,
   "LAUCO": 46,
   "LESTIZZA": 47,
   "LIGNANO SABBIADORO": 48,
   "LIGOSULLO": 49,
   "LUSEVERA": 50,
   "MAGNANO IN RIVIERA": 51,
   "MAJANO": 52,
   "MALBORGHETTO VALBRUNA": 53,
   "MANZANO": 54,
   "MARANO LAGUNARE": 55,
   "MARTIGNACCO": 56,
   "MERETO DI TOMBA": 57,
   "MOGGIO UDINESE": 58,
   "MOIMACCO": 59,
   "MONTENARS": 60,
   "MORTEGLIANO": 61,
   "MORUZZO": 62,
   "MUZZANA DEL TURGNANO": 63,
   "NIMIS": 64,
   "OSOPPO": 65,
   "OVARO": 66,
   "PAGNACCO": 67,
   "PALAZZOLO DELLO STELLA": 68,
   "PALMANOVA": 69,
   "PALUZZA": 70,
   "PASIAN DI PRATO": 71,
   "PAULARO": 72,
   "PAVIA DI UDINE": 73,
   "POCENIA": 74,
   "PONTEBBA": 75,
   "PORPETTO": 76,
   "POVOLETTO": 77,
   "POZZUOLO DEL FRIULI": 78,
   "PRADAMANO": 79,
   "PRATO CARNICO": 80,
   "PRECENICCO": 81,
   "PREMARIACCO": 82,
   "PREONE": 83,
   "PREPOTTO": 84,
   "PULFERO": 85,
   "RAGOGNA": 86,
   "RAVASCLETTO": 87,
   "RAVEO": 88,
   "REANA DEL ROIALE": 89,
   "REMANZACCO": 90,
   "RESIA": 91,
   "RESIUTTA": 92,
   "RIGOLATO": 93,
   "RIVE D'ARCANO": 94,
   "RIVIGNANO": 95,
   "RONCHIS": 96,
   "RUDA": 97,
   "SAN DANIELE DEL FRIULI": 98,
   "SAN GIORGIO DI NOGARO": 99,
   "SAN GIOVANNI AL NATISONE": 100,
   "SAN LEONARDO": 101,
   "SAN PIETRO AL NATISONE": 102,
   "SANTA MARIA LA LONGA": 103,
   "SAN VITO AL TORRE": 104,
   "SAN VITO DI FAGAGNA": 105,
   "SAURIS": 106,
   "SAVOGNA": 107,
   "SEDEGLIANO": 108,
   "SOCCHIEVE": 109,
   "STREGNA": 110,
   "SUTRIO": 111,
   "TAIPANA": 112,
   "TALMASSONS": 113,
   "TAPOGLIANO": 114,
   "TARCENTO": 115,
   "TARVISIO": 116,
   "TAVAGNACCO": 117,
   "TEOR": 118,
   "TERZO D'AQUILEIA": 119,
   "TOLMEZZO": 120,
   "TORREANO": 121,
   "TORVISCOSA": 122,
   "TRASAGHIS": 123,
   "TREPPO CARNICO": 124,
   "TREPPO GRANDE": 125,
   "TRICESIMO": 126,
   "TRIVIGNANO UDINESE": 127,
   "UDINE": 128,
   "VARMO": 129,
   "VENZONE": 130,
   "VERZEGNIS": 131,
   "VILLA SANTINA": 132,
   "VILLA VICENTINA": 133,
   "VISCO": 134,
   "ZUGLIO": 135,
   "FORGARIA NEL FRIULI": 136,
   "CAPRIVA DEL FRIULI": 137,
   "CORMONS": 138,
   "DOBERDO' DEL LAGO": 139,
   "DOLEGNA DEL COLLIO": 140,
   "FARRA D'ISONZO": 141,
   "FOGLIANO REDIPUGLIA": 142,
   "GORIZIA": 143,
   "GRADISCA D'ISONZO": 144,
   "GRADO": 145,
   "MARIANO DEL FRIULI": 146,
   "MEDEA": 147,
   "MONFALCONE": 148,
   "MORARO": 149,
   "MOSSA": 150,
   "ROMANS D'ISONZO": 151,
   "RONCHI DEI LEGIONARI": 152,
   "SAGRADO": 153,
   "SAN CANZIAN D'ISONZO": 154,
   "SAN FLORIANO DEL COLLIO": 155,
   "SAN LORENZO ISONTINO": 156,
   "SAN PIER D'ISONZO": 157,
   "SAVOGNA D'ISONZO": 158,
   "STARANZANO": 159,
   "TURRIACO": 160,
   "VILLESSE": 161,
   "DUINO-AURISINA": 162,
   "MONRUPINO": 163,
   "MUGGIA": 164,
   "SAN DORLIGO DELLA VALLE": 165,
   "SGONICO": 166,
   "TRIESTE": 167,
   "ANDREIS": 168,
   "ARBA": 169,
   "ARZENE": 170,
   "AVIANO": 171,
   "AZZANO DECIMO": 172,
   "BARCIS": 173,
   "BRUGNERA": 174,
   "BUDOIA": 175,
   "CANEVA": 176,
   "CASARSA DELLA DELIZIA": 177,
   "CASTELNOVO DEL FRIULI": 178,
   "CAVASSO NUOVO": 179,
   "CHIONS": 180,
   "CIMOLAIS": 181,
   "CLAUT": 182,
   "CLAUZETTO": 183,
   "CORDENONS": 184,
   "CORDOVADO": 185,
   "ERTO E CASSO": 186,
   "FANNA": 187,
   "FIUME VENETO": 188,
   "FONTANAFREDDA": 189,
   "FRISANCO": 190,
   "MANIAGO": 191,
   "MEDUNO": 192,
   "MONTEREALE VALCELLINA": 193,
   "MORSANO AL TAGLIAMENTO": 194,
   "PASIANO DI PORDENONE": 195,
   "PINZANO AL TAGLIAMENTO": 196,
   "POLCENIGO": 197,
   "PORCIA": 198,
   "PORDENONE": 199,
   "PRATA DI PORDENONE": 200,
   "PRAVISDOMINI": 201,
   "ROVEREDO IN PIANO": 202,
   "SACILE": 203,
   "SAN GIORGIO DELLA RICHINVELDA": 204,
   "SAN MARTINO AL TAGLIAMENTO": 205,
   "SAN QUIRINO": 206,
   "SAN VITO AL TAGLIAMENTO": 207,
   "SEQUALS": 208,
   "SESTO AL REGHENA": 209,
   "SPILIMBERGO": 210,
   "TRAMONTI DI SOPRA": 211,
   "TRAMONTI DI SOTTO": 212,
   "TRAVESIO": 213,
   "VALVASONE": 214,
   "VITO D'ASIO": 215,
   "VIVARO": 216,
   "ZOPPOLA": 217,
   "VAJONT": 218
}