{
   "0": "ALDINO",
   "1": "ANDRIANO",
   "2": "ANTERIVO",
   "3": "APPIANO SULLA STRADA DEL VINO",
   "4": "AVELENGO",
   "5": "BADIA",
   "6": "BARBIANO",
   "7": "BOLZANO",
   "8": "BRAIES",
   "9": "BRENNERO",
   "10": "BRESSANONE",
   "11": "BRONZOLO",
   "12": "BRUNICO",
   "13": "CAINES",
   "14": "CALDARO SULLA STRADA DEL VINO",
   "15": "CAMPO DI TRENS",
   "16": "CAMPO TURES",
   "17": "CASTELBELLO-CIARDES",
   "18": "CASTELROTTO",
   "19": "CERMES",
   "20": "CHIENES",
   "21": "CHIUSA",
   "22": "CORNEDO ALL'ISARCO",
   "23": "CORTACCIA SULLA STRADA DEL VINO",
   "24": "CORTINA SULLA STRADA DEL VINO",
   "25": "CORVARA IN BADIA",
   "26": "CURON VENOSTA",
   "27": "DOBBIACO",
   "28": "EGNA",
   "29": "FALZES",
   "30": "FIE' ALLO SCILIAR",
   "31": "FORTEZZA",
   "32": "FUNES",
   "33": "GAIS",
   "34": "GARGAZZONE",
   "35": "GLORENZA",
   "36": "LACES",
   "37": "LAGUNDO",
   "38": "LAION",
   "39": "LAIVES",
   "40": "LANA",
   "41": "LASA",
   "42": "LAUREGNO",
   "43": "LUSON",
   "44": "MAGRE' SULLA STRADA DEL VINO",
   "45": "MALLES VENOSTA",
   "46": "MAREBBE",
   "47": "MARLENGO",
   "48": "MARTELLO",
   "49": "MELTINA",
   "50": "MERANO",
   "51": "MONGUELFO",
   "52": "MONTAGNA",
   "53": "MOSO IN PASSIRIA",
   "54": "NALLES",
   "55": "NATURNO",
   "56": "NAZ SCIAVES",
   "57": "NOVA LEVANTE",
   "58": "NOVA PONENTE",
   "59": "ORA",
   "60": "ORTISEI",
   "61": "PARCINES",
   "62": "PERCA",
   "63": "PLAUS",
   "64": "PONTE GARDENA",
   "65": "POSTAL",
   "66": "PRATO ALLO STELVIO",
   "67": "PREDOI",
   "68": "PROVES",
   "69": "RACINES",
   "70": "RASUN ANTERSELVA",
   "71": "RENON",
   "72": "RIFIANO",
   "73": "RIO DI PUSTERIA",
   "74": "RODENGO",
   "75": "SALORNO",
   "76": "SAN CANDIDO",
   "77": "SAN GENESIO ATESINO",
   "78": "SAN LEONARDO IN PASSIRIA",
   "79": "SAN LORENZO DI SEBATO",
   "80": "SAN MARTINO IN BADIA",
   "81": "SAN MARTINO IN PASSIRIA",
   "82": "SAN PANCRAZIO",
   "83": "SANTA CRISTINA VALGARDENA",
   "84": "SARENTINO",
   "85": "SCENA",
   "86": "SELVA DEI MOLINI",
   "87": "SELVA DI VAL GARDENA",
   "88": "SENALES",
   "89": "SESTO",
   "90": "SILANDRO",
   "91": "SLUDERNO",
   "92": "STELVIO",
   "93": "TERENTO",
   "94": "TERLANO",
   "95": "TERMENO SULLA STRADA DEL VINO",
   "96": "TESIMO",
   "97": "TIRES",
   "98": "TIROLO",
   "99": "TRODENA",
   "100": "TUBRE",
   "101": "ULTIMO",
   "102": "VADENA",
   "103": "VALDAORA",
   "104": "VAL DI VIZZE",
   "105": "VALLE AURINA",
   "106": "VALLE DI CASIES",
   "107": "VANDOIES",
   "108": "VARNA",
   "109": "VERANO",
   "110": "VILLABASSA",
   "111": "VILLANDRO",
   "112": "VIPITENO",
   "113": "VELTURNO",
   "114": "LA VALLE",
   "115": "SENALE-S.FELICE",
   "116": "ALA",
   "117": "ALBIANO",
   "118": "ALDENO",
   "119": "AMBLAR",
   "120": "ANDALO",
   "121": "ARCO",
   "122": "AVIO",
   "123": "BASELGA DI PINE'",
   "124": "BEDOLLO",
   "125": "BERSONE",
   "126": "BESENELLO",
   "127": "BEZZECCA",
   "128": "BIENO",
   "129": "BLEGGIO INFERIORE",
   "130": "BLEGGIO SUPERIORE",
   "131": "BOCENAGO",
   "132": "BOLBENO",
   "133": "BONDO",
   "134": "BONDONE",
   "135": "BORGO VALSUGANA",
   "136": "BOSENTINO",
   "137": "BREGUZZO",
   "138": "BRENTONICO",
   "139": "BRESIMO",
   "140": "BREZ",
   "141": "BRIONE",
   "142": "CADERZONE",
   "143": "CAGNO'",
   "144": "CALAVINO",
   "145": "CALCERANICA AL LAGO",
   "146": "CALDES",
   "147": "CALDONAZZO",
   "148": "CALLIANO",
   "149": "CAMPITELLO DI FASSA",
   "150": "CAMPODENNO",
   "151": "CANAL SAN BOVO",
   "152": "CANAZEI",
   "153": "CAPRIANA",
   "154": "CARANO",
   "155": "CARISOLO",
   "156": "CARZANO",
   "157": "CASTEL CONDINO",
   "158": "CASTELFONDO",
   "159": "CASTELLO-MOLINA DI FIEMME",
   "160": "CASTELLO TESINO",
   "161": "CASTELNUOVO",
   "162": "CAVALESE",
   "163": "CAVARENO",
   "164": "CAVEDAGO",
   "165": "CAVEDINE",
   "166": "CAVIZZANA",
   "167": "CEMBRA",
   "168": "CENTA SAN NICOLO'",
   "169": "CIMEGO",
   "170": "CIMONE",
   "171": "CINTE TESINO",
   "172": "CIS",
   "173": "CIVEZZANO",
   "174": "CLES",
   "175": "CLOZ",
   "176": "COMMEZZADURA",
   "177": "CONCEI",
   "178": "CONDINO",
   "179": "COREDO",
   "180": "CROVIANA",
   "181": "CUNEVO",
   "182": "DAIANO",
   "183": "DAMBEL",
   "184": "DAONE",
   "185": "DARE'",
   "186": "DENNO",
   "187": "DIMARO",
   "188": "DON",
   "189": "DORSINO",
   "190": "DRENA",
   "191": "DRO",
   "192": "FAEDO",
   "193": "FAI DELLA PAGANELLA",
   "194": "FAVER",
   "195": "FIAVE'",
   "196": "FIERA DI PRIMIERO",
   "197": "FIEROZZO",
   "198": "FLAVON",
   "199": "FOLGARIA",
   "200": "FONDO",
   "201": "FORNACE",
   "202": "FRASSILONGO",
   "203": "GARNIGA",
   "204": "GIOVO",
   "205": "GIUSTINO",
   "206": "GRAUNO",
   "207": "GRIGNO",
   "208": "GRUMES",
   "209": "IMER",
   "210": "ISERA",
   "211": "IVANO-FRACENA",
   "212": "LARDARO",
   "213": "LASINO",
   "214": "LAVARONE",
   "215": "LAVIS",
   "216": "LEVICO TERME",
   "217": "LISIGNAGO",
   "218": "LIVO",
   "219": "LOMASO",
   "220": "LONA-LASES",
   "221": "LUSERNA",
   "222": "MALE'",
   "223": "MALOSCO",
   "224": "MASSIMENO",
   "225": "MAZZIN",
   "226": "MEZZANA",
   "227": "MEZZANO",
   "228": "MEZZOCORONA",
   "229": "MEZZOLOMBARDO",
   "230": "MOENA",
   "231": "MOLINA DI LEDRO",
   "232": "MOLVENO",
   "233": "MONCLASSICO",
   "234": "MONTAGNE",
   "235": "MORI",
   "236": "NAGO-TORBOLE",
   "237": "NANNO",
   "238": "NAVE SAN ROCCO",
   "239": "NOGAREDO",
   "240": "NOMI",
   "241": "NOVALEDO",
   "242": "OSPEDALETTO",
   "243": "OSSANA",
   "244": "PADERGNONE",
   "245": "PALU' DEL FERSINA",
   "246": "PANCHIA'",
   "247": "RONZO-CHIENIS",
   "248": "PEIO",
   "249": "PELLIZZANO",
   "250": "PELUGO",
   "251": "PERGINE VALSUGANA",
   "252": "PIEVE DI BONO",
   "253": "PIEVE DI LEDRO",
   "254": "PIEVE TESINO",
   "255": "PINZOLO",
   "256": "POMAROLO",
   "257": "POZZA DI FASSA",
   "258": "PRASO",
   "259": "PREDAZZO",
   "260": "PREORE",
   "261": "PREZZO",
   "262": "RABBI",
   "263": "RAGOLI",
   "264": "REVO'",
   "265": "RIVA DEL GARDA",
   "266": "ROMALLO",
   "267": "ROMENO",
   "268": "RONCEGNO",
   "269": "RONCHI VALSUGANA",
   "270": "RONCONE",
   "271": "RONZONE",
   "272": "ROVERE' DELLA LUNA",
   "273": "ROVERETO",
   "274": "RUFFRE'",
   "275": "RUMO",
   "276": "SAGRON MIS",
   "277": "SAMONE",
   "278": "SAN LORENZO IN BANALE",
   "279": "SAN MICHELE ALL'ADIGE",
   "280": "SANT'ORSOLA TERME",
   "281": "SANZENO",
   "282": "SARNONICO",
   "283": "SCURELLE",
   "284": "SEGONZANO",
   "285": "SFRUZ",
   "286": "SIROR",
   "287": "SMARANO",
   "288": "SORAGA",
   "289": "SOVER",
   "290": "SPERA",
   "291": "SPIAZZO",
   "292": "SPORMAGGIORE",
   "293": "SPORMINORE",
   "294": "STENICO",
   "295": "STORO",
   "296": "STREMBO",
   "297": "STRIGNO",
   "298": "TAIO",
   "299": "TASSULLO",
   "300": "TELVE",
   "301": "TELVE DI SOPRA",
   "302": "TENNA",
   "303": "TENNO",
   "304": "TERLAGO",
   "305": "TERRAGNOLO",
   "306": "TERRES",
   "307": "TERZOLAS",
   "308": "TESERO",
   "309": "TIARNO DI SOPRA",
   "310": "TIARNO DI SOTTO",
   "311": "TIONE DI TRENTO",
   "312": "TON",
   "313": "TONADICO",
   "314": "TORCEGNO",
   "315": "TRAMBILENO",
   "316": "TRANSACQUA",
   "317": "TRENTO",
   "318": "TRES",
   "319": "TUENNO",
   "320": "VALDA",
   "321": "VALFLORIANA",
   "322": "VALLARSA",
   "323": "VARENA",
   "324": "VATTARO",
   "325": "VERMIGLIO",
   "326": "VERVO'",
   "327": "VEZZANO",
   "328": "VIGNOLA-FALESINA",
   "329": "VIGO DI FASSA",
   "330": "VIGOLO VATTARO",
   "331": "VIGO RENDENA",
   "332": "VILLA AGNEDO",
   "333": "VILLA LAGARINA",
   "334": "VILLA RENDENA",
   "335": "VOLANO",
   "336": "ZAMBANA",
   "337": "ZIANO DI FIEMME",
   "338": "ZUCLO"
}