{
   "ALDINO": 0,
   "ANDRIANO": 1,
   "ANTERIVO": 2,
   "APPIANO SULLA STRADA DEL VINO": 3,
   "AVELENGO": 4,
   "BADIA": 5,
   "BARBIANO": 6,
   "BOLZANO": 7,
   "BRAIES": 8,
   "BRENNERO": 9,
   "BRESSANONE": 10,
   "BRONZOLO": 11,
   "BRUNICO": 12,
   "CAINES": 13,
   "CALDARO SULLA STRADA DEL VINO": 14,
   "CAMPO DI TRENS": 15,
   "CAMPO TURES": 16,
   "CASTELBELLO-CIARDES": 17,
   "CASTELROTTO": 18,
   "CERMES": 19,
   "CHIENES": 20,
   "CHIUSA": 21,
   "CORNEDO ALL'ISARCO": 22,
   "CORTACCIA SULLA STRADA DEL VINO": 23,
   "CORTINA SULLA STRADA DEL VINO": 24,
   "CORVARA IN BADIA": 25,
   "CURON VENOSTA": 26,
   "DOBBIACO": 27,
   "EGNA": 28,
   "FALZES": 29,
   "FIE' ALLO SCILIAR": 30,
   "FORTEZZA": 31,
   "FUNES": 32,
   "GAIS": 33,
   "GARGAZZONE": 34,
   "GLORENZA": 35,
   "LACES": 36,
   "LAGUNDO": 37,
   "LAION": 38,
   "LAIVES": 39,
   "LANA": 40,
   "LASA": 41,
   "LAUREGNO": 42,
   "LUSON": 43,
   "MAGRE' SULLA STRADA DEL VINO": 44,
   "MALLES VENOSTA": 45,
   "MAREBBE": 46,
   "MARLENGO": 47,
   "MARTELLO": 48,
   "MELTINA": 49,
   "MERANO": 50,
   "MONGUELFO": 51,
   "MONTAGNA": 52,
   "MOSO IN PASSIRIA": 53,
   "NALLES": 54,
   "NATURNO": 55,
   "NAZ SCIAVES": 56,
   "NOVA LEVANTE": 57,
   "NOVA PONENTE": 58,
   "ORA": 59,
   "ORTISEI": 60,
   "PARCINES": 61,
   "PERCA": 62,
   "PLAUS": 63,
   "PONTE GARDENA": 64,
   "POSTAL": 65,
   "PRATO ALLO STELVIO": 66,
   "PREDOI": 67,
   "PROVES": 68,
   "RACINES": 69,
   "RASUN ANTERSELVA": 70,
   "RENON": 71,
   "RIFIANO": 72,
   "RIO DI PUSTERIA": 73,
   "RODENGO": 74,
   "SALORNO": 75,
   "SAN CANDIDO": 76,
   "SAN GENESIO ATESINO": 77,
   "SAN LEONARDO IN PASSIRIA": 78,
   "SAN LORENZO DI SEBATO": 79,
   "SAN MARTINO IN BADIA": 80,
   "SAN MARTINO IN PASSIRIA": 81,
   "SAN PANCRAZIO": 82,
   "SANTA CRISTINA VALGARDENA": 83,
   "SARENTINO": 84,
   "SCENA": 85,
   "SELVA DEI MOLINI": 86,
   "SELVA DI VAL GARDENA": 87,
   "SENALES": 88,
   "SESTO": 89,
   "SILANDRO": 90,
   "SLUDERNO": 91,
   "STELVIO": 92,
   "TERENTO": 93,
   "TERLANO": 94,
   "TERMENO SULLA STRADA DEL VINO": 95,
   "TESIMO": 96,
   "TIRES": 97,
   "TIROLO": 98,
   "TRODENA": 99,
   "TUBRE": 100,
   "ULTIMO": 101,
   "VADENA": 102,
   "VALDAORA": 103,
   "VAL DI VIZZE": 104,
   "VALLE AURINA": 105,
   "VALLE DI CASIES": 106,
   "VANDOIES": 107,
   "VARNA": 108,
   "VERANO": 109,
   "VILLABASSA": 110,
   "VILLANDRO": 111,
   "VIPITENO": 112,
   "VELTURNO": 113,
   "LA VALLE": 114,
   "SENALE-S.FELICE": 115,
   "ALA": 116,
   "ALBIANO": 117,
   "ALDENO": 118,
   "AMBLAR": 119,
   "ANDALO": 120,
   "ARCO": 121,
   "AVIO": 122,
   "BASELGA DI PINE'": 123,
   "BEDOLLO": 124,
   "BERSONE": 125,
   "BESENELLO": 126,
   "BEZZECCA": 127,
   "BIENO": 128,
   "BLEGGIO INFERIORE": 129,
   "BLEGGIO SUPERIORE": 130,
   "BOCENAGO": 131,
   "BOLBENO": 132,
   "BONDO": 133,
   "BONDONE": 134,
   "BORGO VALSUGANA": 135,
   "BOSENTINO": 136,
   "BREGUZZO": 137,
   "BRENTONICO": 138,
   "BRESIMO": 139,
   "BREZ": 140,
   "BRIONE": 141,
   "CADERZONE": 142,
   "CAGNO'": 143,
   "CALAVINO": 144,
   "CALCERANICA AL LAGO": 145,
   "CALDES": 146,
   "CALDONAZZO": 147,
   "CALLIANO": 148,
   "CAMPITELLO DI FASSA": 149,
   "CAMPODENNO": 150,
   "CANAL SAN BOVO": 151,
   "CANAZEI": 152,
   "CAPRIANA": 153,
   "CARANO": 154,
   "CARISOLO": 155,
   "CARZANO": 156,
   "CASTEL CONDINO": 157,
   "CASTELFONDO": 158,
   "CASTELLO-MOLINA DI FIEMME": 159,
   "CASTELLO TESINO": 160,
   "CASTELNUOVO": 161,
   "CAVALESE": 162,
   "CAVARENO": 163,
   "CAVEDAGO": 164,
   "CAVEDINE": 165,
   "CAVIZZANA": 166,
   "CEMBRA": 167,
   "CENTA SAN NICOLO'": 168,
   "CIMEGO": 169,
   "CIMONE": 170,
   "CINTE TESINO": 171,
   "CIS": 172,
   "CIVEZZANO": 173,
   "CLES": 174,
   "CLOZ": 175,
   "COMMEZZADURA": 176,
   "CONCEI": 177,
   "CONDINO": 178,
   "COREDO": 179,
   "CROVIANA": 180,
   "CUNEVO": 181,
   "DAIANO": 182,
   "DAMBEL": 183,
   "DAONE": 184,
   "DARE'": 185,
   "DENNO": 186,
   "DIMARO": 187,
   "DON": 188,
   "DORSINO": 189,
   "DRENA": 190,
   "DRO": 191,
   "FAEDO": 192,
   "FAI DELLA PAGANELLA": 193,
   "FAVER": 194,
   "FIAVE'": 195,
   "FIERA DI PRIMIERO": 196,
   "FIEROZZO": 197,
   "FLAVON": 198,
   "FOLGARIA": 199,
   "FONDO": 200,
   "FORNACE": 201,
   "FRASSILONGO": 202,
   "GARNIGA": 203,
   "GIOVO": 204,
   "GIUSTINO": 205,
   "GRAUNO": 206,
   "GRIGNO": 207,
   "GRUMES": 208,
   "IMER": 209,
   "ISERA": 210,
   "IVANO-FRACENA": 211,
   "LARDARO": 212,
   "LASINO": 213,
   "LAVARONE": 214,
   "LAVIS": 215,
   "LEVICO TERME": 216,
   "LISIGNAGO": 217,
   "LIVO": 218,
   "LOMASO": 219,
   "LONA-LASES": 220,
   "LUSERNA": 221,
   "MALE'": 222,
   "MALOSCO": 223,
   "MASSIMENO": 224,
   "MAZZIN": 225,
   "MEZZANA": 226,
   "MEZZANO": 227,
   "MEZZOCORONA": 228,
   "MEZZOLOMBARDO": 229,
   "MOENA": 230,
   "MOLINA DI LEDRO": 231,
   "MOLVENO": 232,
   "MONCLASSICO": 233,
   "MONTAGNE": 234,
   "MORI": 235,
   "NAGO-TORBOLE": 236,
   "NANNO": 237,
   "NAVE SAN ROCCO": 238,
   "NOGAREDO": 239,
   "NOMI": 240,
   "NOVALEDO": 241,
   "OSPEDALETTO": 242,
   "OSSANA": 243,
   "PADERGNONE": 244,
   "PALU' DEL FERSINA": 245,
   "PANCHIA'": 246,
   "RONZO-CHIENIS": 247,
   "PEIO": 248,
   "PELLIZZANO": 249,
   "PELUGO": 250,
   "PERGINE VALSUGANA": 251,
   "PIEVE DI BONO": 252,
   "PIEVE DI LEDRO": 253,
   "PIEVE TESINO": 254,
   "PINZOLO": 255,
   "POMAROLO": 256,
   "POZZA DI FASSA": 257,
   "PRASO": 258,
   "PREDAZZO": 259,
   "PREORE": 260,
   "PREZZO": 261,
   "RABBI": 262,
   "RAGOLI": 263,
   "REVO'": 264,
   "RIVA DEL GARDA": 265,
   "ROMALLO": 266,
   "ROMENO": 267,
   "RONCEGNO": 268,
   "RONCHI VALSUGANA": 269,
   "RONCONE": 270,
   "RONZONE": 271,
   "ROVERE' DELLA LUNA": 272,
   "ROVERETO": 273,
   "RUFFRE'": 274,
   "RUMO": 275,
   "SAGRON MIS": 276,
   "SAMONE": 277,
   "SAN LORENZO IN BANALE": 278,
   "SAN MICHELE ALL'ADIGE": 279,
   "SANT'ORSOLA TERME": 280,
   "SANZENO": 281,
   "SARNONICO": 282,
   "SCURELLE": 283,
   "SEGONZANO": 284,
   "SFRUZ": 285,
   "SIROR": 286,
   "SMARANO": 287,
   "SORAGA": 288,
   "SOVER": 289,
   "SPERA": 290,
   "SPIAZZO": 291,
   "SPORMAGGIORE": 292,
   "SPORMINORE": 293,
   "STENICO": 294,
   "STORO": 295,
   "STREMBO": 296,
   "STRIGNO": 297,
   "TAIO": 298,
   "TASSULLO": 299,
   "TELVE": 300,
   "TELVE DI SOPRA": 301,
   "TENNA": 302,
   "TENNO": 303,
   "TERLAGO": 304,
   "TERRAGNOLO": 305,
   "TERRES": 306,
   "TERZOLAS": 307,
   "TESERO": 308,
   "TIARNO DI SOPRA": 309,
   "TIARNO DI SOTTO": 310,
   "TIONE DI TRENTO": 311,
   "TON": 312,
   "TONADICO": 313,
   "TORCEGNO": 314,
   "TRAMBILENO": 315,
   "TRANSACQUA": 316,
   "TRENTO": 317,
   "TRES": 318,
   "TUENNO": 319,
   "VALDA": 320,
   "VALFLORIANA": 321,
   "VALLARSA": 322,
   "VARENA": 323,
   "VATTARO": 324,
   "VERMIGLIO": 325,
   "VERVO'": 326,
   "VEZZANO": 327,
   "VIGNOLA-FALESINA": 328,
   "VIGO DI FASSA": 329,
   "VIGOLO VATTARO": 330,
   "VIGO RENDENA": 331,
   "VILLA AGNEDO": 332,
   "VILLA LAGARINA": 333,
   "VILLA RENDENA": 334,
   "VOLANO": 335,
   "ZAMBANA": 336,
   "ZIANO DI FIEMME": 337,
   "ZUCLO": 338
}