{
   "0": "AFFI",
   "1": "ALBAREDO D'ADIGE",
   "2": "ANGIARI",
   "3": "ARCOLE",
   "4": "BADIA CALAVENA",
   "5": "BARDOLINO",
   "6": "BELFIORE",
   "7": "BEVILACQUA",
   "8": "BONAVIGO",
   "9": "BOSCHI SANT'ANNA",
   "10": "BOSCO CHIESANUOVA",
   "11": "BOVOLONE",
   "12": "BRENTINO BELLUNO",
   "13": "BRENZONE",
   "14": "BUSSOLENGO",
   "15": "BUTTAPIETRA",
   "16": "CALDIERO",
   "17": "CAPRINO VERONESE",
   "18": "CASALEONE",
   "19": "CASTAGNARO",
   "20": "CASTEL D'AZZANO",
   "21": "CASTELNUOVO DEL GARDA",
   "22": "CAVAION VERONESE",
   "23": "CAZZANO DI TRAMIGNA",
   "24": "CEREA",
   "25": "CERRO VERONESE",
   "26": "COLOGNA VENETA",
   "27": "COLOGNOLA AI COLLI",
   "28": "CONCAMARISE",
   "29": "COSTERMANO",
   "30": "DOLCE'",
   "31": "ERBE'",
   "32": "ERBEZZO",
   "33": "FERRARA DI MONTE BALDO",
   "34": "FUMANE",
   "35": "GARDA",
   "36": "GAZZO VERONESE",
   "37": "GREZZANA",
   "38": "ILLASI",
   "39": "ISOLA DELLA SCALA",
   "40": "ISOLA RIZZA",
   "41": "LAVAGNO",
   "42": "LAZISE",
   "43": "LEGNAGO",
   "44": "MALCESINE",
   "45": "MARANO DI VALPOLICELLA",
   "46": "MEZZANE DI SOTTO",
   "47": "MINERBE",
   "48": "MONTECCHIA DI CROSARA",
   "49": "MONTEFORTE D'ALPONE",
   "50": "MOZZECANE",
   "51": "NEGRAR",
   "52": "NOGARA",
   "53": "NOGAROLE ROCCA",
   "54": "OPPEANO",
   "55": "PALU'",
   "56": "PASTRENGO",
   "57": "PESCANTINA",
   "58": "PESCHIERA DEL GARDA",
   "59": "POVEGLIANO VERONESE",
   "60": "PRESSANA",
   "61": "RIVOLI VERONESE",
   "62": "RONCA'",
   "63": "RONCO ALL'ADIGE",
   "64": "ROVERCHIARA",
   "65": "ROVEREDO DI GUA'",
   "66": "ROVERE' VERONESE",
   "67": "SALIZZOLE",
   "68": "SAN BONIFACIO",
   "69": "SAN GIOVANNI ILARIONE",
   "70": "SAN GIOVANNI LUPATOTO",
   "71": "SANGUINETTO",
   "72": "SAN MARTINO BUON ALBERGO",
   "73": "SAN MAURO DI SALINE",
   "74": "SAN PIETRO DI MORUBIO",
   "75": "SAN PIETRO IN CARIANO",
   "76": "SANT'AMBROGIO DI VALPOLICELLA",
   "77": "SANT'ANNA D'ALFAEDO",
   "78": "SAN ZENO DI MONTAGNA",
   "79": "SELVA DI PROGNO",
   "80": "SOAVE",
   "81": "SOMMACAMPAGNA",
   "82": "SONA",
   "83": "SORGA'",
   "84": "TERRAZZO",
   "85": "TORRI DEL BENACO",
   "86": "TREGNAGO",
   "87": "TREVENZUOLO",
   "88": "VALEGGIO SUL MINCIO",
   "89": "VELO VERONESE",
   "90": "VERONA",
   "91": "VERONELLA",
   "92": "VESTENANOVA",
   "93": "VIGASIO",
   "94": "VILLA BARTOLOMEA",
   "95": "VILLAFRANCA DI VERONA",
   "96": "ZEVIO",
   "97": "ZIMELLA",
   "98": "AGUGLIARO",
   "99": "ALBETTONE",
   "100": "ALONTE",
   "101": "ALTAVILLA VICENTINA",
   "102": "ALTISSIMO",
   "103": "ARCUGNANO",
   "104": "ARSIERO",
   "105": "ARZIGNANO",
   "106": "ASIAGO",
   "107": "ASIGLIANO VENETO",
   "108": "BARBARANO VICENTINO",
   "109": "BASSANO DEL GRAPPA",
   "110": "BOLZANO VICENTINO",
   "111": "BREGANZE",
   "112": "BRENDOLA",
   "113": "BRESSANVIDO",
   "114": "BROGLIANO",
   "115": "CALDOGNO",
   "116": "CALTRANO",
   "117": "CALVENE",
   "118": "CAMISANO VICENTINO",
   "119": "CAMPIGLIA DEI BERICI",
   "120": "CAMPOLONGO SUL BRENTA",
   "121": "CARRE'",
   "122": "CARTIGLIANO",
   "123": "CASSOLA",
   "124": "CASTEGNERO",
   "125": "CASTELGOMBERTO",
   "126": "CHIAMPO",
   "127": "CHIUPPANO",
   "128": "CISMON DEL GRAPPA",
   "129": "COGOLLO DEL CENGIO",
   "130": "CONCO",
   "131": "CORNEDO VICENTINO",
   "132": "COSTABISSARA",
   "133": "CREAZZO",
   "134": "CRESPADORO",
   "135": "DUEVILLE",
   "136": "ENEGO",
   "137": "FARA VICENTINO",
   "138": "FOZA",
   "139": "GALLIO",
   "140": "GAMBELLARA",
   "141": "GAMBUGLIANO",
   "142": "GRANCONA",
   "143": "GRISIGNANO DI ZOCCO",
   "144": "GRUMOLO DELLE ABBADESSE",
   "145": "ISOLA VICENTINA",
   "146": "LAGHI",
   "147": "LASTEBASSE",
   "148": "LONGARE",
   "149": "LONIGO",
   "150": "LUGO DI VICENZA",
   "151": "LUSIANA",
   "152": "MALO",
   "153": "MARANO VICENTINO",
   "154": "MAROSTICA",
   "155": "MASON VICENTINO",
   "156": "MOLVENA",
   "157": "MONTEBELLO VICENTINO",
   "158": "MONTECCHIO MAGGIORE",
   "159": "MONTECCHIO PRECALCINO",
   "160": "MONTE DI MALO",
   "161": "MONTEGALDA",
   "162": "MONTEGALDELLA",
   "163": "MONTEVIALE",
   "164": "MONTICELLO CONTE OTTO",
   "165": "MONTORSO VICENTINO",
   "166": "MOSSANO",
   "167": "MUSSOLENTE",
   "168": "NANTO",
   "169": "NOGAROLE VICENTINO",
   "170": "NOVE",
   "171": "NOVENTA VICENTINA",
   "172": "ORGIANO",
   "173": "PEDEMONTE",
   "174": "PIANEZZE",
   "175": "PIOVENE ROCCHETTE",
   "176": "POIANA MAGGIORE",
   "177": "POSINA",
   "178": "POVE DEL GRAPPA",
   "179": "POZZOLEONE",
   "180": "QUINTO VICENTINO",
   "181": "RECOARO TERME",
   "182": "ROANA",
   "183": "ROMANO D'EZZELINO",
   "184": "ROSA'",
   "185": "ROSSANO VENETO",
   "186": "ROTZO",
   "187": "SALCEDO",
   "188": "SANDRIGO",
   "189": "SAN GERMANO DEI BERICI",
   "190": "SAN NAZARIO",
   "191": "SAN PIETRO MUSSOLINO",
   "192": "SANTORSO",
   "193": "SAN VITO DI LEGUZZANO",
   "194": "SARCEDO",
   "195": "SAREGO",
   "196": "SCHIAVON",
   "197": "SCHIO",
   "198": "SOLAGNA",
   "199": "SOSSANO",
   "200": "SOVIZZO",
   "201": "TEZZE SUL BRENTA",
   "202": "THIENE",
   "203": "TONEZZA DEL CIMONE",
   "204": "TORREBELVICINO",
   "205": "TORRI DI QUARTESOLO",
   "206": "TRISSINO",
   "207": "VALDAGNO",
   "208": "VALDASTICO",
   "209": "VALLI DEL PASUBIO",
   "210": "VALSTAGNA",
   "211": "VELO D'ASTICO",
   "212": "VICENZA",
   "213": "VILLAGA",
   "214": "VILLAVERLA",
   "215": "ZANE'",
   "216": "ZERMEGHEDO",
   "217": "ZOVENCEDO",
   "218": "ZUGLIANO",
   "219": "AGORDO",
   "220": "ALANO DI PIAVE",
   "221": "ALLEGHE",
   "222": "ARSIE'",
   "223": "AURONZO DI CADORE",
   "224": "BELLUNO",
   "225": "BORCA DI CADORE",
   "226": "CALALZO DI CADORE",
   "227": "CASTELLO LAVAZZO",
   "228": "CENCENIGHE AGORDINO",
   "229": "CESIOMAGGIORE",
   "230": "CHIES D'ALPAGO",
   "231": "CIBIANA DI CADORE",
   "232": "COLLE SANTA LUCIA",
   "233": "COMELICO SUPERIORE",
   "234": "CORTINA D'AMPEZZO",
   "235": "DANTA DI CADORE",
   "236": "DOMEGGE DI CADORE",
   "237": "FALCADE",
   "238": "FARRA D'ALPAGO",
   "239": "FELTRE",
   "240": "FONZASO",
   "241": "CANALE D'AGORDO",
   "242": "FORNO DI ZOLDO",
   "243": "GOSALDO",
   "244": "LAMON",
   "245": "LA VALLE AGORDINA",
   "246": "LENTIAI",
   "247": "LIMANA",
   "248": "LIVINALLONGO DEL COL DI LANA",
   "249": "LONGARONE",
   "250": "LORENZAGO DI CADORE",
   "251": "LOZZO DI CADORE",
   "252": "MEL",
   "253": "OSPITALE DI CADORE",
   "254": "PEDAVENA",
   "255": "PERAROLO DI CADORE",
   "256": "PIEVE D'ALPAGO",
   "257": "PIEVE DI CADORE",
   "258": "PONTE NELLE ALPI",
   "259": "PUOS D'ALPAGO",
   "260": "QUERO",
   "261": "RIVAMONTE AGORDINO",
   "262": "ROCCA PIETORE",
   "263": "SAN GREGORIO NELLE ALPI",
   "264": "SAN NICOLO' DI COMELICO",
   "265": "SAN PIETRO DI CADORE",
   "266": "SANTA GIUSTINA",
   "267": "SAN TOMASO AGORDINO",
   "268": "SANTO STEFANO DI CADORE",
   "269": "SAN VITO DI CADORE",
   "270": "SAPPADA",
   "271": "SEDICO",
   "272": "SELVA DI CADORE",
   "273": "SEREN DEL GRAPPA",
   "274": "SOSPIROLO",
   "275": "SOVERZENE",
   "276": "SOVRAMONTE",
   "277": "TAIBON AGORDINO",
   "278": "TAMBRE",
   "279": "TRICHIANA",
   "280": "VALLADA AGORDINA",
   "281": "VALLE DI CADORE",
   "282": "VAS",
   "283": "VIGO DI CADORE",
   "284": "VODO CADORE",
   "285": "VOLTAGO AGORDINO",
   "286": "ZOLDO ALTO",
   "287": "ZOPPE' DI CADORE",
   "288": "ALTIVOLE",
   "289": "ARCADE",
   "290": "ASOLO",
   "291": "BORSO DEL GRAPPA",
   "292": "BREDA DI PIAVE",
   "293": "CAERANO DI SAN MARCO",
   "294": "CAPPELLA MAGGIORE",
   "295": "CARBONERA",
   "296": "CASALE SUL SILE",
   "297": "CASIER",
   "298": "CASTELCUCCO",
   "299": "CASTELFRANCO VENETO",
   "300": "CASTELLO DI GODEGO",
   "301": "CAVASO DEL TOMBA",
   "302": "CESSALTO",
   "303": "CHIARANO",
   "304": "CIMADOLMO",
   "305": "CISON DI VALMARINO",
   "306": "CODOGNE'",
   "307": "COLLE UMBERTO",
   "308": "CONEGLIANO",
   "309": "CORDIGNANO",
   "310": "CORNUDA",
   "311": "CRESPANO DEL GRAPPA",
   "312": "CROCETTA DEL MONTELLO",
   "313": "FARRA DI SOLIGO",
   "314": "FOLLINA",
   "315": "FONTANELLE",
   "316": "FONTE",
   "317": "FREGONA",
   "318": "GAIARINE",
   "319": "GIAVERA DEL MONTELLO",
   "320": "GODEGA DI SANT'URBANO",
   "321": "GORGO AL MONTICANO",
   "322": "ISTRANA",
   "323": "LORIA",
   "324": "MANSUE'",
   "325": "MARENO DI PIAVE",
   "326": "MASER",
   "327": "MASERADA SUL PIAVE",
   "328": "MEDUNA DI LIVENZA",
   "329": "MIANE",
   "330": "MOGLIANO VENETO",
   "331": "MONASTIER DI TREVISO",
   "332": "MONFUMO",
   "333": "MONTEBELLUNA",
   "334": "MORGANO",
   "335": "MORIAGO DELLA BATTAGLIA",
   "336": "MOTTA DI LIVENZA",
   "337": "NERVESA DELLA BATTAGLIA",
   "338": "ODERZO",
   "339": "ORMELLE",
   "340": "ORSAGO",
   "341": "PADERNO DEL GRAPPA",
   "342": "PAESE",
   "343": "PEDEROBBA",
   "344": "PIEVE DI SOLIGO",
   "345": "PONTE DI PIAVE",
   "346": "PONZANO VENETO",
   "347": "PORTOBUFFOLE'",
   "348": "POSSAGNO",
   "349": "POVEGLIANO",
   "350": "PREGANZIOL",
   "351": "QUINTO DI TREVISO",
   "352": "REFRONTOLO",
   "353": "RESANA",
   "354": "REVINE LAGO",
   "355": "RIESE PIO X",
   "356": "RONCADE",
   "357": "SALGAREDA",
   "358": "SAN BIAGIO DI CALLALTA",
   "359": "SAN FIOR",
   "360": "SAN PIETRO DI FELETTO",
   "361": "SAN POLO DI PIAVE",
   "362": "SANTA LUCIA DI PIAVE",
   "363": "SAN VENDEMIANO",
   "364": "SAN ZENONE DEGLI EZZELINI",
   "365": "SARMEDE",
   "366": "SEGUSINO",
   "367": "SERNAGLIA DELLA BATTAGLIA",
   "368": "SILEA",
   "369": "SPRESIANO",
   "370": "SUSEGANA",
   "371": "TARZO",
   "372": "TREVIGNANO",
   "373": "TREVISO",
   "374": "VALDOBBIADENE",
   "375": "VAZZOLA",
   "376": "VEDELAGO",
   "377": "VIDOR",
   "378": "VILLORBA",
   "379": "VITTORIO VENETO",
   "380": "VOLPAGO DEL MONTELLO",
   "381": "ZENSON DI PIAVE",
   "382": "ZERO BRANCO",
   "383": "ANNONE VENETO",
   "384": "CAMPAGNA LUPIA",
   "385": "CAMPOLONGO MAGGIORE",
   "386": "CAMPONOGARA",
   "387": "CAORLE",
   "388": "CAVARZERE",
   "389": "CEGGIA",
   "390": "CHIOGGIA",
   "391": "CINTO CAOMAGGIORE",
   "392": "CONA",
   "393": "CONCORDIA SAGITTARIA",
   "394": "DOLO",
   "395": "ERACLEA",
   "396": "FIESSO D'ARTICO",
   "397": "FOSSALTA DI PIAVE",
   "398": "FOSSALTA DI PORTOGRUARO",
   "399": "FOSSO'",
   "400": "GRUARO",
   "401": "IESOLO",
   "402": "MARCON",
   "403": "MARTELLAGO",
   "404": "MEOLO",
   "405": "MIRA",
   "406": "MIRANO",
   "407": "MUSILE DI PIAVE",
   "408": "NOALE",
   "409": "NOVENTA DI PIAVE",
   "410": "PIANIGA",
   "411": "PORTOGRUARO",
   "412": "PRAMAGGIORE",
   "413": "QUARTO D'ALTINO",
   "414": "SALZANO",
   "415": "SAN DONA' DI PIAVE",
   "416": "SAN MICHELE AL TAGLIAMENTO",
   "417": "SANTA MARIA DI SALA",
   "418": "SANTO STINO DI LIVENZA",
   "419": "SCORZE'",
   "420": "SPINEA",
   "421": "STRA",
   "422": "TEGLIO VENETO",
   "423": "TORRE DI MOSTO",
   "424": "VENEZIA",
   "425": "VIGONOVO",
   "426": "ABANO TERME",
   "427": "AGNA",
   "428": "ALBIGNASEGO",
   "429": "ANGUILLARA VENETA",
   "430": "ARQUA' PETRARCA",
   "431": "ARRE",
   "432": "ARZERGRANDE",
   "433": "BAGNOLI DI SOPRA",
   "434": "BAONE",
   "435": "BARBONA",
   "436": "BATTAGLIA TERME",
   "437": "BOARA PISANI",
   "438": "BORGORICCO",
   "439": "BOVOLENTA",
   "440": "BRUGINE",
   "441": "CADONEGHE",
   "442": "CAMPODARSEGO",
   "443": "CAMPODORO",
   "444": "CAMPOSAMPIERO",
   "445": "CAMPO SAN MARTINO",
   "446": "CANDIANA",
   "447": "CARCERI",
   "448": "CARMIGNANO DI BRENTA",
   "449": "CARRARA SAN GIORGIO",
   "450": "CARRARA SANTO STEFANO",
   "451": "CARTURA",
   "452": "CASALE DI SCODOSIA",
   "453": "CASALSERUGO",
   "454": "CASTELBALDO",
   "455": "CERVARESE SANTA CROCE",
   "456": "CINTO EUGANEO",
   "457": "CITTADELLA",
   "458": "CODEVIGO",
   "459": "CONSELVE",
   "460": "CORREZZOLA",
   "461": "CURTAROLO",
   "462": "ESTE",
   "463": "FONTANIVA",
   "464": "GALLIERA VENETA",
   "465": "GALZIGNANO TERME",
   "466": "GAZZO",
   "467": "GRANTORTO",
   "468": "GRANZE",
   "469": "LEGNARO",
   "470": "LIMENA",
   "471": "LOREGGIA",
   "472": "LOZZO ATESTINO",
   "473": "MASERA' DI PADOVA",
   "474": "MASI",
   "475": "MASSANZAGO",
   "476": "MEGLIADINO SAN FIDENZIO",
   "477": "MEGLIADINO SAN VITALE",
   "478": "MERLARA",
   "479": "MESTRINO",
   "480": "MONSELICE",
   "481": "MONTAGNANA",
   "482": "MONTEGROTTO TERME",
   "483": "NOVENTA PADOVANA",
   "484": "OSPEDALETTO EUGANEO",
   "485": "PADOVA",
   "486": "PERNUMIA",
   "487": "PIACENZA D'ADIGE",
   "488": "PIAZZOLA SUL BRENTA",
   "489": "PIOMBINO DESE",
   "490": "PIOVE DI SACCO",
   "491": "POLVERARA",
   "492": "PONSO",
   "493": "PONTELONGO",
   "494": "PONTE SAN NICOLO'",
   "495": "POZZONOVO",
   "496": "ROVOLON",
   "497": "RUBANO",
   "498": "SACCOLONGO",
   "499": "SALETTO",
   "500": "SAN GIORGIO DELLE PERTICHE",
   "501": "SAN GIORGIO IN BOSCO",
   "502": "SAN MARTINO DI LUPARI",
   "503": "SAN PIETRO IN GU",
   "504": "SAN PIETRO VIMINARIO",
   "505": "SANTA GIUSTINA IN COLLE",
   "506": "SANTA MARGHERITA D'ADIGE",
   "507": "SANT'ANGELO DI PIOVE DI SACCO",
   "508": "SANT'ELENA",
   "509": "SANT'URBANO",
   "510": "SAONARA",
   "511": "SELVAZZANO DENTRO",
   "512": "SOLESINO",
   "513": "STANGHELLA",
   "514": "TEOLO",
   "515": "TERRASSA PADOVANA",
   "516": "TOMBOLO",
   "517": "TORREGLIA",
   "518": "TREBASELEGHE",
   "519": "TRIBANO",
   "520": "URBANA",
   "521": "VEGGIANO",
   "522": "VESCOVANA",
   "523": "VIGHIZZOLO D'ESTE",
   "524": "VIGODARZERE",
   "525": "VIGONZA",
   "526": "VILLA DEL CONTE",
   "527": "VILLA ESTENSE",
   "528": "VILLAFRANCA PADOVANA",
   "529": "VILLANOVA DI CAMPOSAMPIERO",
   "530": "VO",
   "531": "ADRIA",
   "532": "ARIANO NEL POLESINE",
   "533": "ARQUA' POLESINE",
   "534": "BADIA POLESINE",
   "535": "BAGNOLO DI PO",
   "536": "BERGANTINO",
   "537": "BOSARO",
   "538": "CALTO",
   "539": "CANARO",
   "540": "CANDA",
   "541": "CASTELGUGLIELMO",
   "542": "CASTELMASSA",
   "543": "CASTELNOVO BARIANO",
   "544": "CENESELLI",
   "545": "CEREGNANO",
   "546": "CONTARINA",
   "547": "CORBOLA",
   "548": "COSTA DI ROVIGO",
   "549": "CRESPINO",
   "550": "DONADA",
   "551": "FICAROLO",
   "552": "FIESSO UMBERTIANO",
   "553": "FRASSINELLE POLESINE",
   "554": "FRATTA POLESINE",
   "555": "GAIBA",
   "556": "GAVELLO",
   "557": "GIACCIANO CON BARUCHELLA",
   "558": "GUARDA VENETA",
   "559": "LENDINARA",
   "560": "LOREO",
   "561": "LUSIA",
   "562": "MELARA",
   "563": "OCCHIOBELLO",
   "564": "PAPOZZE",
   "565": "PETTORAZZA GRIMANI",
   "566": "PINCARA",
   "567": "POLESELLA",
   "568": "PONTECCHIO POLESINE",
   "569": "PORTO TOLLE",
   "570": "ROSOLINA",
   "571": "ROVIGO",
   "572": "SALARA",
   "573": "SAN BELLINO",
   "574": "SAN MARTINO DI VENEZZE",
   "575": "STIENTA",
   "576": "TAGLIO DI PO",
   "577": "TRECENTA",
   "578": "VILLADOSE",
   "579": "VILLAMARZANA",
   "580": "VILLANOVA DEL GHEBBO",
   "581": "VILLANOVA MARCHESANA"
}