{
   "AFFI": 0,
   "ALBAREDO D'ADIGE": 1,
   "ANGIARI": 2,
   "ARCOLE": 3,
   "BADIA CALAVENA": 4,
   "BARDOLINO": 5,
   "BELFIORE": 6,
   "BEVILACQUA": 7,
   "BONAVIGO": 8,
   "BOSCHI SANT'ANNA": 9,
   "BOSCO CHIESANUOVA": 10,
   "BOVOLONE": 11,
   "BRENTINO BELLUNO": 12,
   "BRENZONE": 13,
   "BUSSOLENGO": 14,
   "BUTTAPIETRA": 15,
   "CALDIERO": 16,
   "CAPRINO VERONESE": 17,
   "CASALEONE": 18,
   "CASTAGNARO": 19,
   "CASTEL D'AZZANO": 20,
   "CASTELNUOVO DEL GARDA": 21,
   "CAVAION VERONESE": 22,
   "CAZZANO DI TRAMIGNA": 23,
   "CEREA": 24,
   "CERRO VERONESE": 25,
   "COLOGNA VENETA": 26,
   "COLOGNOLA AI COLLI": 27,
   "CONCAMARISE": 28,
   "COSTERMANO": 29,
   "DOLCE'": 30,
   "ERBE'": 31,
   "ERBEZZO": 32,
   "FERRARA DI MONTE BALDO": 33,
   "FUMANE": 34,
   "GARDA": 35,
   "GAZZO VERONESE": 36,
   "GREZZANA": 37,
   "ILLASI": 38,
   "ISOLA DELLA SCALA": 39,
   "ISOLA RIZZA": 40,
   "LAVAGNO": 41,
   "LAZISE": 42,
   "LEGNAGO": 43,
   "MALCESINE": 44,
   "MARANO DI VALPOLICELLA": 45,
   "MEZZANE DI SOTTO": 46,
   "MINERBE": 47,
   "MONTECCHIA DI CROSARA": 48,
   "MONTEFORTE D'ALPONE": 49,
   "MOZZECANE": 50,
   "NEGRAR": 51,
   "NOGARA": 52,
   "NOGAROLE ROCCA": 53,
   "OPPEANO": 54,
   "PALU'": 55,
   "PASTRENGO": 56,
   "PESCANTINA": 57,
   "PESCHIERA DEL GARDA": 58,
   "POVEGLIANO VERONESE": 59,
   "PRESSANA": 60,
   "RIVOLI VERONESE": 61,
   "RONCA'": 62,
   "RONCO ALL'ADIGE": 63,
   "ROVERCHIARA": 64,
   "ROVEREDO DI GUA'": 65,
   "ROVERE' VERONESE": 66,
   "SALIZZOLE": 67,
   "SAN BONIFACIO": 68,
   "SAN GIOVANNI ILARIONE": 69,
   "SAN GIOVANNI LUPATOTO": 70,
   "SANGUINETTO": 71,
   "SAN MARTINO BUON ALBERGO": 72,
   "SAN MAURO DI SALINE": 73,
   "SAN PIETRO DI MORUBIO": 74,
   "SAN PIETRO IN CARIANO": 75,
   "SANT'AMBROGIO DI VALPOLICELLA": 76,
   "SANT'ANNA D'ALFAEDO": 77,
   "SAN ZENO DI MONTAGNA": 78,
   "SELVA DI PROGNO": 79,
   "SOAVE": 80,
   "SOMMACAMPAGNA": 81,
   "SONA": 82,
   "SORGA'": 83,
   "TERRAZZO": 84,
   "TORRI DEL BENACO": 85,
   "TREGNAGO": 86,
   "TREVENZUOLO": 87,
   "VALEGGIO SUL MINCIO": 88,
   "VELO VERONESE": 89,
   "VERONA": 90,
   "VERONELLA": 91,
   "VESTENANOVA": 92,
   "VIGASIO": 93,
   "VILLA BARTOLOMEA": 94,
   "VILLAFRANCA DI VERONA": 95,
   "ZEVIO": 96,
   "ZIMELLA": 97,
   "AGUGLIARO": 98,
   "ALBETTONE": 99,
   "ALONTE": 100,
   "ALTAVILLA VICENTINA": 101,
   "ALTISSIMO": 102,
   "ARCUGNANO": 103,
   "ARSIERO": 104,
   "ARZIGNANO": 105,
   "ASIAGO": 106,
   "ASIGLIANO VENETO": 107,
   "BARBARANO VICENTINO": 108,
   "BASSANO DEL GRAPPA": 109,
   "BOLZANO VICENTINO": 110,
   "BREGANZE": 111,
   "BRENDOLA": 112,
   "BRESSANVIDO": 113,
   "BROGLIANO": 114,
   "CALDOGNO": 115,
   "CALTRANO": 116,
   "CALVENE": 117,
   "CAMISANO VICENTINO": 118,
   "CAMPIGLIA DEI BERICI": 119,
   "CAMPOLONGO SUL BRENTA": 120,
   "CARRE'": 121,
   "CARTIGLIANO": 122,
   "CASSOLA": 123,
   "CASTEGNERO": 124,
   "CASTELGOMBERTO": 125,
   "CHIAMPO": 126,
   "CHIUPPANO": 127,
   "CISMON DEL GRAPPA": 128,
   "COGOLLO DEL CENGIO": 129,
   "CONCO": 130,
   "CORNEDO VICENTINO": 131,
   "COSTABISSARA": 132,
   "CREAZZO": 133,
   "CRESPADORO": 134,
   "DUEVILLE": 135,
   "ENEGO": 136,
   "FARA VICENTINO": 137,
   "FOZA": 138,
   "GALLIO": 139,
   "GAMBELLARA": 140,
   "GAMBUGLIANO": 141,
   "GRANCONA": 142,
   "GRISIGNANO DI ZOCCO": 143,
   "GRUMOLO DELLE ABBADESSE": 144,
   "ISOLA VICENTINA": 145,
   "LAGHI": 146,
   "LASTEBASSE": 147,
   "LONGARE": 148,
   "LONIGO": 149,
   "LUGO DI VICENZA": 150,
   "LUSIANA": 151,
   "MALO": 152,
   "MARANO VICENTINO": 153,
   "MAROSTICA": 154,
   "MASON VICENTINO": 155,
   "MOLVENA": 156,
   "MONTEBELLO VICENTINO": 157,
   "MONTECCHIO MAGGIORE": 158,
   "MONTECCHIO PRECALCINO": 159,
   "MONTE DI MALO": 160,
   "MONTEGALDA": 161,
   "MONTEGALDELLA": 162,
   "MONTEVIALE": 163,
   "MONTICELLO CONTE OTTO": 164,
   "MONTORSO VICENTINO": 165,
   "MOSSANO": 166,
   "MUSSOLENTE": 167,
   "NANTO": 168,
   "NOGAROLE VICENTINO": 169,
   "NOVE": 170,
   "NOVENTA VICENTINA": 171,
   "ORGIANO": 172,
   "PEDEMONTE": 173,
   "PIANEZZE": 174,
   "PIOVENE ROCCHETTE": 175,
   "POIANA MAGGIORE": 176,
   "POSINA": 177,
   "POVE DEL GRAPPA": 178,
   "POZZOLEONE": 179,
   "QUINTO VICENTINO": 180,
   "RECOARO TERME": 181,
   "ROANA": 182,
   "ROMANO D'EZZELINO": 183,
   "ROSA'": 184,
   "ROSSANO VENETO": 185,
   "ROTZO": 186,
   "SALCEDO": 187,
   "SANDRIGO": 188,
   "SAN GERMANO DEI BERICI": 189,
   "SAN NAZARIO": 190,
   "SAN PIETRO MUSSOLINO": 191,
   "SANTORSO": 192,
   "SAN VITO DI LEGUZZANO": 193,
   "SARCEDO": 194,
   "SAREGO": 195,
   "SCHIAVON": 196,
   "SCHIO": 197,
   "SOLAGNA": 198,
   "SOSSANO": 199,
   "SOVIZZO": 200,
   "TEZZE SUL BRENTA": 201,
   "THIENE": 202,
   "TONEZZA DEL CIMONE": 203,
   "TORREBELVICINO": 204,
   "TORRI DI QUARTESOLO": 205,
   "TRISSINO": 206,
   "VALDAGNO": 207,
   "VALDASTICO": 208,
   "VALLI DEL PASUBIO": 209,
   "VALSTAGNA": 210,
   "VELO D'ASTICO": 211,
   "VICENZA": 212,
   "VILLAGA": 213,
   "VILLAVERLA": 214,
   "ZANE'": 215,
   "ZERMEGHEDO": 216,
   "ZOVENCEDO": 217,
   "ZUGLIANO": 218,
   "AGORDO": 219,
   "ALANO DI PIAVE": 220,
   "ALLEGHE": 221,
   "ARSIE'": 222,
   "AURONZO DI CADORE": 223,
   "BELLUNO": 224,
   "BORCA DI CADORE": 225,
   "CALALZO DI CADORE": 226,
   "CASTELLO LAVAZZO": 227,
   "CENCENIGHE AGORDINO": 228,
   "CESIOMAGGIORE": 229,
   "CHIES D'ALPAGO": 230,
   "CIBIANA DI CADORE": 231,
   "COLLE SANTA LUCIA": 232,
   "COMELICO SUPERIORE": 233,
   "CORTINA D'AMPEZZO": 234,
   "DANTA DI CADORE": 235,
   "DOMEGGE DI CADORE": 236,
   "FALCADE": 237,
   "FARRA D'ALPAGO": 238,
   "FELTRE": 239,
   "FONZASO": 240,
   "CANALE D'AGORDO": 241,
   "FORNO DI ZOLDO": 242,
   "GOSALDO": 243,
   "LAMON": 244,
   "LA VALLE AGORDINA": 245,
   "LENTIAI": 246,
   "LIMANA": 247,
   "LIVINALLONGO DEL COL DI LANA": 248,
   "LONGARONE": 249,
   "LORENZAGO DI CADORE": 250,
   "LOZZO DI CADORE": 251,
   "MEL": 252,
   "OSPITALE DI CADORE": 253,
   "PEDAVENA": 254,
   "PERAROLO DI CADORE": 255,
   "PIEVE D'ALPAGO": 256,
   "PIEVE DI CADORE": 257,
   "PONTE NELLE ALPI": 258,
   "PUOS D'ALPAGO": 259,
   "QUERO": 260,
   "RIVAMONTE AGORDINO": 261,
   "ROCCA PIETORE": 262,
   "SAN GREGORIO NELLE ALPI": 263,
   "SAN NICOLO' DI COMELICO": 264,
   "SAN PIETRO DI CADORE": 265,
   "SANTA GIUSTINA": 266,
   "SAN TOMASO AGORDINO": 267,
   "SANTO STEFANO DI CADORE": 268,
   "SAN VITO DI CADORE": 269,
   "SAPPADA": 270,
   "SEDICO": 271,
   "SELVA DI CADORE": 272,
   "SEREN DEL GRAPPA": 273,
   "SOSPIROLO": 274,
   "SOVERZENE": 275,
   "SOVRAMONTE": 276,
   "TAIBON AGORDINO": 277,
   "TAMBRE": 278,
   "TRICHIANA": 279,
   "VALLADA AGORDINA": 280,
   "VALLE DI CADORE": 281,
   "VAS": 282,
   "VIGO DI CADORE": 283,
   "VODO CADORE": 284,
   "VOLTAGO AGORDINO": 285,
   "ZOLDO ALTO": 286,
   "ZOPPE' DI CADORE": 287,
   "ALTIVOLE": 288,
   "ARCADE": 289,
   "ASOLO": 290,
   "BORSO DEL GRAPPA": 291,
   "BREDA DI PIAVE": 292,
   "CAERANO DI SAN MARCO": 293,
   "CAPPELLA MAGGIORE": 294,
   "CARBONERA": 295,
   "CASALE SUL SILE": 296,
   "CASIER": 297,
   "CASTELCUCCO": 298,
   "CASTELFRANCO VENETO": 299,
   "CASTELLO DI GODEGO": 300,
   "CAVASO DEL TOMBA": 301,
   "CESSALTO": 302,
   "CHIARANO": 303,
   "CIMADOLMO": 304,
   "CISON DI VALMARINO": 305,
   "CODOGNE'": 306,
   "COLLE UMBERTO": 307,
   "CONEGLIANO": 308,
   "CORDIGNANO": 309,
   "CORNUDA": 310,
   "CRESPANO DEL GRAPPA": 311,
   "CROCETTA DEL MONTELLO": 312,
   "FARRA DI SOLIGO": 313,
   "FOLLINA": 314,
   "FONTANELLE": 315,
   "FONTE": 316,
   "FREGONA": 317,
   "GAIARINE": 318,
   "GIAVERA DEL MONTELLO": 319,
   "GODEGA DI SANT'URBANO": 320,
   "GORGO AL MONTICANO": 321,
   "ISTRANA": 322,
   "LORIA": 323,
   "MANSUE'": 324,
   "MARENO DI PIAVE": 325,
   "MASER": 326,
   "MASERADA SUL PIAVE": 327,
   "MEDUNA DI LIVENZA": 328,
   "MIANE": 329,
   "MOGLIANO VENETO": 330,
   "MONASTIER DI TREVISO": 331,
   "MONFUMO": 332,
   "MONTEBELLUNA": 333,
   "MORGANO": 334,
   "MORIAGO DELLA BATTAGLIA": 335,
   "MOTTA DI LIVENZA": 336,
   "NERVESA DELLA BATTAGLIA": 337,
   "ODERZO": 338,
   "ORMELLE": 339,
   "ORSAGO": 340,
   "PADERNO DEL GRAPPA": 341,
   "PAESE": 342,
   "PEDEROBBA": 343,
   "PIEVE DI SOLIGO": 344,
   "PONTE DI PIAVE": 345,
   "PONZANO VENETO": 346,
   "PORTOBUFFOLE'": 347,
   "POSSAGNO": 348,
   "POVEGLIANO": 349,
   "PREGANZIOL": 350,
   "QUINTO DI TREVISO": 351,
   "REFRONTOLO": 352,
   "RESANA": 353,
   "REVINE LAGO": 354,
   "RIESE PIO X": 355,
   "RONCADE": 356,
   "SALGAREDA": 357,
   "SAN BIAGIO DI CALLALTA": 358,
   "SAN FIOR": 359,
   "SAN PIETRO DI FELETTO": 360,
   "SAN POLO DI PIAVE": 361,
   "SANTA LUCIA DI PIAVE": 362,
   "SAN VENDEMIANO": 363,
   "SAN ZENONE DEGLI EZZELINI": 364,
   "SARMEDE": 365,
   "SEGUSINO": 366,
   "SERNAGLIA DELLA BATTAGLIA": 367,
   "SILEA": 368,
   "SPRESIANO": 369,
   "SUSEGANA": 370,
   "TARZO": 371,
   "TREVIGNANO": 372,
   "TREVISO": 373,
   "VALDOBBIADENE": 374,
   "VAZZOLA": 375,
   "VEDELAGO": 376,
   "VIDOR": 377,
   "VILLORBA": 378,
   "VITTORIO VENETO": 379,
   "VOLPAGO DEL MONTELLO": 380,
   "ZENSON DI PIAVE": 381,
   "ZERO BRANCO": 382,
   "ANNONE VENETO": 383,
   "CAMPAGNA LUPIA": 384,
   "CAMPOLONGO MAGGIORE": 385,
   "CAMPONOGARA": 386,
   "CAORLE": 387,
   "CAVARZERE": 388,
   "CEGGIA": 389,
   "CHIOGGIA": 390,
   "CINTO CAOMAGGIORE": 391,
   "CONA": 392,
   "CONCORDIA SAGITTARIA": 393,
   "DOLO": 394,
   "ERACLEA": 395,
   "FIESSO D'ARTICO": 396,
   "FOSSALTA DI PIAVE": 397,
   "FOSSALTA DI PORTOGRUARO": 398,
   "FOSSO'": 399,
   "GRUARO": 400,
   "IESOLO": 401,
   "MARCON": 402,
   "MARTELLAGO": 403,
   "MEOLO": 404,
   "MIRA": 405,
   "MIRANO": 406,
   "MUSILE DI PIAVE": 407,
   "NOALE": 408,
   "NOVENTA DI PIAVE": 409,
   "PIANIGA": 410,
   "PORTOGRUARO": 411,
   "PRAMAGGIORE": 412,
   "QUARTO D'ALTINO": 413,
   "SALZANO": 414,
   "SAN DONA' DI PIAVE": 415,
   "SAN MICHELE AL TAGLIAMENTO": 416,
   "SANTA MARIA DI SALA": 417,
   "SANTO STINO DI LIVENZA": 418,
   "SCORZE'": 419,
   "SPINEA": 420,
   "STRA": 421,
   "TEGLIO VENETO": 422,
   "TORRE DI MOSTO": 423,
   "VENEZIA": 424,
   "VIGONOVO": 425,
   "ABANO TERME": 426,
   "AGNA": 427,
   "ALBIGNASEGO": 428,
   "ANGUILLARA VENETA": 429,
   "ARQUA' PETRARCA": 430,
   "ARRE": 431,
   "ARZERGRANDE": 432,
   "BAGNOLI DI SOPRA": 433,
   "BAONE": 434,
   "BARBONA": 435,
   "BATTAGLIA TERME": 436,
   "BOARA PISANI": 437,
   "BORGORICCO": 438,
   "BOVOLENTA": 439,
   "BRUGINE": 440,
   "CADONEGHE": 441,
   "CAMPODARSEGO": 442,
   "CAMPODORO": 443,
   "CAMPOSAMPIERO": 444,
   "CAMPO SAN MARTINO": 445,
   "CANDIANA": 446,
   "CARCERI": 447,
   "CARMIGNANO DI BRENTA": 448,
   "CARRARA SAN GIORGIO": 449,
   "CARRARA SANTO STEFANO": 450,
   "CARTURA": 451,
   "CASALE DI SCODOSIA": 452,
   "CASALSERUGO": 453,
   "CASTELBALDO": 454,
   "CERVARESE SANTA CROCE": 455,
   "CINTO EUGANEO": 456,
   "CITTADELLA": 457,
   "CODEVIGO": 458,
   "CONSELVE": 459,
   "CORREZZOLA": 460,
   "CURTAROLO": 461,
   "ESTE": 462,
   "FONTANIVA": 463,
   "GALLIERA VENETA": 464,
   "GALZIGNANO TERME": 465,
   "GAZZO": 466,
   "GRANTORTO": 467,
   "GRANZE": 468,
   "LEGNARO": 469,
   "LIMENA": 470,
   "LOREGGIA": 471,
   "LOZZO ATESTINO": 472,
   "MASERA' DI PADOVA": 473,
   "MASI": 474,
   "MASSANZAGO": 475,
   "MEGLIADINO SAN FIDENZIO": 476,
   "MEGLIADINO SAN VITALE": 477,
   "MERLARA": 478,
   "MESTRINO": 479,
   "MONSELICE": 480,
   "MONTAGNANA": 481,
   "MONTEGROTTO TERME": 482,
   "NOVENTA PADOVANA": 483,
   "OSPEDALETTO EUGANEO": 484,
   "PADOVA": 485,
   "PERNUMIA": 486,
   "PIACENZA D'ADIGE": 487,
   "PIAZZOLA SUL BRENTA": 488,
   "PIOMBINO DESE": 489,
   "PIOVE DI SACCO": 490,
   "POLVERARA": 491,
   "PONSO": 492,
   "PONTELONGO": 493,
   "PONTE SAN NICOLO'": 494,
   "POZZONOVO": 495,
   "ROVOLON": 496,
   "RUBANO": 497,
   "SACCOLONGO": 498,
   "SALETTO": 499,
   "SAN GIORGIO DELLE PERTICHE": 500,
   "SAN GIORGIO IN BOSCO": 501,
   "SAN MARTINO DI LUPARI": 502,
   "SAN PIETRO IN GU": 503,
   "SAN PIETRO VIMINARIO": 504,
   "SANTA GIUSTINA IN COLLE": 505,
   "SANTA MARGHERITA D'ADIGE": 506,
   "SANT'ANGELO DI PIOVE DI SACCO": 507,
   "SANT'ELENA": 508,
   "SANT'URBANO": 509,
   "SAONARA": 510,
   "SELVAZZANO DENTRO": 511,
   "SOLESINO": 512,
   "STANGHELLA": 513,
   "TEOLO": 514,
   "TERRASSA PADOVANA": 515,
   "TOMBOLO": 516,
   "TORREGLIA": 517,
   "TREBASELEGHE": 518,
   "TRIBANO": 519,
   "URBANA": 520,
   "VEGGIANO": 521,
   "VESCOVANA": 522,
   "VIGHIZZOLO D'ESTE": 523,
   "VIGODARZERE": 524,
   "VIGONZA": 525,
   "VILLA DEL CONTE": 526,
   "VILLA ESTENSE": 527,
   "VILLAFRANCA PADOVANA": 528,
   "VILLANOVA DI CAMPOSAMPIERO": 529,
   "VO": 530,
   "ADRIA": 531,
   "ARIANO NEL POLESINE": 532,
   "ARQUA' POLESINE": 533,
   "BADIA POLESINE": 534,
   "BAGNOLO DI PO": 535,
   "BERGANTINO": 536,
   "BOSARO": 537,
   "CALTO": 538,
   "CANARO": 539,
   "CANDA": 540,
   "CASTELGUGLIELMO": 541,
   "CASTELMASSA": 542,
   "CASTELNOVO BARIANO": 543,
   "CENESELLI": 544,
   "CEREGNANO": 545,
   "CONTARINA": 546,
   "CORBOLA": 547,
   "COSTA DI ROVIGO": 548,
   "CRESPINO": 549,
   "DONADA": 550,
   "FICAROLO": 551,
   "FIESSO UMBERTIANO": 552,
   "FRASSINELLE POLESINE": 553,
   "FRATTA POLESINE": 554,
   "GAIBA": 555,
   "GAVELLO": 556,
   "GIACCIANO CON BARUCHELLA": 557,
   "GUARDA VENETA": 558,
   "LENDINARA": 559,
   "LOREO": 560,
   "LUSIA": 561,
   "MELARA": 562,
   "OCCHIOBELLO": 563,
   "PAPOZZE": 564,
   "PETTORAZZA GRIMANI": 565,
   "PINCARA": 566,
   "POLESELLA": 567,
   "PONTECCHIO POLESINE": 568,
   "PORTO TOLLE": 569,
   "ROSOLINA": 570,
   "ROVIGO": 571,
   "SALARA": 572,
   "SAN BELLINO": 573,
   "SAN MARTINO DI VENEZZE": 574,
   "STIENTA": 575,
   "TAGLIO DI PO": 576,
   "TRECENTA": 577,
   "VILLADOSE": 578,
   "VILLAMARZANA": 579,
   "VILLANOVA DEL GHEBBO": 580,
   "VILLANOVA MARCHESANA": 581
}