{
   "0": "AGAZZANO",
   "1": "ALSENO",
   "2": "BESENZONE",
   "3": "BETTOLA",
   "4": "BOBBIO",
   "5": "BORGONOVO VAL TIDONE",
   "6": "CADEO",
   "7": "CALENDASCO",
   "8": "CAMINATA",
   "9": "CAORSO",
   "10": "CARPANETO PIACENTINO",
   "11": "CASTELL'ARQUATO",
   "12": "CASTEL SAN GIOVANNI",
   "13": "CASTELVETRO PIACENTINO",
   "14": "CERIGNALE",
   "15": "COLI",
   "16": "CORTE BRUGNATELLA",
   "17": "CORTEMAGGIORE",
   "18": "FARINI",
   "19": "FERRIERE",
   "20": "FIORENZUOLA D'ARDA",
   "21": "GAZZOLA",
   "22": "GOSSOLENGO",
   "23": "GRAGNANO TREBBIENSE",
   "24": "GROPPARELLO",
   "25": "LUGAGNANO VAL D'ARDA",
   "26": "MONTICELLI D'ONGINA",
   "27": "MORFASSO",
   "28": "NIBBIANO",
   "29": "OTTONE",
   "30": "PECORARA",
   "31": "PIACENZA",
   "32": "PIANELLO VAL TIDONE",
   "33": "PIOZZANO",
   "34": "PODENZANO",
   "35": "PONTE DELL'OLIO",
   "36": "PONTENURE",
   "37": "RIVERGARO",
   "38": "ROTTOFRENO",
   "39": "SAN GIORGIO PIACENTINO",
   "40": "SAN PIETRO IN CERRO",
   "41": "SARMATO",
   "42": "TRAVO",
   "43": "VERNASCA",
   "44": "VIGOLZONE",
   "45": "VILLANOVA SULL'ARDA",
   "46": "ZERBA",
   "47": "ZIANO PIACENTINO",
   "48": "ALBARETO",
   "49": "BARDI",
   "50": "BEDONIA",
   "51": "BERCETO",
   "52": "BORE",
   "53": "BORGO VAL DI TARO",
   "54": "BUSSETO",
   "55": "CALESTANO",
   "56": "COLLECCHIO",
   "57": "COLORNO",
   "58": "COMPIANO",
   "59": "CORNIGLIO",
   "60": "FELINO",
   "61": "FIDENZA",
   "62": "FONTANELLATO",
   "63": "FONTEVIVO",
   "64": "FORNOVO DI TARO",
   "65": "LANGHIRANO",
   "66": "LESIGNANO DE'BAGNI",
   "67": "MEDESANO",
   "68": "MEZZANI",
   "69": "MONCHIO DELLE CORTI",
   "70": "MONTECHIARUGOLO",
   "71": "NEVIANO DEGLI ARDUINI",
   "72": "NOCETO",
   "73": "PALANZANO",
   "74": "PARMA",
   "75": "PELLEGRINO PARMENSE",
   "76": "POLESINE PARMENSE",
   "77": "ROCCABIANCA",
   "78": "SALA BAGANZA",
   "79": "SALSOMAGGIORE TERME",
   "80": "SAN SECONDO PARMENSE",
   "81": "SISSA",
   "82": "SOLIGNANO",
   "83": "SORAGNA",
   "84": "SORBOLO",
   "85": "TERENZO",
   "86": "TIZZANO VAL PARMA",
   "87": "TORNOLO",
   "88": "TORRILE",
   "89": "TRAVERSETOLO",
   "90": "TRECASALI",
   "91": "VALMOZZOLA",
   "92": "VARANO DE' MELEGARI",
   "93": "VARSI",
   "94": "ZIBELLO",
   "95": "ALBINEA",
   "96": "BAGNOLO IN PIANO",
   "97": "BAISO",
   "98": "BIBBIANO",
   "99": "BORETTO",
   "100": "BRESCELLO",
   "101": "BUSANA",
   "102": "CADELBOSCO DI SOPRA",
   "103": "CAMPAGNOLA EMILIA",
   "104": "CAMPEGINE",
   "105": "CARPINETI",
   "106": "CASALGRANDE",
   "107": "CASINA",
   "108": "CASTELLARANO",
   "109": "CASTELNOVO DI SOTTO",
   "110": "CASTELNOVO NE' MONTI",
   "111": "CAVRIAGO",
   "112": "CIANO D'ENZA",
   "113": "COLLAGNA",
   "114": "CORREGGIO",
   "115": "FABBRICO",
   "116": "GATTATICO",
   "117": "GUALTIERI",
   "118": "GUASTALLA",
   "119": "LIGONCHIO",
   "120": "LUZZARA",
   "121": "MONTECCHIO EMILIA",
   "122": "NOVELLARA",
   "123": "POVIGLIO",
   "124": "QUATTRO CASTELLA",
   "125": "RAMISETO",
   "126": "REGGIOLO",
   "127": "REGGIO NELL'EMILIA",
   "128": "RIO SALICETO",
   "129": "ROLO",
   "130": "RUBIERA",
   "131": "SAN MARTINO IN RIO",
   "132": "SAN POLO D'ENZA",
   "133": "SANT'ILARIO D'ENZA",
   "134": "SCANDIANO",
   "135": "TOANO",
   "136": "VETTO",
   "137": "VEZZANO SUL CROSTOLO",
   "138": "VIANO",
   "139": "VILLA MINOZZO",
   "140": "BASTIGLIA",
   "141": "BOMPORTO",
   "142": "CAMPOGALLIANO",
   "143": "CAMPOSANTO",
   "144": "CARPI",
   "145": "CASTELFRANCO EMILIA",
   "146": "CASTELNUOVO RANGONE",
   "147": "CASTELVETRO DI MODENA",
   "148": "CAVEZZO",
   "149": "CONCORDIA SULLA SECCHIA",
   "150": "FANANO",
   "151": "FINALE EMILIA",
   "152": "FIORANO MODENESE",
   "153": "FIUMALBO",
   "154": "FORMIGINE",
   "155": "FRASSINORO",
   "156": "GUIGLIA",
   "157": "LAMA MOCOGNO",
   "158": "MARANELLO",
   "159": "MARANO SUL PANARO",
   "160": "MEDOLLA",
   "161": "MIRANDOLA",
   "162": "MODENA",
   "163": "MONTECRETO",
   "164": "MONTEFIORINO",
   "165": "MONTESE",
   "166": "NONANTOLA",
   "167": "NOVI DI MODENA",
   "168": "PALAGANO",
   "169": "PAVULLO NEL FRIGNANO",
   "170": "PIEVEPELAGO",
   "171": "POLINAGO",
   "172": "PRIGNANO SULLA SECCHIA",
   "173": "RAVARINO",
   "174": "RIOLUNATO",
   "175": "SAN CESARIO SUL PANARO",
   "176": "SAN FELICE SUL PANARO",
   "177": "SAN POSSIDONIO",
   "178": "SAN PROSPERO",
   "179": "SASSUOLO",
   "180": "SAVIGNANO SUL PANARO",
   "181": "SERRAMAZZONI",
   "182": "SESTOLA",
   "183": "SOLIERA",
   "184": "SPILAMBERTO",
   "185": "VIGNOLA",
   "186": "ZOCCA",
   "187": "ANZOLA DELL'EMILIA",
   "188": "ARGELATO",
   "189": "BARICELLA",
   "190": "BAZZANO",
   "191": "BENTIVOGLIO",
   "192": "BOLOGNA",
   "193": "BORGO TOSSIGNANO",
   "194": "BUDRIO",
   "195": "CALDERARA DI RENO",
   "196": "CAMUGNANO",
   "197": "CASALECCHIO DI RENO",
   "198": "CASALFIUMANESE",
   "199": "CASTEL D'AIANO",
   "200": "CASTEL DEL RIO",
   "201": "CASTEL DI CASIO",
   "202": "CASTEL GUELFO DI BOLOGNA",
   "203": "CASTELLO D'ARGILE",
   "204": "CASTELLO DI SERRAVALLE",
   "205": "CASTEL MAGGIORE",
   "206": "CASTEL SAN PIETRO TERME",
   "207": "CASTENASO",
   "208": "CASTIGLIONE DEI PEPOLI",
   "209": "CRESPELLANO",
   "210": "CREVALCORE",
   "211": "DOZZA",
   "212": "FONTANELICE",
   "213": "GAGGIO MONTANO",
   "214": "GALLIERA",
   "215": "GRANAGLIONE",
   "216": "GRANAROLO DELL'EMILIA",
   "217": "GRIZZANA MORANDI",
   "218": "IMOLA",
   "219": "LIZZANO IN BELVEDERE",
   "220": "LOIANO",
   "221": "MALALBERGO",
   "222": "MARZABOTTO",
   "223": "MEDICINA",
   "224": "MINERBIO",
   "225": "MOLINELLA",
   "226": "MONGHIDORO",
   "227": "MONTERENZIO",
   "228": "MONTE SAN PIETRO",
   "229": "MONTEVEGLIO",
   "230": "MONZUNO",
   "231": "MORDANO",
   "232": "OZZANO DELL'EMILIA",
   "233": "PIANORO",
   "234": "PIEVE DI CENTO",
   "235": "PORRETTA TERME",
   "236": "SALA BOLOGNESE",
   "237": "SAN BENEDETTO VAL DI SAMBRO",
   "238": "SAN GIORGIO DI PIANO",
   "239": "SAN GIOVANNI IN PERSICETO",
   "240": "SAN LAZZARO DI SAVENA",
   "241": "SAN PIETRO IN CASALE",
   "242": "SANT'AGATA BOLOGNESE",
   "243": "SASSO MARCONI",
   "244": "SAVIGNO",
   "245": "VERGATO",
   "246": "ZOLA PREDOSA",
   "247": "ARGENTA",
   "248": "BERRA",
   "249": "BONDENO",
   "250": "CENTO",
   "251": "CODIGORO",
   "252": "COMACCHIO",
   "253": "COPPARO",
   "254": "FERRARA",
   "255": "FORMIGNANA",
   "256": "JOLANDA DI SAVOIA",
   "257": "LAGOSANTO",
   "258": "MASI TORELLO",
   "259": "MASSA FISCAGLIA",
   "260": "MESOLA",
   "261": "MIGLIARINO",
   "262": "MIRABELLO",
   "263": "OSTELLATO",
   "264": "POGGIO RENATICO",
   "265": "PORTOMAGGIORE",
   "266": "RO",
   "267": "SANT'AGOSTINO",
   "268": "VIGARANO MAINARDA",
   "269": "VOGHIERA",
   "270": "TRESIGALLO",
   "271": "GORO",
   "272": "MIGLIARO",
   "273": "ALFONSINE",
   "274": "BAGNACAVALLO",
   "275": "BAGNARA DI ROMAGNA",
   "276": "BRISIGHELLA",
   "277": "CASOLA VALSENIO",
   "278": "CASTEL BOLOGNESE",
   "279": "CERVIA",
   "280": "CONSELICE",
   "281": "COTIGNOLA",
   "282": "FAENZA",
   "283": "FUSIGNANO",
   "284": "LUGO",
   "285": "MASSA LOMBARDA",
   "286": "RAVENNA",
   "287": "RIOLO TERME",
   "288": "RUSSI",
   "289": "SANT'AGATA SUL SANTERNO",
   "290": "SOLAROLO",
   "291": "BAGNO DI ROMAGNA",
   "292": "BELLARIA-IGEA MARINA",
   "293": "BERTINORO",
   "294": "BORGHI",
   "295": "CASTROCARO TERME E TERRA DEL SOLE",
   "296": "CATTOLICA",
   "297": "CESENA",
   "298": "CESENATICO",
   "299": "CIVITELLA DI ROMAGNA",
   "300": "CORIANO",
   "301": "DOVADOLA",
   "302": "FORLI'",
   "303": "FORLIMPOPOLI",
   "304": "GALEATA",
   "305": "GAMBETTOLA",
   "306": "GATTEO",
   "307": "GEMMANO",
   "308": "LONGIANO",
   "309": "MELDOLA",
   "310": "MERCATO SARACENO",
   "311": "MISANO ADRIATICO",
   "312": "MODIGLIANA",
   "313": "MONDAINO",
   "314": "MONTE COLOMBO",
   "315": "MONTEFIORE CONCA",
   "316": "MONTEGRIDOLFO",
   "317": "MONTESCUDO",
   "318": "MONTIANO",
   "319": "MORCIANO DI ROMAGNA",
   "320": "POGGIO BERNI",
   "321": "PORTICO E SAN BENEDETTO",
   "322": "PREDAPPIO",
   "323": "PREMILCUORE",
   "324": "RICCIONE",
   "325": "RIMINI",
   "326": "ROCCA SAN CASCIANO",
   "327": "RONCOFREDDO",
   "328": "SALUDECIO",
   "329": "SAN CLEMENTE",
   "330": "SAN GIOVANNI IN MARIGNANO",
   "331": "SAN MAURO PASCOLI",
   "332": "SANTARCANGELO DI ROMAGNA",
   "333": "SANTA SOFIA",
   "334": "SARSINA",
   "335": "SAVIGNANO SUL RUBICONE",
   "336": "SOGLIANO AL RUBICONE",
   "337": "TORRIANA",
   "338": "TREDOZIO",
   "339": "VERGHERETO",
   "340": "VERUCCHIO"
}