{
   "0": "AIROLE",
   "1": "APRICALE",
   "2": "AQUILA DI ARROSCIA",
   "3": "ARMO",
   "4": "AURIGO",
   "5": "BADALUCCO",
   "6": "BAIARDO",
   "7": "BORDIGHERA",
   "8": "BORGHETTO D'ARROSCIA",
   "9": "BORGOMARO",
   "10": "CAMPOROSSO",
   "11": "CARAVONICA",
   "12": "CARPASIO",
   "13": "CASTELLARO",
   "14": "CASTEL VITTORIO",
   "15": "CERIANA",
   "16": "CERVO",
   "17": "CESIO",
   "18": "CHIUSANICO",
   "19": "CHIUSAVECCHIA",
   "20": "CIPRESSA",
   "21": "CIVEZZA",
   "22": "COSIO DI ARROSCIA",
   "23": "COSTARAINERA",
   "24": "DIANO ARENTINO",
   "25": "DIANO CASTELLO",
   "26": "DIANO MARINA",
   "27": "DIANO SAN PIETRO",
   "28": "DOLCEACQUA",
   "29": "DOLCEDO",
   "30": "IMPERIA",
   "31": "ISOLABONA",
   "32": "LUCINASCO",
   "33": "MENDATICA",
   "34": "MOLINI DI TRIORA",
   "35": "MONTALTO LIGURE",
   "36": "MONTEGROSSO PIAN LATTE",
   "37": "OLIVETTA SAN MICHELE",
   "38": "OSPEDALETTI",
   "39": "PERINALDO",
   "40": "PIETRABRUNA",
   "41": "PIEVE DI TECO",
   "42": "PIGNA",
   "43": "POMPEIANA",
   "44": "PONTEDASSIO",
   "45": "PORNASSIO",
   "46": "PRELA'",
   "47": "RANZO",
   "48": "REZZO",
   "49": "RIVA LIGURE",
   "50": "ROCCHETTA NERVINA",
   "51": "SAN BARTOLOMEO AL MARE",
   "52": "SAN BIAGIO DELLA CIMA",
   "53": "SAN LORENZO AL MARE",
   "54": "SAN REMO",
   "55": "SANTO STEFANO AL MARE",
   "56": "SEBORGA",
   "57": "SOLDANO",
   "58": "TAGGIA",
   "59": "TERZORIO",
   "60": "TRIORA",
   "61": "VALLEBONA",
   "62": "VALLECROSIA",
   "63": "VASIA",
   "64": "VENTIMIGLIA",
   "65": "VESSALICO",
   "66": "VILLA FARALDI",
   "67": "ALASSIO",
   "68": "ALBENGA",
   "69": "ALBISOLA MARINA",
   "70": "ALBISOLA SUPERIORE",
   "71": "ALTARE",
   "72": "ANDORA",
   "73": "ARNASCO",
   "74": "BALESTRINO",
   "75": "BARDINETO",
   "76": "BERGEGGI",
   "77": "BOISSANO",
   "78": "BORGHETTO SANTO SPIRITO",
   "79": "BORGIO VEREZZI",
   "80": "BORMIDA",
   "81": "CAIRO MONTENOTTE",
   "82": "CALICE LIGURE",
   "83": "CALIZZANO",
   "84": "CARCARE",
   "85": "CASANOVA LERRONE",
   "86": "CASTELBIANCO",
   "87": "CASTELVECCHIO DI ROCCA BARBENA",
   "88": "CELLE LIGURE",
   "89": "CENGIO",
   "90": "CERIALE",
   "91": "CISANO SUL NEVA",
   "92": "COSSERIA",
   "93": "DEGO",
   "94": "ERLI",
   "95": "FINALE LIGURE",
   "96": "GARLENDA",
   "97": "GIUSTENICE",
   "98": "GIUSVALLA",
   "99": "LAIGUEGLIA",
   "100": "LOANO",
   "101": "MAGLIOLO",
   "102": "MALLARE",
   "103": "MASSIMINO",
   "104": "MILLESIMO",
   "105": "MIOGLIA",
   "106": "MURIALDO",
   "107": "NASINO",
   "108": "NOLI",
   "109": "ONZO",
   "110": "ORCO FEGLINO",
   "111": "ORTOVERO",
   "112": "OSIGLIA",
   "113": "PALLARE",
   "114": "PIANA CRIXIA",
   "115": "PIETRA LIGURE",
   "116": "PLODIO",
   "117": "PONTINVREA",
   "118": "QUILIANO",
   "119": "RIALTO",
   "120": "ROCCAVIGNALE",
   "121": "SASSELLO",
   "122": "SAVONA",
   "123": "SPOTORNO",
   "124": "STELLA",
   "125": "STELLANELLO",
   "126": "TESTICO",
   "127": "TOIRANO",
   "128": "TOVO SAN GIACOMO",
   "129": "URBE",
   "130": "VADO LIGURE",
   "131": "VARAZZE",
   "132": "VENDONE",
   "133": "VEZZI PORTIO",
   "134": "VILLANOVA D'ALBENGA",
   "135": "ZUCCARELLO",
   "136": "ARENZANO",
   "137": "AVEGNO",
   "138": "BARGAGLI",
   "139": "BOGLIASCO",
   "140": "BORZONASCA",
   "141": "BUSALLA",
   "142": "CAMOGLI",
   "143": "CAMPO LIGURE",
   "144": "CAMPOMORONE",
   "145": "CARASCO",
   "146": "CASARZA LIGURE",
   "147": "CASELLA",
   "148": "CASTIGLIONE CHIAVARESE",
   "149": "CERANESI",
   "150": "CHIAVARI",
   "151": "CICAGNA",
   "152": "COGOLETO",
   "153": "COGORNO",
   "154": "COREGLIA LIGURE",
   "155": "CROCEFIESCHI",
   "156": "DAVAGNA",
   "157": "FASCIA",
   "158": "FAVALE DI MALVARO",
   "159": "FONTANIGORDA",
   "160": "GENOVA",
   "161": "GORRETO",
   "162": "ISOLA DEL CANTONE",
   "163": "LAVAGNA",
   "164": "LEIVI",
   "165": "LORSICA",
   "166": "LUMARZO",
   "167": "MASONE",
   "168": "MELE",
   "169": "MEZZANEGO",
   "170": "MIGNANEGO",
   "171": "MOCONESI",
   "172": "MONEGLIA",
   "173": "MONTEBRUNO",
   "174": "MONTOGGIO",
   "175": "NE",
   "176": "NEIRONE",
   "177": "ORERO",
   "178": "PIEVE LIGURE",
   "179": "PORTOFINO",
   "180": "PROPATA",
   "181": "RAPALLO",
   "182": "RECCO",
   "183": "REZZOAGLIO",
   "184": "RONCO SCRIVIA",
   "185": "RONDANINA",
   "186": "ROSSIGLIONE",
   "187": "ROVEGNO",
   "188": "SAN COLOMBANO CERTENOLI",
   "189": "SANTA MARGHERITA LIGURE",
   "190": "SANT'OLCESE",
   "191": "SANTO STEFANO D'AVETO",
   "192": "SAVIGNONE",
   "193": "SERRA RICCO'",
   "194": "SESTRI LEVANTE",
   "195": "SORI",
   "196": "TIGLIETO",
   "197": "TORRIGLIA",
   "198": "TRIBOGNA",
   "199": "USCIO",
   "200": "VALBREVENNA",
   "201": "VOBBIA",
   "202": "ZOAGLI",
   "203": "AMEGLIA",
   "204": "ARCOLA",
   "205": "BEVERINO",
   "206": "BOLANO",
   "207": "BONASSOLA",
   "208": "BORGHETTO DI VARA",
   "209": "BRUGNATO",
   "210": "CALICE AL CORNOVIGLIO",
   "211": "CARRO",
   "212": "CARRODANO",
   "213": "CASTELNUOVO MAGRA",
   "214": "DEIVA MARINA",
   "215": "FOLLO",
   "216": "FRAMURA",
   "217": "LA SPEZIA",
   "218": "LERICI",
   "219": "LEVANTO",
   "220": "MAISSANA",
   "221": "MONTEROSSO AL MARE",
   "222": "ORTONOVO",
   "223": "PIGNONE",
   "224": "PORTOVENERE",
   "225": "RICCO' DEL GOLFO DI SPEZIA",
   "226": "RIOMAGGIORE",
   "227": "ROCCHETTA DI VARA",
   "228": "SANTO STEFANO DI MAGRA",
   "229": "SARZANA",
   "230": "SESTA GODANO",
   "231": "VARESE LIGURE",
   "232": "VERNAZZA",
   "233": "VEZZANO LIGURE",
   "234": "ZIGNAGO"
}