{
   "0": "ACCIANO",
   "1": "AIELLI",
   "2": "ALFEDENA",
   "3": "ANVERSA DEGLI ABRUZZI",
   "4": "ATELETA",
   "5": "AVEZZANO",
   "6": "BALSORANO",
   "7": "BARETE",
   "8": "BARISCIANO",
   "9": "BARREA",
   "10": "BISEGNA",
   "11": "BUGNARA",
   "12": "CAGNANO AMITERNO",
   "13": "CALASCIO",
   "14": "CAMPO DI GIOVE",
   "15": "CAMPOTOSTO",
   "16": "CANISTRO",
   "17": "CANSANO",
   "18": "CAPESTRANO",
   "19": "CAPISTRELLO",
   "20": "CAPITIGNANO",
   "21": "CAPORCIANO",
   "22": "CAPPADOCIA",
   "23": "CARAPELLE CALVISIO",
   "24": "CARSOLI",
   "25": "CASTEL DEL MONTE",
   "26": "CASTEL DI IERI",
   "27": "CASTEL DI SANGRO",
   "28": "CASTELLAFIUME",
   "29": "CASTELVECCHIO CALVISIO",
   "30": "CASTELVECCHIO SUBEQUO",
   "31": "CELANO",
   "32": "CERCHIO",
   "33": "CIVITA D'ANTINO",
   "34": "CIVITELLA ALFEDENA",
   "35": "CIVITELLA ROVETO",
   "36": "COCULLO",
   "37": "COLLARMELE",
   "38": "COLLELONGO",
   "39": "COLLEPIETRO",
   "40": "CORFINIO",
   "41": "FAGNANO ALTO",
   "42": "FONTECCHIO",
   "43": "FOSSA",
   "44": "GAGLIANO ATERNO",
   "45": "GIOIA DEI MARSI",
   "46": "GORIANO SICOLI",
   "47": "INTRODACQUA",
   "48": "L'AQUILA",
   "49": "LECCE NEI MARSI",
   "50": "LUCO DEI MARSI",
   "51": "LUCOLI",
   "52": "MAGLIANO DE' MARSI",
   "53": "MASSA D'ALBE",
   "54": "MOLINA ATERNO",
   "55": "MONTEREALE",
   "56": "MORINO",
   "57": "NAVELLI",
   "58": "OCRE",
   "59": "OFENA",
   "60": "OPI",
   "61": "ORICOLA",
   "62": "ORTONA DEI MARSI",
   "63": "ORTUCCHIO",
   "64": "OVINDOLI",
   "65": "PACENTRO",
   "66": "PERETO",
   "67": "PESCASSEROLI",
   "68": "PESCINA",
   "69": "PESCOCOSTANZO",
   "70": "PETTORANO SUL GIZIO",
   "71": "PIZZOLI",
   "72": "POGGIO PICENZE",
   "73": "PRATA D'ANSIDONIA",
   "74": "PRATOLA PELIGNA",
   "75": "PREZZA",
   "76": "RAIANO",
   "77": "RIVISONDOLI",
   "78": "ROCCACASALE",
   "79": "ROCCA DI BOTTE",
   "80": "ROCCA DI CAMBIO",
   "81": "ROCCA DI MEZZO",
   "82": "ROCCA PIA",
   "83": "ROCCARASO",
   "84": "SAN BENEDETTO DEI MARSI",
   "85": "SAN BENEDETTO IN PERILLIS",
   "86": "SAN DEMETRIO NE' VESTINI",
   "87": "SAN PIO DELLE CAMERE",
   "88": "SANTE MARIE",
   "89": "SANT'EUSANIO FORCONESE",
   "90": "SANTO STEFANO DI SESSANIO",
   "91": "SAN VINCENZO VALLE ROVETO",
   "92": "SCANNO",
   "93": "SCONTRONE",
   "94": "SCOPPITO",
   "95": "SCURCOLA MARSICANA",
   "96": "SECINARO",
   "97": "SULMONA",
   "98": "TAGLIACOZZO",
   "99": "TIONE DEGLI ABRUZZI",
   "100": "TORNIMPARTE",
   "101": "TRASACCO",
   "102": "VILLALAGO",
   "103": "VILLA SANTA LUCIA DEGLI ABRUZZI",
   "104": "VILLA SANT'ANGELO",
   "105": "VILLAVALLELONGA",
   "106": "VILLETTA BARREA",
   "107": "VITTORITO",
   "108": "ALBA ADRIATICA",
   "109": "ANCARANO",
   "110": "ARSITA",
   "111": "ATRI",
   "112": "BASCIANO",
   "113": "BELLANTE",
   "114": "BISENTI",
   "115": "CAMPLI",
   "116": "CANZANO",
   "117": "CASTEL CASTAGNA",
   "118": "CASTELLALTO",
   "119": "CASTELLI",
   "120": "CASTIGLIONE MESSER RAIMONDO",
   "121": "CASTILENTI",
   "122": "CELLINO ATTANASIO",
   "123": "CERMIGNANO",
   "124": "CIVITELLA DEL TRONTO",
   "125": "COLLEDARA",
   "126": "COLONNELLA",
   "127": "CONTROGUERRA",
   "128": "CORROPOLI",
   "129": "CORTINO",
   "130": "CROGNALETO",
   "131": "FANO ADRIANO",
   "132": "GIULIANOVA",
   "133": "ISOLA DEL GRAN SASSO D'ITALIA",
   "134": "MONTEFINO",
   "135": "MONTORIO AL VOMANO",
   "136": "MORRO D'ORO",
   "137": "MOSCIANO SANT'ANGELO",
   "138": "NERETO",
   "139": "NOTARESCO",
   "140": "PENNA SANT'ANDREA",
   "141": "PIETRACAMELA",
   "142": "PINETO",
   "143": "ROCCA SANTA MARIA",
   "144": "ROSETO DEGLI ABRUZZI",
   "145": "SANT'EGIDIO ALLA VIBRATA",
   "146": "SANT'OMERO",
   "147": "SILVI",
   "148": "TERAMO",
   "149": "TORANO NUOVO",
   "150": "TORRICELLA SICURA",
   "151": "TORTORETO",
   "152": "TOSSICIA",
   "153": "VALLE CASTELLANA",
   "154": "MARTINSICURO",
   "155": "ABBATEGGIO",
   "156": "ALANNO",
   "157": "BOLOGNANO",
   "158": "BRITTOLI",
   "159": "BUSSI SUL TIRINO",
   "160": "CAPPELLE SUL TAVO",
   "161": "CARAMANICO TERME",
   "162": "CARPINETO DELLA NORA",
   "163": "CASTIGLIONE A CASAURIA",
   "164": "CATIGNANO",
   "165": "CEPAGATTI",
   "166": "CITTA' SANT'ANGELO",
   "167": "CIVITAQUANA",
   "168": "CIVITELLA CASANOVA",
   "169": "COLLECORVINO",
   "170": "CORVARA",
   "171": "CUGNOLI",
   "172": "ELICE",
   "173": "FARINDOLA",
   "174": "LETTOMANOPPELLO",
   "175": "LORETO APRUTINO",
   "176": "MANOPPELLO",
   "177": "MONTEBELLO DI BERTONA",
   "178": "MONTESILVANO",
   "179": "MOSCUFO",
   "180": "NOCCIANO",
   "181": "PENNE",
   "182": "PESCARA",
   "183": "PESCOSANSONESCO",
   "184": "PIANELLA",
   "185": "PICCIANO",
   "186": "PIETRANICO",
   "187": "POPOLI",
   "188": "ROCCAMORICE",
   "189": "ROSCIANO",
   "190": "SALLE",
   "191": "SANT'EUFEMIA A MAIELLA",
   "192": "SAN VALENTINO IN ABRUZZO CITERIORE",
   "193": "SCAFA",
   "194": "SERRAMONACESCA",
   "195": "SPOLTORE",
   "196": "TOCCO DA CASAURIA",
   "197": "TORRE DE' PASSERI",
   "198": "TURRIVALIGNANI",
   "199": "VICOLI",
   "200": "VILLA CELIERA",
   "201": "ALTINO",
   "202": "ARCHI",
   "203": "ARI",
   "204": "ARIELLI",
   "205": "ATESSA",
   "206": "BOMBA",
   "207": "BORRELLO",
   "208": "BUCCHIANICO",
   "209": "MONTEBELLO SUL SANGRO",
   "210": "CANOSA SANNITA",
   "211": "CARPINETO SINELLO",
   "212": "CARUNCHIO",
   "213": "CASACANDITELLA",
   "214": "CASALANGUIDA",
   "215": "CASALBORDINO",
   "216": "CASALINCONTRADA",
   "217": "CASOLI",
   "218": "CASTEL FRENTANO",
   "219": "CASTELGUIDONE",
   "220": "CASTIGLIONE MESSER MARINO",
   "221": "CELENZA SUL TRIGNO",
   "222": "CHIETI",
   "223": "CIVITALUPARELLA",
   "224": "CIVITELLA MESSER RAIMONDO",
   "225": "COLLEDIMACINE",
   "226": "COLLEDIMEZZO",
   "227": "CRECCHIO",
   "228": "CUPELLO",
   "229": "DOGLIOLA",
   "230": "FARA FILIORUM PETRI",
   "231": "FARA SAN MARTINO",
   "232": "FILETTO",
   "233": "FOSSACESIA",
   "234": "FRAINE",
   "235": "FRANCAVILLA AL MARE",
   "236": "FRESAGRANDINARIA",
   "237": "FRISA",
   "238": "FURCI",
   "239": "GAMBERALE",
   "240": "GESSOPALENA",
   "241": "GISSI",
   "242": "GIULIANO TEATINO",
   "243": "GUARDIAGRELE",
   "244": "GUILMI",
   "245": "LAMA DEI PELIGNI",
   "246": "LANCIANO",
   "247": "LENTELLA",
   "248": "LETTOPALENA",
   "249": "LISCIA",
   "250": "MIGLIANICO",
   "251": "MONTAZZOLI",
   "252": "MONTEFERRANTE",
   "253": "MONTELAPIANO",
   "254": "MONTENERODOMO",
   "255": "MONTEODORISIO",
   "256": "MOZZAGROGNA",
   "257": "ORSOGNA",
   "258": "ORTONA",
   "259": "PAGLIETA",
   "260": "PALENA",
   "261": "PALMOLI",
   "262": "PALOMBARO",
   "263": "PENNADOMO",
   "264": "PENNAPIEDIMONTE",
   "265": "PERANO",
   "266": "PIZZOFERRATO",
   "267": "POGGIOFIORITO",
   "268": "POLLUTRI",
   "269": "PRETORO",
   "270": "QUADRI",
   "271": "RAPINO",
   "272": "RIPA TEATINA",
   "273": "ROCCAMONTEPIANO",
   "274": "ROCCA SAN GIOVANNI",
   "275": "ROCCASCALEGNA",
   "276": "ROCCASPINALVETI",
   "277": "ROIO DEL SANGRO",
   "278": "ROSELLO",
   "279": "SAN BUONO",
   "280": "SAN GIOVANNI LIPIONI",
   "281": "SAN GIOVANNI TEATINO",
   "282": "SAN MARTINO SULLA MARRUCINA",
   "283": "SAN SALVO",
   "284": "SANTA MARIA IMBARO",
   "285": "SANT'EUSANIO DEL SANGRO",
   "286": "SAN VITO CHIETINO",
   "287": "SCERNI",
   "288": "SCHIAVI DI ABRUZZO",
   "289": "TARANTA PELIGNA",
   "290": "TOLLO",
   "291": "TORINO DI SANGRO",
   "292": "TORNARECCIO",
   "293": "TORREBRUNA",
   "294": "TORREVECCHIA TEATINA",
   "295": "TORRICELLA PELIGNA",
   "296": "TREGLIO",
   "297": "TUFILLO",
   "298": "VACRI",
   "299": "VASTO",
   "300": "VILLALFONSINA",
   "301": "VILLAMAGNA",
   "302": "VILLA SANTA MARIA",
   "303": "PIETRAFERRAZZANA",
   "304": "FALLO"
}