{
   "ACCIANO": 0,
   "AIELLI": 1,
   "ALFEDENA": 2,
   "ANVERSA DEGLI ABRUZZI": 3,
   "ATELETA": 4,
   "AVEZZANO": 5,
   "BALSORANO": 6,
   "BARETE": 7,
   "BARISCIANO": 8,
   "BARREA": 9,
   "BISEGNA": 10,
   "BUGNARA": 11,
   "CAGNANO AMITERNO": 12,
   "CALASCIO": 13,
   "CAMPO DI GIOVE": 14,
   "CAMPOTOSTO": 15,
   "CANISTRO": 16,
   "CANSANO": 17,
   "CAPESTRANO": 18,
   "CAPISTRELLO": 19,
   "CAPITIGNANO": 20,
   "CAPORCIANO": 21,
   "CAPPADOCIA": 22,
   "CARAPELLE CALVISIO": 23,
   "CARSOLI": 24,
   "CASTEL DEL MONTE": 25,
   "CASTEL DI IERI": 26,
   "CASTEL DI SANGRO": 27,
   "CASTELLAFIUME": 28,
   "CASTELVECCHIO CALVISIO": 29,
   "CASTELVECCHIO SUBEQUO": 30,
   "CELANO": 31,
   "CERCHIO": 32,
   "CIVITA D'ANTINO": 33,
   "CIVITELLA ALFEDENA": 34,
   "CIVITELLA ROVETO": 35,
   "COCULLO": 36,
   "COLLARMELE": 37,
   "COLLELONGO": 38,
   "COLLEPIETRO": 39,
   "CORFINIO": 40,
   "FAGNANO ALTO": 41,
   "FONTECCHIO": 42,
   "FOSSA": 43,
   "GAGLIANO ATERNO": 44,
   "GIOIA DEI MARSI": 45,
   "GORIANO SICOLI": 46,
   "INTRODACQUA": 47,
   "L'AQUILA": 48,
   "LECCE NEI MARSI": 49,
   "LUCO DEI MARSI": 50,
   "LUCOLI": 51,
   "MAGLIANO DE' MARSI": 52,
   "MASSA D'ALBE": 53,
   "MOLINA ATERNO": 54,
   "MONTEREALE": 55,
   "MORINO": 56,
   "NAVELLI": 57,
   "OCRE": 58,
   "OFENA": 59,
   "OPI": 60,
   "ORICOLA": 61,
   "ORTONA DEI MARSI": 62,
   "ORTUCCHIO": 63,
   "OVINDOLI": 64,
   "PACENTRO": 65,
   "PERETO": 66,
   "PESCASSEROLI": 67,
   "PESCINA": 68,
   "PESCOCOSTANZO": 69,
   "PETTORANO SUL GIZIO": 70,
   "PIZZOLI": 71,
   "POGGIO PICENZE": 72,
   "PRATA D'ANSIDONIA": 73,
   "PRATOLA PELIGNA": 74,
   "PREZZA": 75,
   "RAIANO": 76,
   "RIVISONDOLI": 77,
   "ROCCACASALE": 78,
   "ROCCA DI BOTTE": 79,
   "ROCCA DI CAMBIO": 80,
   "ROCCA DI MEZZO": 81,
   "ROCCA PIA": 82,
   "ROCCARASO": 83,
   "SAN BENEDETTO DEI MARSI": 84,
   "SAN BENEDETTO IN PERILLIS": 85,
   "SAN DEMETRIO NE' VESTINI": 86,
   "SAN PIO DELLE CAMERE": 87,
   "SANTE MARIE": 88,
   "SANT'EUSANIO FORCONESE": 89,
   "SANTO STEFANO DI SESSANIO": 90,
   "SAN VINCENZO VALLE ROVETO": 91,
   "SCANNO": 92,
   "SCONTRONE": 93,
   "SCOPPITO": 94,
   "SCURCOLA MARSICANA": 95,
   "SECINARO": 96,
   "SULMONA": 97,
   "TAGLIACOZZO": 98,
   "TIONE DEGLI ABRUZZI": 99,
   "TORNIMPARTE": 100,
   "TRASACCO": 101,
   "VILLALAGO": 102,
   "VILLA SANTA LUCIA DEGLI ABRUZZI": 103,
   "VILLA SANT'ANGELO": 104,
   "VILLAVALLELONGA": 105,
   "VILLETTA BARREA": 106,
   "VITTORITO": 107,
   "ALBA ADRIATICA": 108,
   "ANCARANO": 109,
   "ARSITA": 110,
   "ATRI": 111,
   "BASCIANO": 112,
   "BELLANTE": 113,
   "BISENTI": 114,
   "CAMPLI": 115,
   "CANZANO": 116,
   "CASTEL CASTAGNA": 117,
   "CASTELLALTO": 118,
   "CASTELLI": 119,
   "CASTIGLIONE MESSER RAIMONDO": 120,
   "CASTILENTI": 121,
   "CELLINO ATTANASIO": 122,
   "CERMIGNANO": 123,
   "CIVITELLA DEL TRONTO": 124,
   "COLLEDARA": 125,
   "COLONNELLA": 126,
   "CONTROGUERRA": 127,
   "CORROPOLI": 128,
   "CORTINO": 129,
   "CROGNALETO": 130,
   "FANO ADRIANO": 131,
   "GIULIANOVA": 132,
   "ISOLA DEL GRAN SASSO D'ITALIA": 133,
   "MONTEFINO": 134,
   "MONTORIO AL VOMANO": 135,
   "MORRO D'ORO": 136,
   "MOSCIANO SANT'ANGELO": 137,
   "NERETO": 138,
   "NOTARESCO": 139,
   "PENNA SANT'ANDREA": 140,
   "PIETRACAMELA": 141,
   "PINETO": 142,
   "ROCCA SANTA MARIA": 143,
   "ROSETO DEGLI ABRUZZI": 144,
   "SANT'EGIDIO ALLA VIBRATA": 145,
   "SANT'OMERO": 146,
   "SILVI": 147,
   "TERAMO": 148,
   "TORANO NUOVO": 149,
   "TORRICELLA SICURA": 150,
   "TORTORETO": 151,
   "TOSSICIA": 152,
   "VALLE CASTELLANA": 153,
   "MARTINSICURO": 154,
   "ABBATEGGIO": 155,
   "ALANNO": 156,
   "BOLOGNANO": 157,
   "BRITTOLI": 158,
   "BUSSI SUL TIRINO": 159,
   "CAPPELLE SUL TAVO": 160,
   "CARAMANICO TERME": 161,
   "CARPINETO DELLA NORA": 162,
   "CASTIGLIONE A CASAURIA": 163,
   "CATIGNANO": 164,
   "CEPAGATTI": 165,
   "CITTA' SANT'ANGELO": 166,
   "CIVITAQUANA": 167,
   "CIVITELLA CASANOVA": 168,
   "COLLECORVINO": 169,
   "CORVARA": 170,
   "CUGNOLI": 171,
   "ELICE": 172,
   "FARINDOLA": 173,
   "LETTOMANOPPELLO": 174,
   "LORETO APRUTINO": 175,
   "MANOPPELLO": 176,
   "MONTEBELLO DI BERTONA": 177,
   "MONTESILVANO": 178,
   "MOSCUFO": 179,
   "NOCCIANO": 180,
   "PENNE": 181,
   "PESCARA": 182,
   "PESCOSANSONESCO": 183,
   "PIANELLA": 184,
   "PICCIANO": 185,
   "PIETRANICO": 186,
   "POPOLI": 187,
   "ROCCAMORICE": 188,
   "ROSCIANO": 189,
   "SALLE": 190,
   "SANT'EUFEMIA A MAIELLA": 191,
   "SAN VALENTINO IN ABRUZZO CITERIORE": 192,
   "SCAFA": 193,
   "SERRAMONACESCA": 194,
   "SPOLTORE": 195,
   "TOCCO DA CASAURIA": 196,
   "TORRE DE' PASSERI": 197,
   "TURRIVALIGNANI": 198,
   "VICOLI": 199,
   "VILLA CELIERA": 200,
   "ALTINO": 201,
   "ARCHI": 202,
   "ARI": 203,
   "ARIELLI": 204,
   "ATESSA": 205,
   "BOMBA": 206,
   "BORRELLO": 207,
   "BUCCHIANICO": 208,
   "MONTEBELLO SUL SANGRO": 209,
   "CANOSA SANNITA": 210,
   "CARPINETO SINELLO": 211,
   "CARUNCHIO": 212,
   "CASACANDITELLA": 213,
   "CASALANGUIDA": 214,
   "CASALBORDINO": 215,
   "CASALINCONTRADA": 216,
   "CASOLI": 217,
   "CASTEL FRENTANO": 218,
   "CASTELGUIDONE": 219,
   "CASTIGLIONE MESSER MARINO": 220,
   "CELENZA SUL TRIGNO": 221,
   "CHIETI": 222,
   "CIVITALUPARELLA": 223,
   "CIVITELLA MESSER RAIMONDO": 224,
   "COLLEDIMACINE": 225,
   "COLLEDIMEZZO": 226,
   "CRECCHIO": 227,
   "CUPELLO": 228,
   "DOGLIOLA": 229,
   "FARA FILIORUM PETRI": 230,
   "FARA SAN MARTINO": 231,
   "FILETTO": 232,
   "FOSSACESIA": 233,
   "FRAINE": 234,
   "FRANCAVILLA AL MARE": 235,
   "FRESAGRANDINARIA": 236,
   "FRISA": 237,
   "FURCI": 238,
   "GAMBERALE": 239,
   "GESSOPALENA": 240,
   "GISSI": 241,
   "GIULIANO TEATINO": 242,
   "GUARDIAGRELE": 243,
   "GUILMI": 244,
   "LAMA DEI PELIGNI": 245,
   "LANCIANO": 246,
   "LENTELLA": 247,
   "LETTOPALENA": 248,
   "LISCIA": 249,
   "MIGLIANICO": 250,
   "MONTAZZOLI": 251,
   "MONTEFERRANTE": 252,
   "MONTELAPIANO": 253,
   "MONTENERODOMO": 254,
   "MONTEODORISIO": 255,
   "MOZZAGROGNA": 256,
   "ORSOGNA": 257,
   "ORTONA": 258,
   "PAGLIETA": 259,
   "PALENA": 260,
   "PALMOLI": 261,
   "PALOMBARO": 262,
   "PENNADOMO": 263,
   "PENNAPIEDIMONTE": 264,
   "PERANO": 265,
   "PIZZOFERRATO": 266,
   "POGGIOFIORITO": 267,
   "POLLUTRI": 268,
   "PRETORO": 269,
   "QUADRI": 270,
   "RAPINO": 271,
   "RIPA TEATINA": 272,
   "ROCCAMONTEPIANO": 273,
   "ROCCA SAN GIOVANNI": 274,
   "ROCCASCALEGNA": 275,
   "ROCCASPINALVETI": 276,
   "ROIO DEL SANGRO": 277,
   "ROSELLO": 278,
   "SAN BUONO": 279,
   "SAN GIOVANNI LIPIONI": 280,
   "SAN GIOVANNI TEATINO": 281,
   "SAN MARTINO SULLA MARRUCINA": 282,
   "SAN SALVO": 283,
   "SANTA MARIA IMBARO": 284,
   "SANT'EUSANIO DEL SANGRO": 285,
   "SAN VITO CHIETINO": 286,
   "SCERNI": 287,
   "SCHIAVI DI ABRUZZO": 288,
   "TARANTA PELIGNA": 289,
   "TOLLO": 290,
   "TORINO DI SANGRO": 291,
   "TORNARECCIO": 292,
   "TORREBRUNA": 293,
   "TORREVECCHIA TEATINA": 294,
   "TORRICELLA PELIGNA": 295,
   "TREGLIO": 296,
   "TUFILLO": 297,
   "VACRI": 298,
   "VASTO": 299,
   "VILLALFONSINA": 300,
   "VILLAMAGNA": 301,
   "VILLA SANTA MARIA": 302,
   "PIETRAFERRAZZANA": 303,
   "FALLO": 304
}