{
   "0": "AGRA",
   "1": "ALBIZZATE",
   "2": "ANGERA",
   "3": "ARCISATE",
   "4": "ARSAGO SEPRIO",
   "5": "AZZATE",
   "6": "AZZIO",
   "7": "BARASSO",
   "8": "BARDELLO",
   "9": "BEDERO VALCUVIA",
   "10": "BESANO",
   "11": "BESNATE",
   "12": "BESOZZO",
   "13": "BIANDRONNO",
   "14": "BISUSCHIO",
   "15": "BODIO LOMNAGO",
   "16": "BREBBIA",
   "17": "BREGANO",
   "18": "BRENTA",
   "19": "BREZZO DI BEDERO",
   "20": "BRINZIO",
   "21": "BRISSAGO-VALTRAVAGLIA",
   "22": "BRUNELLO",
   "23": "BRUSIMPIANO",
   "24": "BUGUGGIATE",
   "25": "BUSTO ARSIZIO",
   "26": "CADEGLIANO-VICONAGO",
   "27": "CADREZZATE",
   "28": "CAIRATE",
   "29": "CANTELLO",
   "30": "CARAVATE",
   "31": "CARDANO AL CAMPO",
   "32": "CARNAGO",
   "33": "CARONNO PERTUSELLA",
   "34": "CARONNO VARESINO",
   "35": "CASALE LITTA",
   "36": "CASALZUIGNO",
   "37": "CASCIAGO",
   "38": "CASORATE SEMPIONE",
   "39": "CASSANO MAGNAGO",
   "40": "CASSANO VALCUVIA",
   "41": "CASTELLANZA",
   "42": "CASTELLO CABIAGLIO",
   "43": "CASTELSEPRIO",
   "44": "CASTELVECCANA",
   "45": "CASTIGLIONE OLONA",
   "46": "CASTRONNO",
   "47": "CAVARIA CON PREMEZZO",
   "48": "CAZZAGO BRABBIA",
   "49": "CISLAGO",
   "50": "CITTIGLIO",
   "51": "CLIVIO",
   "52": "COCQUIO-TREVISAGO",
   "53": "COMABBIO",
   "54": "COMERIO",
   "55": "CREMENAGA",
   "56": "CROSIO DELLA VALLE",
   "57": "CUASSO AL MONTE",
   "58": "CUGLIATE-FABIASCO",
   "59": "CUNARDO",
   "60": "CURIGLIA CON MONTEVIASCO",
   "61": "CUVEGLIO",
   "62": "CUVIO",
   "63": "DAVERIO",
   "64": "DUMENZA",
   "65": "DUNO",
   "66": "FAGNANO OLONA",
   "67": "FERNO",
   "68": "FERRERA DI VARESE",
   "69": "GALLARATE",
   "70": "GALLIATE LOMBARDO",
   "71": "GAVIRATE",
   "72": "GAZZADA SCHIANNO",
   "73": "GEMONIO",
   "74": "GERENZANO",
   "75": "GERMIGNAGA",
   "76": "GOLASECCA",
   "77": "GORLA MAGGIORE",
   "78": "GORLA MINORE",
   "79": "GORNATE-OLONA",
   "80": "GRANTOLA",
   "81": "INARZO",
   "82": "INDUNO OLONA",
   "83": "ISPRA",
   "84": "JERAGO CON ORAGO",
   "85": "LAVENA PONTE TRESA",
   "86": "LAVENO-MOMBELLO",
   "87": "LEGGIUNO",
   "88": "LONATE CEPPINO",
   "89": "LONATE POZZOLO",
   "90": "LOZZA",
   "91": "LUINO",
   "92": "LUVINATE",
   "93": "MACCAGNO",
   "94": "MALGESSO",
   "95": "MALNATE",
   "96": "MARCHIROLO",
   "97": "MARNATE",
   "98": "MARZIO",
   "99": "MASCIAGO PRIMO",
   "100": "MERCALLO",
   "101": "MESENZANA",
   "102": "MONTEGRINO VALTRAVAGLIA",
   "103": "MONVALLE",
   "104": "MORAZZONE",
   "105": "MORNAGO",
   "106": "OGGIONA CON SANTO STEFANO",
   "107": "OLGIATE OLONA",
   "108": "ORIGGIO",
   "109": "ORINO",
   "110": "OSMATE",
   "111": "PINO SULLA SPONDA DEL LAGO MAGGIORE",
   "112": "PORTO CERESIO",
   "113": "PORTO VALTRAVAGLIA",
   "114": "RANCIO VALCUVIA",
   "115": "RANCO",
   "116": "SALTRIO",
   "117": "SAMARATE",
   "118": "SARONNO",
   "119": "SESTO CALENDE",
   "120": "SOLBIATE ARNO",
   "121": "SOLBIATE OLONA",
   "122": "SOMMA LOMBARDO",
   "123": "SUMIRAGO",
   "124": "TAINO",
   "125": "TERNATE",
   "126": "TRADATE",
   "127": "TRAVEDONA-MONATE",
   "128": "TRONZANO LAGO MAGGIORE",
   "129": "UBOLDO",
   "130": "VALGANNA",
   "131": "VARANO BORGHI",
   "132": "VARESE",
   "133": "VEDANO OLONA",
   "134": "VEDDASCA",
   "135": "VENEGONO INFERIORE",
   "136": "VENEGONO SUPERIORE",
   "137": "VERGIATE",
   "138": "VIGGIU'",
   "139": "VIZZOLA TICINO",
   "140": "SANGIANO",
   "141": "ABBADIA LARIANA",
   "142": "AIRUNO",
   "143": "ALBAVILLA",
   "144": "ALBESE CON CASSANO",
   "145": "ALBIOLO",
   "146": "ALSERIO",
   "147": "ALZATE BRIANZA",
   "148": "ANNONE DI BRIANZA",
   "149": "ANZANO DEL PARCO",
   "150": "APPIANO GENTILE",
   "151": "ARGEGNO",
   "152": "AROSIO",
   "153": "ASSO",
   "154": "BALLABIO",
   "155": "BARNI",
   "156": "BARZAGO",
   "157": "BARZANO'",
   "158": "BARZIO",
   "159": "BELLAGIO",
   "160": "BELLANO",
   "161": "BENE LARIO",
   "162": "BEREGAZZO CON FIGLIARO",
   "163": "BINAGO",
   "164": "BIZZARONE",
   "165": "BLESSAGNO",
   "166": "BLEVIO",
   "167": "BOSISIO PARINI",
   "168": "BREGNANO",
   "169": "BRENNA",
   "170": "BRIENNO",
   "171": "BRIVIO",
   "172": "BRUNATE",
   "173": "BULCIAGO",
   "174": "BULGAROGRASSO",
   "175": "CABIATE",
   "176": "CADORAGO",
   "177": "CAGLIO",
   "178": "CAGNO",
   "179": "CALCO",
   "180": "CAMPIONE D'ITALIA",
   "181": "CANTU'",
   "182": "CANZO",
   "183": "CAPIAGO INTIMIANO",
   "184": "CARATE URIO",
   "185": "CARBONATE",
   "186": "CARIMATE",
   "187": "CARLAZZO",
   "188": "CARUGO",
   "189": "CASARGO",
   "190": "CASASCO D'INTELVI",
   "191": "CASATENOVO",
   "192": "CASLINO D'ERBA",
   "193": "CASNATE CON BERNATE",
   "194": "CASSAGO BRIANZA",
   "195": "CASSINA RIZZARDI",
   "196": "CASSINA VALSASSINA",
   "197": "CASTELLO DI BRIANZA",
   "198": "CASTELMARTE",
   "199": "CASTELNUOVO BOZZENTE",
   "200": "CASTIGLIONE D'INTELVI",
   "201": "CAVALLASCA",
   "202": "CAVARGNA",
   "203": "CERANO D'INTELVI",
   "204": "CERMENATE",
   "205": "CERNOBBIO",
   "206": "CERNUSCO LOMBARDONE",
   "207": "CESANA BRIANZA",
   "208": "CIRIMIDO",
   "209": "CIVATE",
   "210": "CIVENNA",
   "211": "CLAINO CON OSTENO",
   "212": "COLICO",
   "213": "COLLE BRIANZA",
   "214": "COLONNO",
   "215": "COMO",
   "216": "CONSIGLIO DI RUMO",
   "217": "CORRIDO",
   "218": "CORTENOVA",
   "219": "COSTA MASNAGA",
   "220": "CRANDOLA VALSASSINA",
   "221": "CREMELLA",
   "222": "CREMENO",
   "223": "CREMIA",
   "224": "CUCCIAGO",
   "225": "CUSINO",
   "226": "DERVIO",
   "227": "DIZZASCO",
   "228": "DOLZAGO",
   "229": "DOMASO",
   "230": "DONGO",
   "231": "DORIO",
   "232": "DOSSO DEL LIRO",
   "233": "DREZZO",
   "234": "ELLO",
   "235": "ERBA",
   "236": "ESINO LARIO",
   "237": "EUPILIO",
   "238": "FAGGETO LARIO",
   "239": "FALOPPIO",
   "240": "FENEGRO'",
   "241": "FIGINO SERENZA",
   "242": "FINO MORNASCO",
   "243": "GALBIATE",
   "244": "GARBAGNATE MONASTERO",
   "245": "GARLATE",
   "246": "GARZENO",
   "247": "GERA LARIO",
   "248": "GERMASINO",
   "249": "GIRONICO",
   "250": "GRANDATE",
   "251": "GRANDOLA ED UNITI",
   "252": "GRAVEDONA",
   "253": "GRIANTE",
   "254": "GUANZATE",
   "255": "IMBERSAGO",
   "256": "INTROBIO",
   "257": "INTROZZO",
   "258": "INVERIGO",
   "259": "LAGLIO",
   "260": "LAINO",
   "261": "LAMBRUGO",
   "262": "LANZO D'INTELVI",
   "263": "LASNIGO",
   "264": "LECCO",
   "265": "LENNO",
   "266": "LEZZENO",
   "267": "LIERNA",
   "268": "LIMIDO COMASCO",
   "269": "LIPOMO",
   "270": "LIVO",
   "271": "LOCATE VARESINO",
   "272": "LOMAGNA",
   "273": "LOMAZZO",
   "274": "LONGONE AL SEGRINO",
   "275": "LUISAGO",
   "276": "LURAGO D'ERBA",
   "277": "LURAGO MARINONE",
   "278": "LURATE CACCIVIO",
   "279": "MAGREGLIO",
   "280": "MALGRATE",
   "281": "MANDELLO DEL LARIO",
   "282": "MARGNO",
   "283": "MARIANO COMENSE",
   "284": "MASLIANICO",
   "285": "MENAGGIO",
   "286": "MERATE",
   "287": "MERONE",
   "288": "MEZZEGRA",
   "289": "MISSAGLIA",
   "290": "MOGGIO",
   "291": "MOLTENO",
   "292": "MOLTRASIO",
   "293": "MONGUZZO",
   "294": "MONTANO LUCINO",
   "295": "MONTEMEZZO",
   "296": "MONTICELLO BRIANZA",
   "297": "MONTORFANO",
   "298": "MORTERONE",
   "299": "MOZZATE",
   "300": "MUSSO",
   "301": "NESSO",
   "302": "NIBIONNO",
   "303": "NOVEDRATE",
   "304": "OGGIONO",
   "305": "OLGIATE COMASCO",
   "306": "OLGIATE MOLGORA",
   "307": "OLGINATE",
   "308": "OLIVETO LARIO",
   "309": "OLTRONA DI SAN MAMETTE",
   "310": "ORSENIGO",
   "311": "OSNAGO",
   "312": "OSSUCCIO",
   "313": "PADERNO D'ADDA",
   "314": "PAGNONA",
   "315": "PARE'",
   "316": "PARLASCO",
   "317": "PASTURO",
   "318": "PEGLIO",
   "319": "PELLIO INTELVI",
   "320": "PEREGO",
   "321": "PERLEDO",
   "322": "PESCATE",
   "323": "PIANELLO DEL LARIO",
   "324": "PIGRA",
   "325": "PLESIO",
   "326": "POGNANA LARIO",
   "327": "PONNA",
   "328": "PONTE LAMBRO",
   "329": "PORLEZZA",
   "330": "PREMANA",
   "331": "PRIMALUNA",
   "332": "PROSERPIO",
   "333": "PUSIANO",
   "334": "RAMPONIO VERNA",
   "335": "REZZAGO",
   "336": "ROBBIATE",
   "337": "RODERO",
   "338": "ROGENO",
   "339": "RONAGO",
   "340": "ROVAGNATE",
   "341": "ROVELLASCA",
   "342": "ROVELLO PORRO",
   "343": "SALA COMACINA",
   "344": "SAN BARTOLOMEO VAL CAVARGNA",
   "345": "SAN FEDELE INTELVI",
   "346": "SAN FERMO DELLA BATTAGLIA",
   "347": "SAN NAZZARO VAL CAVARGNA",
   "348": "SANT'ABBONDIO",
   "349": "SANTA MARIA HOE'",
   "350": "SANTA MARIA REZZONICO",
   "351": "SCHIGNANO",
   "352": "SENNA COMASCO",
   "353": "SIRONE",
   "354": "SIRTORI",
   "355": "SOLBIATE",
   "356": "SORICO",
   "357": "SORMANO",
   "358": "STAZZONA",
   "359": "SUEGLIO",
   "360": "SUELLO",
   "361": "TACENO",
   "362": "TAVERNERIO",
   "363": "TORNO",
   "364": "TREMENICO",
   "365": "TREMEZZO",
   "366": "TREZZONE",
   "367": "TURATE",
   "368": "UGGIATE-TREVANO",
   "369": "VALBRONA",
   "370": "VALGREGHENTINO",
   "371": "VALMADRERA",
   "372": "VALMOREA",
   "373": "VAL REZZO",
   "374": "VALSOLDA",
   "375": "VARENNA",
   "376": "VELESO",
   "377": "VENDROGNO",
   "378": "VENIANO",
   "379": "VERCANA",
   "380": "VERDERIO INFERIORE",
   "381": "VERDERIO SUPERIORE",
   "382": "VERTEMATE CON MINOPRIO",
   "383": "VESTRENO",
   "384": "VIGANO'",
   "385": "VILLA GUARDIA",
   "386": "ZELBIO",
   "387": "MONTEVECCHIA",
   "388": "ALBAREDO PER SAN MARCO",
   "389": "ALBOSAGGIA",
   "390": "ANDALO VALTELLINO",
   "391": "APRICA",
   "392": "ARDENNO",
   "393": "BEMA",
   "394": "BERBENNO DI VALTELLINA",
   "395": "BIANZONE",
   "396": "BORMIO",
   "397": "BUGLIO IN MONTE",
   "398": "CAIOLO",
   "399": "CAMPODOLCINO",
   "400": "CASPOGGIO",
   "401": "CASTELLO DELL'ACQUA",
   "402": "CASTIONE ANDEVENNO",
   "403": "CEDRASCO",
   "404": "CERCINO",
   "405": "CHIAVENNA",
   "406": "CHIESA IN VALMALENCO",
   "407": "CHIURO",
   "408": "CINO",
   "409": "CIVO",
   "410": "COLORINA",
   "411": "COSIO VALTELLINO",
   "412": "DAZIO",
   "413": "DELEBIO",
   "414": "DUBINO",
   "415": "FAEDO VALTELLINO",
   "416": "FORCOLA",
   "417": "FUSINE",
   "418": "GEROLA ALTA",
   "419": "GORDONA",
   "420": "GROSIO",
   "421": "GROSOTTO",
   "422": "MADESIMO",
   "423": "LANZADA",
   "424": "LIVIGNO",
   "425": "LOVERO",
   "426": "MANTELLO",
   "427": "MAZZO DI VALTELLINA",
   "428": "MELLO",
   "429": "MENAROLA",
   "430": "MESE",
   "431": "MONTAGNA IN VALTELLINA",
   "432": "MORBEGNO",
   "433": "NOVATE MEZZOLA",
   "434": "PEDESINA",
   "435": "PIANTEDO",
   "436": "PIATEDA",
   "437": "PIURO",
   "438": "POGGIRIDENTI",
   "439": "PONTE IN VALTELLINA",
   "440": "POSTALESIO",
   "441": "PRATA CAMPORTACCIO",
   "442": "RASURA",
   "443": "ROGOLO",
   "444": "SAMOLACO",
   "445": "SAN GIACOMO FILIPPO",
   "446": "SERNIO",
   "447": "SONDALO",
   "448": "SONDRIO",
   "449": "SPRIANA",
   "450": "TALAMONA",
   "451": "TARTANO",
   "452": "TEGLIO",
   "453": "TIRANO",
   "454": "TORRE DI SANTA MARIA",
   "455": "TOVO DI SANT'AGATA",
   "456": "TRAONA",
   "457": "TRESIVIO",
   "458": "VALDIDENTRO",
   "459": "VALDISOTTO",
   "460": "VALFURVA",
   "461": "VAL MASINO",
   "462": "VERCEIA",
   "463": "VERVIO",
   "464": "VILLA DI CHIAVENNA",
   "465": "VILLA DI TIRANO",
   "466": "ABBADIA CERRETO",
   "467": "ABBIATEGRASSO",
   "468": "AGRATE BRIANZA",
   "469": "AICURZIO",
   "470": "ALBAIRATE",
   "471": "ALBIATE",
   "472": "ARCONATE",
   "473": "ARCORE",
   "474": "ARESE",
   "475": "ARLUNO",
   "476": "ASSAGO",
   "477": "BAREGGIO",
   "478": "BARLASSINA",
   "479": "BASIANO",
   "480": "BASIGLIO",
   "481": "BELLINZAGO LOMBARDO",
   "482": "BELLUSCO",
   "483": "BERNAREGGIO",
   "484": "BERNATE TICINO",
   "485": "BERTONICO",
   "486": "BESANA IN BRIANZA",
   "487": "BESATE",
   "488": "BIASSONO",
   "489": "BINASCO",
   "490": "BOFFALORA D'ADDA",
   "491": "BOFFALORA SOPRA TICINO",
   "492": "BOLLATE",
   "493": "BORGHETTO LODIGIANO",
   "494": "BORGO SAN GIOVANNI",
   "495": "BOVISIO-MASCIAGO",
   "496": "BREMBIO",
   "497": "BRESSO",
   "498": "BRIOSCO",
   "499": "BRUGHERIO",
   "500": "BUBBIANO",
   "501": "BUCCINASCO",
   "502": "BURAGO DI MOLGORA",
   "503": "BUSCATE",
   "504": "BUSNAGO",
   "505": "BUSSERO",
   "506": "BUSTO GAROLFO",
   "507": "CALVIGNASCO",
   "508": "CAMAIRAGO",
   "509": "CAMBIAGO",
   "510": "CAMPARADA",
   "511": "CANEGRATE",
   "512": "CAPONAGO",
   "513": "CARATE BRIANZA",
   "514": "CARNATE",
   "515": "CARPIANO",
   "516": "CARUGATE",
   "517": "CASALETTO LODIGIANO",
   "518": "CASALMAIOCCO",
   "519": "CASALPUSTERLENGO",
   "520": "CASARILE",
   "521": "CASELLE LANDI",
   "522": "CASELLE LURANI",
   "523": "CASOREZZO",
   "524": "CASSANO D'ADDA",
   "525": "CASSINA DE' PECCHI",
   "526": "CASSINETTA DI LUGAGNANO",
   "527": "CASTANO PRIMO",
   "528": "CASTELNUOVO BOCCA D'ADDA",
   "529": "CASTIGLIONE D'ADDA",
   "530": "CASTIRAGA VIDARDO",
   "531": "CAVACURTA",
   "532": "CAVENAGO D'ADDA",
   "533": "CAVENAGO DI BRIANZA",
   "534": "CERIANO LAGHETTO",
   "535": "CERNUSCO SUL NAVIGLIO",
   "536": "CERRO AL LAMBRO",
   "537": "CERRO MAGGIORE",
   "538": "CERVIGNANO D'ADDA",
   "539": "CESANO BOSCONE",
   "540": "CESANO MADERNO",
   "541": "CESATE",
   "542": "CINISELLO BALSAMO",
   "543": "CISLIANO",
   "544": "CODOGNO",
   "545": "COGLIATE",
   "546": "COLOGNO MONZESE",
   "547": "COLTURANO",
   "548": "COMAZZO",
   "549": "CONCOREZZO",
   "550": "CORBETTA",
   "551": "CORMANO",
   "552": "CORNAREDO",
   "553": "CORNATE D'ADDA",
   "554": "CORNEGLIANO LAUDENSE",
   "555": "CORNO GIOVINE",
   "556": "CORNOVECCHIO",
   "557": "CORREZZANA",
   "558": "CORSICO",
   "559": "CORTE PALASIO",
   "560": "CRESPIATICA",
   "561": "CUGGIONO",
   "562": "CUSAGO",
   "563": "CUSANO MILANINO",
   "564": "DAIRAGO",
   "565": "DESIO",
   "566": "DRESANO",
   "567": "FOMBIO",
   "568": "GAGGIANO",
   "569": "GALGAGNANO",
   "570": "GARBAGNATE MILANESE",
   "571": "GESSATE",
   "572": "GIUSSANO",
   "573": "GORGONZOLA",
   "574": "GRAFFIGNANA",
   "575": "GREZZAGO",
   "576": "GUARDAMIGLIO",
   "577": "GUDO VISCONTI",
   "578": "INVERUNO",
   "579": "INZAGO",
   "580": "LACCHIARELLA",
   "581": "LAINATE",
   "582": "LAZZATE",
   "583": "LEGNANO",
   "584": "LENTATE SUL SEVESO",
   "585": "LESMO",
   "586": "LIMBIATE",
   "587": "LISCATE",
   "588": "LISSONE",
   "589": "LIVRAGA",
   "590": "LOCATE DI TRIULZI",
   "591": "LODI",
   "592": "LODI VECCHIO",
   "593": "MACCASTORNA",
   "594": "MACHERIO",
   "595": "MAGENTA",
   "596": "MAGNAGO",
   "597": "MAIRAGO",
   "598": "MALEO",
   "599": "MARCALLO CON CASONE",
   "600": "MARUDO",
   "601": "MASATE",
   "602": "MASSALENGO",
   "603": "MEDA",
   "604": "MEDIGLIA",
   "605": "MELEGNANO",
   "606": "MELETI",
   "607": "MELZO",
   "608": "MERLINO",
   "609": "MESERO",
   "610": "MEZZAGO",
   "611": "MILANO",
   "612": "MISINTO",
   "613": "MONTANASO LOMBARDO",
   "614": "MONZA",
   "615": "MORIMONDO",
   "616": "MOTTA VISCONTI",
   "617": "MUGGIO'",
   "618": "MULAZZANO",
   "619": "NERVIANO",
   "620": "NOSATE",
   "621": "NOVA MILANESE",
   "622": "NOVATE MILANESE",
   "623": "NOVIGLIO",
   "624": "OPERA",
   "625": "ORIO LITTA",
   "626": "ORNAGO",
   "627": "OSPEDALETTO LODIGIANO",
   "628": "OSSAGO LODIGIANO",
   "629": "OSSONA",
   "630": "OZZERO",
   "631": "PADERNO DUGNANO",
   "632": "PANTIGLIATE",
   "633": "PARABIAGO",
   "634": "PAULLO",
   "635": "PERO",
   "636": "PESCHIERA BORROMEO",
   "637": "PESSANO CON BORNAGO",
   "638": "PIEVE EMANUELE",
   "639": "PIEVE FISSIRAGA",
   "640": "PIOLTELLO",
   "641": "POGLIANO MILANESE",
   "642": "POZZO D'ADDA",
   "643": "POZZUOLO MARTESANA",
   "644": "PREGNANA MILANESE",
   "645": "RENATE",
   "646": "RESCALDINA",
   "647": "RHO",
   "648": "ROBECCHETTO CON INDUNO",
   "649": "ROBECCO SUL NAVIGLIO",
   "650": "RODANO",
   "651": "RONCELLO",
   "652": "RONCO BRIANTINO",
   "653": "ROSATE",
   "654": "ROZZANO",
   "655": "SALERANO SUL LAMBRO",
   "656": "SAN COLOMBANO AL LAMBRO",
   "657": "SAN DONATO MILANESE",
   "658": "SAN FIORANO",
   "659": "SAN GIORGIO SU LEGNANO",
   "660": "SAN GIULIANO MILANESE",
   "661": "SAN MARTINO IN STRADA",
   "662": "SAN ROCCO AL PORTO",
   "663": "SANT'ANGELO LODIGIANO",
   "664": "SANTO STEFANO LODIGIANO",
   "665": "SANTO STEFANO TICINO",
   "666": "SAN VITTORE OLONA",
   "667": "SAN ZENONE AL LAMBRO",
   "668": "SECUGNAGO",
   "669": "SEDRIANO",
   "670": "SEGRATE",
   "671": "SENAGO",
   "672": "SENNA LODIGIANA",
   "673": "SEREGNO",
   "674": "SESTO SAN GIOVANNI",
   "675": "SETTALA",
   "676": "SETTIMO MILANESE",
   "677": "SEVESO",
   "678": "SOLARO",
   "679": "SOMAGLIA",
   "680": "SORDIO",
   "681": "SOVICO",
   "682": "SULBIATE",
   "683": "TERRANOVA DEI PASSERINI",
   "684": "TREZZANO ROSA",
   "685": "TREZZANO SUL NAVIGLIO",
   "686": "TREZZO SULL'ADDA",
   "687": "TRIBIANO",
   "688": "TRIUGGIO",
   "689": "TRUCCAZZANO",
   "690": "TURANO LODIGIANO",
   "691": "TURBIGO",
   "692": "USMATE VELATE",
   "693": "VALERA FRATTA",
   "694": "VANZAGO",
   "695": "VAPRIO D'ADDA",
   "696": "VAREDO",
   "697": "VEDANO AL LAMBRO",
   "698": "VEDUGGIO CON COLZANO",
   "699": "VERANO BRIANZA",
   "700": "VERMEZZO",
   "701": "VERNATE",
   "702": "VIGNATE",
   "703": "VILLANOVA DEL SILLARO",
   "704": "VILLASANTA",
   "705": "TAVAZZANO CON VILLAVESCO",
   "706": "VIMERCATE",
   "707": "VIMODRONE",
   "708": "VITTUONE",
   "709": "VIZZOLO PREDABISSI",
   "710": "ZELO BUON PERSICO",
   "711": "ZELO SURRIGONE",
   "712": "ZIBIDO SAN GIACOMO",
   "713": "VILLA CORTESE",
   "714": "VANZAGHELLO",
   "715": "ADRARA SAN MARTINO",
   "716": "ADRARA SAN ROCCO",
   "717": "ALBANO SANT'ALESSANDRO",
   "718": "ALBINO",
   "719": "ALME'",
   "720": "ALMENNO SAN BARTOLOMEO",
   "721": "ALMENNO SAN SALVATORE",
   "722": "ALZANO LOMBARDO",
   "723": "AMBIVERE",
   "724": "ANTEGNATE",
   "725": "ARCENE",
   "726": "ARDESIO",
   "727": "ARZAGO D'ADDA",
   "728": "AVERARA",
   "729": "AVIATICO",
   "730": "AZZANO SAN PAOLO",
   "731": "AZZONE",
   "732": "BAGNATICA",
   "733": "BARBATA",
   "734": "BARIANO",
   "735": "BARZANA",
   "736": "BEDULITA",
   "737": "BERBENNO",
   "738": "BERGAMO",
   "739": "BERZO SAN FERMO",
   "740": "BIANZANO",
   "741": "BLELLO",
   "742": "BOLGARE",
   "743": "BOLTIERE",
   "744": "BONATE SOPRA",
   "745": "BONATE SOTTO",
   "746": "BORGO DI TERZO",
   "747": "BOSSICO",
   "748": "BOTTANUCO",
   "749": "BRACCA",
   "750": "BRANZI",
   "751": "BREMBATE",
   "752": "BREMBATE DI SOPRA",
   "753": "BREMBILLA",
   "754": "BRIGNANO GERA D'ADDA",
   "755": "BRUMANO",
   "756": "BRUSAPORTO",
   "757": "CALCINATE",
   "758": "CALCIO",
   "759": "CALOLZIOCORTE",
   "760": "CALUSCO D'ADDA",
   "761": "CALVENZANO",
   "762": "CAMERATA CORNELLO",
   "763": "CANONICA D'ADDA",
   "764": "CAPIZZONE",
   "765": "CAPRIATE SAN GERVASIO",
   "766": "CAPRINO BERGAMASCO",
   "767": "CARAVAGGIO",
   "768": "CARENNO",
   "769": "CAROBBIO DEGLI ANGELI",
   "770": "CARONA",
   "771": "CARVICO",
   "772": "CASAZZA",
   "773": "CASIRATE D'ADDA",
   "774": "CASNIGO",
   "775": "CASSIGLIO",
   "776": "CASTELLI CALEPIO",
   "777": "CASTEL ROZZONE",
   "778": "CASTIONE DELLA PRESOLANA",
   "779": "CASTRO",
   "780": "CAVERNAGO",
   "781": "CAZZANO SANT'ANDREA",
   "782": "CENATE SOPRA",
   "783": "CENATE SOTTO",
   "784": "CENE",
   "785": "CERETE",
   "786": "CHIGNOLO D'ISOLA",
   "787": "CHIUDUNO",
   "788": "CISANO BERGAMASCO",
   "789": "CISERANO",
   "790": "CIVIDATE AL PIANO",
   "791": "CLUSONE",
   "792": "COLERE",
   "793": "COLOGNO AL SERIO",
   "794": "COLZATE",
   "795": "COMUN NUOVO",
   "796": "CORNA IMAGNA",
   "797": "CORTENOVA",
   "798": "COSTA DI MEZZATE",
   "799": "COSTA VALLE IMAGNA",
   "800": "COSTA VOLPINO",
   "801": "COVO",
   "802": "CREDARO",
   "803": "CURNO",
   "804": "CUSIO",
   "805": "DALMINE",
   "806": "DOSSENA",
   "807": "ENDINE GAIANO",
   "808": "ENTRATICO",
   "809": "ERVE",
   "810": "FARA GERA D'ADDA",
   "811": "FARA OLIVANA CON SOLA",
   "812": "FILAGO",
   "813": "FINO DEL MONTE",
   "814": "FIORANO AL SERIO",
   "815": "FONTANELLA",
   "816": "FONTENO",
   "817": "FOPPOLO",
   "818": "FORESTO SPARSO",
   "819": "FORNOVO SAN GIOVANNI",
   "820": "FUIPIANO VALLE IMAGNA",
   "821": "GANDELLINO",
   "822": "GANDINO",
   "823": "GANDOSSO",
   "824": "GAVERINA TERME",
   "825": "GAZZANIGA",
   "826": "GEROSA",
   "827": "GHISALBA",
   "828": "GORLAGO",
   "829": "GORLE",
   "830": "GORNO",
   "831": "GRASSOBBIO",
   "832": "GROMO",
   "833": "GRONE",
   "834": "GRUMELLO DEL MONTE",
   "835": "ISOLA DI FONDRA",
   "836": "ISSO",
   "837": "LALLIO",
   "838": "LEFFE",
   "839": "LENNA",
   "840": "LEVATE",
   "841": "LOCATELLO",
   "842": "LOVERE",
   "843": "LURANO",
   "844": "LUZZANA",
   "845": "MADONE",
   "846": "MAPELLO",
   "847": "MARTINENGO",
   "848": "MEZZOLDO",
   "849": "MISANO DI GERA D'ADDA",
   "850": "MOIO DE' CALVI",
   "851": "MONASTEROLO DEL CASTELLO",
   "852": "MONTE MARENZO",
   "853": "MONTELLO",
   "854": "MORENGO",
   "855": "MORNICO AL SERIO",
   "856": "MOZZANICA",
   "857": "MOZZO",
   "858": "NEMBRO",
   "859": "OLMO AL BREMBO",
   "860": "OLTRE IL COLLE",
   "861": "OLTRESSENDA ALTA",
   "862": "ONETA",
   "863": "ONORE",
   "864": "ORIO AL SERIO",
   "865": "ORNICA",
   "866": "OSIO SOPRA",
   "867": "OSIO SOTTO",
   "868": "PAGAZZANO",
   "869": "PALADINA",
   "870": "PALAZZAGO",
   "871": "PALOSCO",
   "872": "PARRE",
   "873": "PARZANICA",
   "874": "PEDRENGO",
   "875": "PEIA",
   "876": "PIANICO",
   "877": "PIARIO",
   "878": "PIAZZA BREMBANA",
   "879": "PIAZZATORRE",
   "880": "PIAZZOLO",
   "881": "POGNANO",
   "882": "PONTE NOSSA",
   "883": "PONTERANICA",
   "884": "PONTE SAN PIETRO",
   "885": "PONTIDA",
   "886": "PONTIROLO NUOVO",
   "887": "PRADALUNGA",
   "888": "PREDORE",
   "889": "PREMOLO",
   "890": "PRESEZZO",
   "891": "PUMENENGO",
   "892": "RANICA",
   "893": "RANZANICO",
   "894": "RIVA DI SOLTO",
   "895": "ROGNO",
   "896": "ROMANO DI LOMBARDIA",
   "897": "RONCOBELLO",
   "898": "RONCOLA",
   "899": "ROTA D'IMAGNA",
   "900": "ROVETTA",
   "901": "SAN GIOVANNI BIANCO",
   "902": "SAN PAOLO D'ARGON",
   "903": "SAN PELLEGRINO TERME",
   "904": "SANTA BRIGIDA",
   "905": "SANT'OMOBONO IMAGNA",
   "906": "SARNICO",
   "907": "SCANZOROSCIATE",
   "908": "SCHILPARIO",
   "909": "SEDRINA",
   "910": "SELVINO",
   "911": "SERIATE",
   "912": "SERINA",
   "913": "SOLTO COLLINA",
   "914": "SONGAVAZZO",
   "915": "SORISOLE",
   "916": "SOTTO IL MONTE GIOVANNI XXIII",
   "917": "SOVERE",
   "918": "SPINONE AL LAGO",
   "919": "SPIRANO",
   "920": "STEZZANO",
   "921": "STROZZA",
   "922": "SUISIO",
   "923": "TALEGGIO",
   "924": "TAVERNOLA BERGAMASCA",
   "925": "TELGATE",
   "926": "TERNO D'ISOLA",
   "927": "TORRE BOLDONE",
   "928": "TORRE DE' BUSI",
   "929": "TORRE DE' ROVERI",
   "930": "TORRE PALLAVICINA",
   "931": "TRESCORE BALNEARIO",
   "932": "TREVIGLIO",
   "933": "TREVIOLO",
   "934": "UBIALE CLANEZZO",
   "935": "URGNANO",
   "936": "VALBONDIONE",
   "937": "VALBREMBO",
   "938": "VALGOGLIO",
   "939": "VALLEVE",
   "940": "VALNEGRA",
   "941": "VALSECCA",
   "942": "VALTORTA",
   "943": "VEDESETA",
   "944": "VERCURAGO",
   "945": "VERDELLINO",
   "946": "VERDELLO",
   "947": "VERTOVA",
   "948": "VIADANICA",
   "949": "VIGANO SAN MARTINO",
   "950": "VIGOLO",
   "951": "VILLA D'ADDA",
   "952": "VILLA D'ALME'",
   "953": "VILLA DI SERIO",
   "954": "VILLA D'OGNA",
   "955": "VILLONGO",
   "956": "VILMINORE DI SCALVE",
   "957": "ZANDOBBIO",
   "958": "ZANICA",
   "959": "ZOGNO",
   "960": "COSTA DI SERINA",
   "961": "ALGUA",
   "962": "CORNALBA",
   "963": "MEDOLAGO",
   "964": "SOLZA",
   "965": "ACQUAFREDDA",
   "966": "ADRO",
   "967": "AGNOSINE",
   "968": "ALFIANELLO",
   "969": "ANFO",
   "970": "ANGOLO TERME",
   "971": "ARTOGNE",
   "972": "AZZANO MELLA",
   "973": "BAGNOLO MELLA",
   "974": "BAGOLINO",
   "975": "BARBARIGA",
   "976": "BARGHE",
   "977": "BASSANO BRESCIANO",
   "978": "BEDIZZOLE",
   "979": "BERLINGO",
   "980": "BERZO DEMO",
   "981": "BERZO INFERIORE",
   "982": "BIENNO",
   "983": "BIONE",
   "984": "BORGO SAN GIACOMO",
   "985": "BORGOSATOLLO",
   "986": "BORNO",
   "987": "BOTTICINO",
   "988": "BOVEGNO",
   "989": "BOVEZZO",
   "990": "BRANDICO",
   "991": "BRAONE",
   "992": "BRENO",
   "993": "BRESCIA",
   "994": "BRIONE",
   "995": "CAINO",
   "996": "CALCINATO",
   "997": "CALVAGESE DELLA RIVIERA",
   "998": "CALVISANO",
   "999": "CAPO DI PONTE",
   "1000": "CAPOVALLE",
   "1001": "CAPRIANO DEL COLLE",
   "1002": "CAPRIOLO",
   "1003": "CARPENEDOLO",
   "1004": "CASTEGNATO",
   "1005": "CASTELCOVATI",
   "1006": "CASTEL MELLA",
   "1007": "CASTENEDOLO",
   "1008": "CASTO",
   "1009": "CASTREZZATO",
   "1010": "CAZZAGO SAN MARTINO",
   "1011": "CEDEGOLO",
   "1012": "CELLATICA",
   "1013": "CERVENO",
   "1014": "CETO",
   "1015": "CEVO",
   "1016": "CHIARI",
   "1017": "CIGOLE",
   "1018": "CIMBERGO",
   "1019": "CIVIDATE CAMUNO",
   "1020": "COCCAGLIO",
   "1021": "COLLEBEATO",
   "1022": "COLLIO",
   "1023": "COLOGNE",
   "1024": "COMEZZANO-CIZZAGO",
   "1025": "CONCESIO",
   "1026": "CORTE FRANCA",
   "1027": "CORTENO GOLGI",
   "1028": "CORZANO",
   "1029": "DARFO BOARIO TERME",
   "1030": "DELLO",
   "1031": "DESENZANO DEL GARDA",
   "1032": "EDOLO",
   "1033": "ERBUSCO",
   "1034": "ESINE",
   "1035": "FIESSE",
   "1036": "FLERO",
   "1037": "GAMBARA",
   "1038": "GARDONE RIVIERA",
   "1039": "GARDONE VAL TROMPIA",
   "1040": "GARGNANO",
   "1041": "GAVARDO",
   "1042": "GHEDI",
   "1043": "GIANICO",
   "1044": "GOTTOLENGO",
   "1045": "GUSSAGO",
   "1046": "IDRO",
   "1047": "INCUDINE",
   "1048": "IRMA",
   "1049": "ISEO",
   "1050": "ISORELLA",
   "1051": "LAVENONE",
   "1052": "LENO",
   "1053": "LIMONE SUL GARDA",
   "1054": "LODRINO",
   "1055": "LOGRATO",
   "1056": "LONATO",
   "1057": "LONGHENA",
   "1058": "LOSINE",
   "1059": "LOZIO",
   "1060": "LUMEZZANE",
   "1061": "MACLODIO",
   "1062": "MAGASA",
   "1063": "MAIRANO",
   "1064": "MALEGNO",
   "1065": "MALONNO",
   "1066": "MANERBA DEL GARDA",
   "1067": "MANERBIO",
   "1068": "MARCHENO",
   "1069": "MARMENTINO",
   "1070": "MARONE",
   "1071": "MAZZANO",
   "1072": "MILZANO",
   "1073": "MONIGA DEL GARDA",
   "1074": "MONNO",
   "1075": "MONTE ISOLA",
   "1076": "MONTICELLI BRUSATI",
   "1077": "MONTICHIARI",
   "1078": "MONTIRONE",
   "1079": "MURA",
   "1080": "MUSCOLINE",
   "1081": "NAVE",
   "1082": "NIARDO",
   "1083": "NUVOLENTO",
   "1084": "NUVOLERA",
   "1085": "ODOLO",
   "1086": "OFFLAGA",
   "1087": "OME",
   "1088": "ONO SAN PIETRO",
   "1089": "ORZINUOVI",
   "1090": "ORZIVECCHI",
   "1091": "OSPITALETTO",
   "1092": "OSSIMO",
   "1093": "PADENGHE SUL  GARDA",
   "1094": "PADERNO FRANCIACORTA",
   "1095": "PAISCO LOVENO",
   "1096": "PAITONE",
   "1097": "PALAZZOLO SULL'OGLIO",
   "1098": "PARATICO",
   "1099": "PASPARDO",
   "1100": "PASSIRANO",
   "1101": "PAVONE DEL MELLA",
   "1102": "SAN PAOLO",
   "1103": "PERTICA ALTA",
   "1104": "PERTICA BASSA",
   "1105": "PEZZAZE",
   "1106": "PIAN CAMUNO",
   "1107": "PISOGNE",
   "1108": "POLAVENO",
   "1109": "POLPENAZZE DEL GARDA",
   "1110": "POMPIANO",
   "1111": "PONCARALE",
   "1112": "PONTE DI LEGNO",
   "1113": "PONTEVICO",
   "1114": "PONTOGLIO",
   "1115": "POZZOLENGO",
   "1116": "PRALBOINO",
   "1117": "PRESEGLIE",
   "1118": "PRESTINE",
   "1119": "PREVALLE",
   "1120": "PROVAGLIO D'ISEO",
   "1121": "PROVAGLIO VAL SABBIA",
   "1122": "PUEGNAGO SUL GARDA",
   "1123": "QUINZANO D'OGLIO",
   "1124": "REMEDELLO",
   "1125": "REZZATO",
   "1126": "ROCCAFRANCA",
   "1127": "RODENGO-SAIANO",
   "1128": "ROE' VOLCIANO",
   "1129": "RONCADELLE",
   "1130": "ROVATO",
   "1131": "RUDIANO",
   "1132": "SABBIO CHIESE",
   "1133": "SALE MARASINO",
   "1134": "SALO'",
   "1135": "SAN FELICE DEL BENACO",
   "1136": "SAN GERVASIO BRESCIANO",
   "1137": "SAN ZENO NAVIGLIO",
   "1138": "SAREZZO",
   "1139": "SAVIORE DELL'ADAMELLO",
   "1140": "SELLERO",
   "1141": "SENIGA",
   "1142": "SERLE",
   "1143": "SIRMIONE",
   "1144": "SOIANO DEL LAGO",
   "1145": "SONICO",
   "1146": "SULZANO",
   "1147": "TAVERNOLE SUL MELLA",
   "1148": "TEMU'",
   "1149": "TIGNALE",
   "1150": "TORBOLE CASAGLIA",
   "1151": "TOSCOLANO-MADERNO",
   "1152": "TRAVAGLIATO",
   "1153": "TREMOSINE",
   "1154": "TRENZANO",
   "1155": "TREVISO BRESCIANO",
   "1156": "URAGO D'OGLIO",
   "1157": "VALLIO TERME",
   "1158": "VALVESTINO",
   "1159": "VEROLANUOVA",
   "1160": "VEROLAVECCHIA",
   "1161": "VESTONE",
   "1162": "VEZZA D'OGLIO",
   "1163": "VILLA CARCINA",
   "1164": "VILLACHIARA",
   "1165": "VILLANUOVA SUL CLISI",
   "1166": "VIONE",
   "1167": "VISANO",
   "1168": "VOBARNO",
   "1169": "ZONE",
   "1170": "PIANCOGNO",
   "1171": "ALAGNA",
   "1172": "ALBAREDO ARNABOLDI",
   "1173": "ALBONESE",
   "1174": "ALBUZZANO",
   "1175": "ARENA PO",
   "1176": "BADIA PAVESE",
   "1177": "BAGNARIA",
   "1178": "BARBIANELLO",
   "1179": "BASCAPE'",
   "1180": "BASTIDA DEI DOSSI",
   "1181": "BASTIDA PANCARANA",
   "1182": "BATTUDA",
   "1183": "BELGIOIOSO",
   "1184": "BEREGUARDO",
   "1185": "BORGARELLO",
   "1186": "BORGO PRIOLO",
   "1187": "BORGORATTO MORMOROLO",
   "1188": "BORGO SAN SIRO",
   "1189": "BORNASCO",
   "1190": "BOSNASCO",
   "1191": "BRALLO DI PREGOLA",
   "1192": "BREME",
   "1193": "BRESSANA BOTTARONE",
   "1194": "BRONI",
   "1195": "CALVIGNANO",
   "1196": "CAMPOSPINOSO",
   "1197": "CANDIA LOMELLINA",
   "1198": "CANEVINO",
   "1199": "CANNETO PAVESE",
   "1200": "CARBONARA AL TICINO",
   "1201": "CASANOVA LONATI",
   "1202": "CASATISMA",
   "1203": "CASEI GEROLA",
   "1204": "CASORATE PRIMO",
   "1205": "CASSOLNOVO",
   "1206": "CASTANA",
   "1207": "CASTEGGIO",
   "1208": "CASTELLETTO DI BRANDUZZO",
   "1209": "CASTELLO D'AGOGNA",
   "1210": "CASTELNOVETTO",
   "1211": "CAVA MANARA",
   "1212": "CECIMA",
   "1213": "CERANOVA",
   "1214": "CERETTO LOMELLINA",
   "1215": "CERGNAGO",
   "1216": "CERTOSA DI PAVIA",
   "1217": "CERVESINA",
   "1218": "CHIGNOLO PO",
   "1219": "CIGOGNOLA",
   "1220": "CILAVEGNA",
   "1221": "CODEVILLA",
   "1222": "CONFIENZA",
   "1223": "COPIANO",
   "1224": "CORANA",
   "1225": "CORNALE",
   "1226": "CORTEOLONA",
   "1227": "CORVINO SAN QUIRICO",
   "1228": "COSTA DE' NOBILI",
   "1229": "COZZO",
   "1230": "CURA CARPIGNANO",
   "1231": "DORNO",
   "1232": "FERRERA ERBOGNONE",
   "1233": "FILIGHERA",
   "1234": "FORTUNAGO",
   "1235": "FRASCAROLO",
   "1236": "GALLIAVOLA",
   "1237": "GAMBARANA",
   "1238": "GAMBOLO'",
   "1239": "GARLASCO",
   "1240": "GENZONE",
   "1241": "GERENZAGO",
   "1242": "GIUSSAGO",
   "1243": "GODIASCO",
   "1244": "GOLFERENZO",
   "1245": "GRAVELLONA LOMELLINA",
   "1246": "GROPELLO CAIROLI",
   "1247": "INVERNO E MONTELEONE",
   "1248": "LANDRIANO",
   "1249": "LANGOSCO",
   "1250": "LARDIRAGO",
   "1251": "LINAROLO",
   "1252": "LIRIO",
   "1253": "LOMELLO",
   "1254": "LUNGAVILLA",
   "1255": "MAGHERNO",
   "1256": "MARCIGNAGO",
   "1257": "MARZANO",
   "1258": "MEDE",
   "1259": "MENCONICO",
   "1260": "MEZZANA BIGLI",
   "1261": "MEZZANA RABATTONE",
   "1262": "MEZZANINO",
   "1263": "MIRADOLO TERME",
   "1264": "MONTALTO PAVESE",
   "1265": "MONTEBELLO DELLA BATTAGLIA",
   "1266": "MONTECALVO VERSIGGIA",
   "1267": "MONTESCANO",
   "1268": "MONTESEGALE",
   "1269": "MONTICELLI PAVESE",
   "1270": "MONTU' BECCARIA",
   "1271": "MORNICO LOSANA",
   "1272": "MORTARA",
   "1273": "NICORVO",
   "1274": "OLEVANO DI LOMELLINA",
   "1275": "OLIVA GESSI",
   "1276": "OTTOBIANO",
   "1277": "PALESTRO",
   "1278": "PANCARANA",
   "1279": "PARONA",
   "1280": "PAVIA",
   "1281": "PIETRA DE' GIORGI",
   "1282": "PIEVE ALBIGNOLA",
   "1283": "PIEVE DEL CAIRO",
   "1284": "PIEVE PORTO MORONE",
   "1285": "PINAROLO PO",
   "1286": "PIZZALE",
   "1287": "PONTE NIZZA",
   "1288": "PORTALBERA",
   "1289": "REA",
   "1290": "REDAVALLE",
   "1291": "RETORBIDO",
   "1292": "RIVANAZZANO",
   "1293": "ROBBIO",
   "1294": "ROBECCO PAVESE",
   "1295": "ROCCA DE' GIORGI",
   "1296": "ROCCA SUSELLA",
   "1297": "ROGNANO",
   "1298": "ROMAGNESE",
   "1299": "RONCARO",
   "1300": "ROSASCO",
   "1301": "ROVESCALA",
   "1302": "RUINO",
   "1303": "SAN CIPRIANO PO",
   "1304": "SAN DAMIANO AL COLLE",
   "1305": "SAN GENESIO ED UNITI",
   "1306": "SAN GIORGIO DI LOMELLINA",
   "1307": "SAN MARTINO SICCOMARIO",
   "1308": "SANNAZZARO DE' BURGONDI",
   "1309": "SANTA CRISTINA E BISSONE",
   "1310": "SANTA GIULETTA",
   "1311": "SANT'ALESSIO CON VIALONE",
   "1312": "SANTA MARGHERITA DI STAFFORA",
   "1313": "SANTA MARIA DELLA VERSA",
   "1314": "SANT'ANGELO LOMELLINA",
   "1315": "SAN ZENONE AL PO",
   "1316": "SARTIRANA LOMELLINA",
   "1317": "SCALDASOLE",
   "1318": "SEMIANA",
   "1319": "SILVANO PIETRA",
   "1320": "SIZIANO",
   "1321": "SOMMO",
   "1322": "SPESSA",
   "1323": "STRADELLA",
   "1324": "SUARDI",
   "1325": "TORRAZZA COSTE",
   "1326": "TORRE BERETTI E CASTELLARO",
   "1327": "TORRE D'ARESE",
   "1328": "TORRE DE' NEGRI",
   "1329": "TORRE D'ISOLA",
   "1330": "TORREVECCHIA PIA",
   "1331": "TORRICELLA VERZATE",
   "1332": "TRAVACO' SICCOMARIO",
   "1333": "TRIVOLZIO",
   "1334": "TROMELLO",
   "1335": "TROVO",
   "1336": "VAL DI NIZZA",
   "1337": "VALEGGIO",
   "1338": "VALLE LOMELLINA",
   "1339": "VALLE SALIMBENE",
   "1340": "VALVERDE",
   "1341": "VARZI",
   "1342": "VELEZZO LOMELLINA",
   "1343": "VELLEZZO BELLINI",
   "1344": "VERRETTO",
   "1345": "VERRUA PO",
   "1346": "VIDIGULFO",
   "1347": "VIGEVANO",
   "1348": "VILLA BISCOSSI",
   "1349": "VILLANOVA D'ARDENGHI",
   "1350": "VILLANTERIO",
   "1351": "VISTARINO",
   "1352": "VOGHERA",
   "1353": "VOLPARA",
   "1354": "ZAVATTARELLO",
   "1355": "ZECCONE",
   "1356": "ZEME",
   "1357": "ZENEVREDO",
   "1358": "ZERBO",
   "1359": "ZERBOLO'",
   "1360": "ZINASCO",
   "1361": "ACQUANEGRA CREMONESE",
   "1362": "AGNADELLO",
   "1363": "ANNICCO",
   "1364": "AZZANELLO",
   "1365": "BAGNOLO CREMASCO",
   "1366": "BONEMERSE",
   "1367": "BORDOLANO",
   "1368": "CA' D'ANDREA",
   "1369": "CALVATONE",
   "1370": "CAMISANO",
   "1371": "CAMPAGNOLA CREMASCA",
   "1372": "CAPERGNANICA",
   "1373": "CAPPELLA CANTONE",
   "1374": "CAPPELLA DE' PICENARDI",
   "1375": "CAPRALBA",
   "1376": "CASALBUTTANO ED UNITI",
   "1377": "CASALE CREMASCO-VIDOLASCO",
   "1378": "CASALETTO CEREDANO",
   "1379": "CASALETTO DI SOPRA",
   "1380": "CASALETTO VAPRIO",
   "1381": "CASALMAGGIORE",
   "1382": "CASALMORANO",
   "1383": "CASTELDIDONE",
   "1384": "CASTEL GABBIANO",
   "1385": "CASTELLEONE",
   "1386": "CASTELVERDE",
   "1387": "CASTELVISCONTI",
   "1388": "CELLA DATI",
   "1389": "CHIEVE",
   "1390": "CICOGNOLO",
   "1391": "CINGIA DE' BOTTI",
   "1392": "CORTE DE' CORTESI CON CIGNONE",
   "1393": "CORTE DE' FRATI",
   "1394": "CREDERA RUBBIANO",
   "1395": "CREMA",
   "1396": "CREMONA",
   "1397": "CREMOSANO",
   "1398": "CROTTA D'ADDA",
   "1399": "CUMIGNANO SUL NAVIGLIO",
   "1400": "DEROVERE",
   "1401": "DOVERA",
   "1402": "DRIZZONA",
   "1403": "FIESCO",
   "1404": "FORMIGARA",
   "1405": "GABBIONETA-BINANUOVA",
   "1406": "GADESCO-PIEVE DELMONA",
   "1407": "GENIVOLTA",
   "1408": "GERRE DE' CAPRIOLI",
   "1409": "GOMBITO",
   "1410": "GRONTARDO",
   "1411": "GRUMELLO CREMONESE ED UNITI",
   "1412": "GUSSOLA",
   "1413": "ISOLA DOVARESE",
   "1414": "IZANO",
   "1415": "MADIGNANO",
   "1416": "MALAGNINO",
   "1417": "MARTIGNANA DI PO",
   "1418": "MONTE CREMASCO",
   "1419": "MONTODINE",
   "1420": "MOSCAZZANO",
   "1421": "MOTTA BALUFFI",
   "1422": "OFFANENGO",
   "1423": "OLMENETA",
   "1424": "OSTIANO",
   "1425": "PADERNO PONCHIELLI",
   "1426": "PALAZZO PIGNANO",
   "1427": "PANDINO",
   "1428": "PERSICO DOSIMO",
   "1429": "PESCAROLO ED UNITI",
   "1430": "PESSINA CREMONESE",
   "1431": "PIADENA",
   "1432": "PIANENGO",
   "1433": "PIERANICA",
   "1434": "PIEVE D'OLMI",
   "1435": "PIEVE SAN GIACOMO",
   "1436": "PIZZIGHETTONE",
   "1437": "POZZAGLIO ED UNITI",
   "1438": "QUINTANO",
   "1439": "RICENGO",
   "1440": "RIPALTA ARPINA",
   "1441": "RIPALTA CREMASCA",
   "1442": "RIPALTA GUERINA",
   "1443": "RIVAROLO DEL RE ED UNITI",
   "1444": "RIVOLTA D'ADDA",
   "1445": "ROBECCO D'OGLIO",
   "1446": "ROMANENGO",
   "1447": "SALVIROLA",
   "1448": "SAN BASSANO",
   "1449": "SAN DANIELE PO",
   "1450": "SAN GIOVANNI IN CROCE",
   "1451": "SAN MARTINO DEL LAGO",
   "1452": "SCANDOLARA RAVARA",
   "1453": "SCANDOLARA RIPA D'OGLIO",
   "1454": "SERGNANO",
   "1455": "SESTO ED UNITI",
   "1456": "SOLAROLO RAINERIO",
   "1457": "SONCINO",
   "1458": "SORESINA",
   "1459": "SOSPIRO",
   "1460": "SPINADESCO",
   "1461": "SPINEDA",
   "1462": "SPINO D'ADDA",
   "1463": "STAGNO LOMBARDO",
   "1464": "TICENGO",
   "1465": "TORLINO VIMERCATI",
   "1466": "TORNATA",
   "1467": "TORRE DE' PICENARDI",
   "1468": "TORRICELLA DEL PIZZO",
   "1469": "TRESCORE CREMASCO",
   "1470": "TRIGOLO",
   "1471": "VAIANO CREMASCO",
   "1472": "VAILATE",
   "1473": "VESCOVATO",
   "1474": "VOLONGO",
   "1475": "VOLTIDO",
   "1476": "ACQUANEGRA SUL CHIESE",
   "1477": "ASOLA",
   "1478": "BAGNOLO SAN VITO",
   "1479": "BIGARELLO",
   "1480": "BORGOFORTE",
   "1481": "BORGOFRANCO SUL PO",
   "1482": "BOZZOLO",
   "1483": "CANNETO SULL'OGLIO",
   "1484": "CARBONARA DI PO",
   "1485": "CASALMORO",
   "1486": "CASALOLDO",
   "1487": "CASALROMANO",
   "1488": "CASTELBELFORTE",
   "1489": "CASTEL D'ARIO",
   "1490": "CASTEL GOFFREDO",
   "1491": "CASTELLUCCHIO",
   "1492": "CASTIGLIONE DELLE STIVIERE",
   "1493": "CAVRIANA",
   "1494": "CERESARA",
   "1495": "COMMESSAGGIO",
   "1496": "CURTATONE",
   "1497": "DOSOLO",
   "1498": "FELONICA",
   "1499": "GAZOLDO DEGLI IPPOLITI",
   "1500": "GAZZUOLO",
   "1501": "GOITO",
   "1502": "GONZAGA",
   "1503": "GUIDIZZOLO",
   "1504": "MAGNACAVALLO",
   "1505": "MANTOVA",
   "1506": "MARCARIA",
   "1507": "MARIANA MANTOVANA",
   "1508": "MARMIROLO",
   "1509": "MEDOLE",
   "1510": "MOGLIA",
   "1511": "MONZAMBANO",
   "1512": "MOTTEGGIANA",
   "1513": "OSTIGLIA",
   "1514": "PEGOGNAGA",
   "1515": "PIEVE DI CORIANO",
   "1516": "PIUBEGA",
   "1517": "POGGIO RUSCO",
   "1518": "POMPONESCO",
   "1519": "PONTI SUL MINCIO",
   "1520": "PORTO MANTOVANO",
   "1521": "QUINGENTOLE",
   "1522": "QUISTELLO",
   "1523": "REDONDESCO",
   "1524": "REVERE",
   "1525": "RIVAROLO MANTOVANO",
   "1526": "RODIGO",
   "1527": "RONCOFERRARO",
   "1528": "ROVERBELLA",
   "1529": "SABBIONETA",
   "1530": "SAN BENEDETTO PO",
   "1531": "SAN GIACOMO DELLE SEGNATE",
   "1532": "SAN GIORGIO DI MANTOVA",
   "1533": "SAN GIOVANNI DEL DOSSO",
   "1534": "SAN MARTINO DALL'ARGINE",
   "1535": "SCHIVENOGLIA",
   "1536": "SERMIDE",
   "1537": "SERRAVALLE A PO",
   "1538": "SOLFERINO",
   "1539": "SUSTINENTE",
   "1540": "SUZZARA",
   "1541": "VIADANA",
   "1542": "VILLA POMA",
   "1543": "VILLIMPENTA",
   "1544": "VIRGILIO",
   "1545": "VOLTA MANTOVANA"
}