{
   "ACQUAVIVA COLLECROCE": 0,
   "BARANELLO": 1,
   "BOJANO": 2,
   "BONEFRO": 3,
   "BUSSO": 4,
   "CAMPOBASSO": 5,
   "CAMPOCHIARO": 6,
   "CAMPODIPIETRA": 7,
   "CAMPOLIETO": 8,
   "CAMPOMARINO": 9,
   "CASACALENDA": 10,
   "CASALCIPRANO": 11,
   "CASTELBOTTACCIO": 12,
   "CASTELLINO DEL BIFERNO": 13,
   "CASTELMAURO": 14,
   "CASTROPIGNANO": 15,
   "CERCEMAGGIORE": 16,
   "CERCEPICCOLA": 17,
   "CIVITACAMPOMARANO": 18,
   "COLLE D'ANCHISE": 19,
   "COLLETORTO": 20,
   "DURONIA": 21,
   "FERRAZZANO": 22,
   "FOSSALTO": 23,
   "GAMBATESA": 24,
   "GILDONE": 25,
   "GUARDIALFIERA": 26,
   "GUARDIAREGIA": 27,
   "GUGLIONESI": 28,
   "JELSI": 29,
   "LARINO": 30,
   "LIMOSANO": 31,
   "LUCITO": 32,
   "LUPARA": 33,
   "MACCHIA VALFORTORE": 34,
   "MAFALDA": 35,
   "MATRICE": 36,
   "MIRABELLO SANNITICO": 37,
   "MOLISE": 38,
   "MONACILIONI": 39,
   "MONTAGANO": 40,
   "MONTECILFONE": 41,
   "MONTEFALCONE NEL SANNIO": 42,
   "MONTELONGO": 43,
   "MONTEMITRO": 44,
   "MONTENERO DI BISACCIA": 45,
   "MONTORIO NEI FRENTANI": 46,
   "MORRONE DEL SANNIO": 47,
   "ORATINO": 48,
   "PALATA": 49,
   "PETACCIATO": 50,
   "PETRELLA TIFERNINA": 51,
   "PIETRACATELLA": 52,
   "PIETRACUPA": 53,
   "PORTOCANNONE": 54,
   "PROVVIDENTI": 55,
   "RICCIA": 56,
   "RIPABOTTONI": 57,
   "RIPALIMOSANI": 58,
   "ROCCAVIVARA": 59,
   "ROTELLO": 60,
   "SALCITO": 61,
   "SAN BIASE": 62,
   "SAN FELICE DEL MOLISE": 63,
   "SAN GIACOMO DEGLI SCHIAVONI": 64,
   "SAN GIOVANNI IN GALDO": 65,
   "SAN GIULIANO DEL SANNIO": 66,
   "SAN GIULIANO DI PUGLIA": 67,
   "SAN MARTINO IN PENSILIS": 68,
   "SAN MASSIMO": 69,
   "SAN POLOMATESE": 70,
   "SANTA CROCE DI MAGLIANO": 71,
   "SANT'ANGELO LIMOSANO": 72,
   "SANT'ELIA A PIANISI": 73,
   "SEPINO": 74,
   "SPINETE": 75,
   "TAVENNA": 76,
   "TERMOLI": 77,
   "TORELLA DEL SANNIO": 78,
   "TORO": 79,
   "TRIVENTO": 80,
   "TUFARA": 81,
   "URURI": 82,
   "VINCHIATURO": 83,
   "ACQUAVIVA D'ISERNIA": 84,
   "AGNONE": 85,
   "BAGNOLI DEL TRIGNO": 86,
   "BELMONTE DEL SANNIO": 87,
   "CANTALUPO NEL SANNIO": 88,
   "CAPRACOTTA": 89,
   "CAROVILLI": 90,
   "CARPINONE": 91,
   "CASTEL DEL GIUDICE": 92,
   "CASTELPETROSO": 93,
   "CASTELPIZZUTO": 94,
   "CASTEL SAN VINCENZO": 95,
   "CASTELVERRINO": 96,
   "CERRO AL VOLTURNO": 97,
   "CHIAUCI": 98,
   "CIVITANOVA DEL SANNIO": 99,
   "COLLI A VOLTURNO": 100,
   "CONCA CASALE": 101,
   "FILIGNANO": 102,
   "FORLI' DEL SANNIO": 103,
   "FORNELLI": 104,
   "FROSOLONE": 105,
   "ISERNIA": 106,
   "LONGANO": 107,
   "MACCHIA D'ISERNIA": 108,
   "MACCHIAGODENA": 109,
   "MIRANDA": 110,
   "MONTAQUILA": 111,
   "MONTENERO VAL COCCHIARA": 112,
   "MONTERODUNI": 113,
   "PESCHE": 114,
   "PESCOLANCIANO": 115,
   "PESCOPENNATARO": 116,
   "PETTORANELLO DEL MOLISE": 117,
   "PIETRABBONDANTE": 118,
   "PIZZONE": 119,
   "POGGIO SANNITA": 120,
   "POZZILLI": 121,
   "RIONERO SANNITICO": 122,
   "ROCCAMANDOLFI": 123,
   "ROCCASICURA": 124,
   "ROCCHETTA A VOLTURNO": 125,
   "SAN PIETRO AVELLANA": 126,
   "SANT'AGAPITO": 127,
   "SANTA MARIA DEL MOLISE": 128,
   "SANT'ANGELO DEL PESCO": 129,
   "SANT'ELENA SANNITA": 130,
   "SCAPOLI": 131,
   "SESSANO DEL MOLISE": 132,
   "SESTO CAMPANO": 133,
   "VASTOGIRARDI": 134,
   "VENAFRO": 135
}