{
   "0": "ACQUAVIVA COLLECROCE",
   "1": "BARANELLO",
   "2": "BOJANO",
   "3": "BONEFRO",
   "4": "BUSSO",
   "5": "CAMPOBASSO",
   "6": "CAMPOCHIARO",
   "7": "CAMPODIPIETRA",
   "8": "CAMPOLIETO",
   "9": "CAMPOMARINO",
   "10": "CASACALENDA",
   "11": "CASALCIPRANO",
   "12": "CASTELBOTTACCIO",
   "13": "CASTELLINO DEL BIFERNO",
   "14": "CASTELMAURO",
   "15": "CASTROPIGNANO",
   "16": "CERCEMAGGIORE",
   "17": "CERCEPICCOLA",
   "18": "CIVITACAMPOMARANO",
   "19": "COLLE D'ANCHISE",
   "20": "COLLETORTO",
   "21": "DURONIA",
   "22": "FERRAZZANO",
   "23": "FOSSALTO",
   "24": "GAMBATESA",
   "25": "GILDONE",
   "26": "GUARDIALFIERA",
   "27": "GUARDIAREGIA",
   "28": "GUGLIONESI",
   "29": "JELSI",
   "30": "LARINO",
   "31": "LIMOSANO",
   "32": "LUCITO",
   "33": "LUPARA",
   "34": "MACCHIA VALFORTORE",
   "35": "MAFALDA",
   "36": "MATRICE",
   "37": "MIRABELLO SANNITICO",
   "38": "MOLISE",
   "39": "MONACILIONI",
   "40": "MONTAGANO",
   "41": "MONTECILFONE",
   "42": "MONTEFALCONE NEL SANNIO",
   "43": "MONTELONGO",
   "44": "MONTEMITRO",
   "45": "MONTENERO DI BISACCIA",
   "46": "MONTORIO NEI FRENTANI",
   "47": "MORRONE DEL SANNIO",
   "48": "ORATINO",
   "49": "PALATA",
   "50": "PETACCIATO",
   "51": "PETRELLA TIFERNINA",
   "52": "PIETRACATELLA",
   "53": "PIETRACUPA",
   "54": "PORTOCANNONE",
   "55": "PROVVIDENTI",
   "56": "RICCIA",
   "57": "RIPABOTTONI",
   "58": "RIPALIMOSANI",
   "59": "ROCCAVIVARA",
   "60": "ROTELLO",
   "61": "SALCITO",
   "62": "SAN BIASE",
   "63": "SAN FELICE DEL MOLISE",
   "64": "SAN GIACOMO DEGLI SCHIAVONI",
   "65": "SAN GIOVANNI IN GALDO",
   "66": "SAN GIULIANO DEL SANNIO",
   "67": "SAN GIULIANO DI PUGLIA",
   "68": "SAN MARTINO IN PENSILIS",
   "69": "SAN MASSIMO",
   "70": "SAN POLOMATESE",
   "71": "SANTA CROCE DI MAGLIANO",
   "72": "SANT'ANGELO LIMOSANO",
   "73": "SANT'ELIA A PIANISI",
   "74": "SEPINO",
   "75": "SPINETE",
   "76": "TAVENNA",
   "77": "TERMOLI",
   "78": "TORELLA DEL SANNIO",
   "79": "TORO",
   "80": "TRIVENTO",
   "81": "TUFARA",
   "82": "URURI",
   "83": "VINCHIATURO",
   "84": "ACQUAVIVA D'ISERNIA",
   "85": "AGNONE",
   "86": "BAGNOLI DEL TRIGNO",
   "87": "BELMONTE DEL SANNIO",
   "88": "CANTALUPO NEL SANNIO",
   "89": "CAPRACOTTA",
   "90": "CAROVILLI",
   "91": "CARPINONE",
   "92": "CASTEL DEL GIUDICE",
   "93": "CASTELPETROSO",
   "94": "CASTELPIZZUTO",
   "95": "CASTEL SAN VINCENZO",
   "96": "CASTELVERRINO",
   "97": "CERRO AL VOLTURNO",
   "98": "CHIAUCI",
   "99": "CIVITANOVA DEL SANNIO",
   "100": "COLLI A VOLTURNO",
   "101": "CONCA CASALE",
   "102": "FILIGNANO",
   "103": "FORLI' DEL SANNIO",
   "104": "FORNELLI",
   "105": "FROSOLONE",
   "106": "ISERNIA",
   "107": "LONGANO",
   "108": "MACCHIA D'ISERNIA",
   "109": "MACCHIAGODENA",
   "110": "MIRANDA",
   "111": "MONTAQUILA",
   "112": "MONTENERO VAL COCCHIARA",
   "113": "MONTERODUNI",
   "114": "PESCHE",
   "115": "PESCOLANCIANO",
   "116": "PESCOPENNATARO",
   "117": "PETTORANELLO DEL MOLISE",
   "118": "PIETRABBONDANTE",
   "119": "PIZZONE",
   "120": "POGGIO SANNITA",
   "121": "POZZILLI",
   "122": "RIONERO SANNITICO",
   "123": "ROCCAMANDOLFI",
   "124": "ROCCASICURA",
   "125": "ROCCHETTA A VOLTURNO",
   "126": "SAN PIETRO AVELLANA",
   "127": "SANT'AGAPITO",
   "128": "SANTA MARIA DEL MOLISE",
   "129": "SANT'ANGELO DEL PESCO",
   "130": "SANT'ELENA SANNITA",
   "131": "SCAPOLI",
   "132": "SESSANO DEL MOLISE",
   "133": "SESTO CAMPANO",
   "134": "VASTOGIRARDI",
   "135": "VENAFRO"
}