{
   "0": "ACQUALAGNA",
   "1": "APECCHIO",
   "2": "AUDITORE",
   "3": "BARCHI",
   "4": "BELFORTE ALL'ISAURO",
   "5": "BORGO PACE",
   "6": "CAGLI",
   "7": "CANTIANO",
   "8": "CARPEGNA",
   "9": "CARTOCETO",
   "10": "CASTELDELCI",
   "11": "COLBORDOLO",
   "12": "FANO",
   "13": "FERMIGNANO",
   "14": "FOSSOMBRONE",
   "15": "FRATTE ROSA",
   "16": "FRONTINO",
   "17": "FRONTONE",
   "18": "GABICCE MARE",
   "19": "GRADARA",
   "20": "ISOLA DEL PIANO",
   "21": "LUNANO",
   "22": "MACERATA FELTRIA",
   "23": "MAIOLO",
   "24": "MERCATELLO SUL METAURO",
   "25": "MERCATINO CONCA",
   "26": "MOMBAROCCIO",
   "27": "MONDAVIO",
   "28": "MONDOLFO",
   "29": "MONTECALVO IN FOGLIA",
   "30": "MONTE CERIGNONE",
   "31": "MONTECICCARDO",
   "32": "MONTECOPIOLO",
   "33": "MONTEFELCINO",
   "34": "MONTEGRIMANO",
   "35": "MONTELABBATE",
   "36": "MONTEMAGGIORE AL METAURO",
   "37": "MONTE PORZIO",
   "38": "NOVAFELTRIA",
   "39": "ORCIANO DI PESARO",
   "40": "PEGLIO",
   "41": "PENNABILLI",
   "42": "PERGOLA",
   "43": "PESARO",
   "44": "PETRIANO",
   "45": "PIAGGE",
   "46": "PIANDIMELETO",
   "47": "PIETRARUBBIA",
   "48": "PIOBBICO",
   "49": "SALTARA",
   "50": "SAN COSTANZO",
   "51": "SAN GIORGIO DI PESARO",
   "52": "SAN LEO",
   "53": "SAN LORENZO IN CAMPO",
   "54": "SANT'AGATA FELTRIA",
   "55": "SANT'ANGELO IN LIZZOLA",
   "56": "SANT'ANGELO IN VADO",
   "57": "SANT'IPPOLITO",
   "58": "SASSOCORVARO",
   "59": "SASSOFELTRIO",
   "60": "SERRA SANT'ABBONDIO",
   "61": "SERRUNGARINA",
   "62": "TALAMELLO",
   "63": "TAVOLETO",
   "64": "TAVULLIA",
   "65": "URBANIA",
   "66": "URBINO",
   "67": "AGUGLIANO",
   "68": "ANCONA",
   "69": "ARCEVIA",
   "70": "BARBARA",
   "71": "BELVEDERE OSTRENSE",
   "72": "CAMERANO",
   "73": "CAMERATA PICENA",
   "74": "CASTELBELLINO",
   "75": "CASTEL COLONNA",
   "76": "CASTELFIDARDO",
   "77": "CASTELLEONE DI SUASA",
   "78": "CASTELPLANIO",
   "79": "CERRETO D'ESI",
   "80": "CHIARAVALLE",
   "81": "CORINALDO",
   "82": "CUPRAMONTANA",
   "83": "FABRIANO",
   "84": "FALCONARA MARITTIMA",
   "85": "FILOTTRANO",
   "86": "GENGA",
   "87": "JESI",
   "88": "LORETO",
   "89": "MAIOLATI SPONTINI",
   "90": "MERGO",
   "91": "MONSANO",
   "92": "MONTECAROTTO",
   "93": "MONTEMARCIANO",
   "94": "MONTERADO",
   "95": "MONTE ROBERTO",
   "96": "MONTE SAN VITO",
   "97": "MORRO D'ALBA",
   "98": "NUMANA",
   "99": "OFFAGNA",
   "100": "OSIMO",
   "101": "OSTRA",
   "102": "OSTRA VETERE",
   "103": "POGGIO SAN MARCELLO",
   "104": "POLVERIGI",
   "105": "RIPE",
   "106": "ROSORA",
   "107": "SAN MARCELLO",
   "108": "SAN PAOLO DI JESI",
   "109": "SANTA MARIA NUOVA",
   "110": "SASSOFERRATO",
   "111": "SENIGALLIA",
   "112": "SERRA DE' CONTI",
   "113": "SERRA SAN QUIRICO",
   "114": "SIROLO",
   "115": "STAFFOLO",
   "116": "ACQUACANINA",
   "117": "APIRO",
   "118": "APPIGNANO",
   "119": "BELFORTE DEL CHIENTI",
   "120": "BOLOGNOLA",
   "121": "CALDAROLA",
   "122": "CAMERINO",
   "123": "CAMPOROTONDO DI FIASTRONE",
   "124": "CASTELRAIMONDO",
   "125": "CASTELSANTANGELO SUL NERA",
   "126": "CESSAPALOMBO",
   "127": "CINGOLI",
   "128": "CIVITANOVA MARCHE",
   "129": "COLMURANO",
   "130": "CORRIDONIA",
   "131": "ESANATOGLIA",
   "132": "FIASTRA",
   "133": "FIORDIMONTE",
   "134": "FIUMINATA",
   "135": "GAGLIOLE",
   "136": "GUALDO",
   "137": "LORO PICENO",
   "138": "MACERATA",
   "139": "MATELICA",
   "140": "MOGLIANO",
   "141": "MONTECASSIANO",
   "142": "MONTE CAVALLO",
   "143": "MONTECOSARO",
   "144": "MONTEFANO",
   "145": "MONTELUPONE",
   "146": "MONTE SAN GIUSTO",
   "147": "MONTE SAN MARTINO",
   "148": "MORROVALLE",
   "149": "MUCCIA",
   "150": "PENNA SAN GIOVANNI",
   "151": "PETRIOLO",
   "152": "PIEVEBOVIGLIANA",
   "153": "PIEVE TORINA",
   "154": "PIORACO",
   "155": "POGGIO SAN VICINO",
   "156": "POLLENZA",
   "157": "PORTO RECANATI",
   "158": "POTENZA PICENA",
   "159": "RECANATI",
   "160": "RIPE SAN GINESIO",
   "161": "SAN GINESIO",
   "162": "SAN SEVERINO MARCHE",
   "163": "SANT'ANGELO IN PONTANO",
   "164": "SARNANO",
   "165": "SEFRO",
   "166": "SERRAPETRONA",
   "167": "SERRAVALLE DI CHIENTI",
   "168": "TOLENTINO",
   "169": "TREIA",
   "170": "URBISAGLIA",
   "171": "USSITA",
   "172": "VISSO",
   "173": "ACQUASANTA TERME",
   "174": "ACQUAVIVA PICENA",
   "175": "ALTIDONA",
   "176": "AMANDOLA",
   "177": "APPIGNANO DEL TRONTO",
   "178": "ARQUATA DEL TRONTO",
   "179": "ASCOLI PICENO",
   "180": "BELMONTE PICENO",
   "181": "CAMPOFILONE",
   "182": "CARASSAI",
   "183": "CASTEL DI LAMA",
   "184": "CASTIGNANO",
   "185": "CASTORANO",
   "186": "COLLI DEL TRONTO",
   "187": "COMUNANZA",
   "188": "COSSIGNANO",
   "189": "CUPRA MARITTIMA",
   "190": "FALERONE",
   "191": "FERMO",
   "192": "FOLIGNANO",
   "193": "FORCE",
   "194": "FRANCAVILLA D'ETE",
   "195": "GROTTAMMARE",
   "196": "GROTTAZZOLINA",
   "197": "LAPEDONA",
   "198": "MAGLIANO DI TENNA",
   "199": "MALTIGNANO",
   "200": "MASSA FERMANA",
   "201": "MASSIGNANO",
   "202": "MONSAMPIETRO MORICO",
   "203": "MONSAMPOLO DEL TRONTO",
   "204": "MONTALTO DELLE MARCHE",
   "205": "MONTAPPONE",
   "206": "MONTEDINOVE",
   "207": "MONTEFALCONE APPENNINO",
   "208": "MONTEFIORE DELL'ASO",
   "209": "MONTEFORTINO",
   "210": "MONTEGALLO",
   "211": "MONTE GIBERTO",
   "212": "MONTEGIORGIO",
   "213": "MONTEGRANARO",
   "214": "MONTELEONE DI FERMO",
   "215": "MONTELPARO",
   "216": "MONTEMONACO",
   "217": "MONTEPRANDONE",
   "218": "MONTE RINALDO",
   "219": "MONTERUBBIANO",
   "220": "MONTE SAN PIETRANGELI",
   "221": "MONTE URANO",
   "222": "MONTE VIDON COMBATTE",
   "223": "MONTE VIDON CORRADO",
   "224": "MONTOTTONE",
   "225": "MORESCO",
   "226": "OFFIDA",
   "227": "ORTEZZANO",
   "228": "PALMIANO",
   "229": "PEDASO",
   "230": "PETRITOLI",
   "231": "PONZANO DI FERMO",
   "232": "PORTO SAN GIORGIO",
   "233": "PORTO SANT'ELPIDIO",
   "234": "RAPAGNANO",
   "235": "RIPATRANSONE",
   "236": "ROCCAFLUVIONE",
   "237": "ROTELLA",
   "238": "SAN BENEDETTO DEL TRONTO",
   "239": "SANTA VITTORIA IN MATENANO",
   "240": "SANT'ELPIDIO A MARE",
   "241": "SERVIGLIANO",
   "242": "SMERILLO",
   "243": "SPINETOLI",
   "244": "TORRE SAN PATRIZIO",
   "245": "VENAROTTA"
}