{
   "ACQUALAGNA": 0,
   "APECCHIO": 1,
   "AUDITORE": 2,
   "BARCHI": 3,
   "BELFORTE ALL'ISAURO": 4,
   "BORGO PACE": 5,
   "CAGLI": 6,
   "CANTIANO": 7,
   "CARPEGNA": 8,
   "CARTOCETO": 9,
   "CASTELDELCI": 10,
   "COLBORDOLO": 11,
   "FANO": 12,
   "FERMIGNANO": 13,
   "FOSSOMBRONE": 14,
   "FRATTE ROSA": 15,
   "FRONTINO": 16,
   "FRONTONE": 17,
   "GABICCE MARE": 18,
   "GRADARA": 19,
   "ISOLA DEL PIANO": 20,
   "LUNANO": 21,
   "MACERATA FELTRIA": 22,
   "MAIOLO": 23,
   "MERCATELLO SUL METAURO": 24,
   "MERCATINO CONCA": 25,
   "MOMBAROCCIO": 26,
   "MONDAVIO": 27,
   "MONDOLFO": 28,
   "MONTECALVO IN FOGLIA": 29,
   "MONTE CERIGNONE": 30,
   "MONTECICCARDO": 31,
   "MONTECOPIOLO": 32,
   "MONTEFELCINO": 33,
   "MONTEGRIMANO": 34,
   "MONTELABBATE": 35,
   "MONTEMAGGIORE AL METAURO": 36,
   "MONTE PORZIO": 37,
   "NOVAFELTRIA": 38,
   "ORCIANO DI PESARO": 39,
   "PEGLIO": 40,
   "PENNABILLI": 41,
   "PERGOLA": 42,
   "PESARO": 43,
   "PETRIANO": 44,
   "PIAGGE": 45,
   "PIANDIMELETO": 46,
   "PIETRARUBBIA": 47,
   "PIOBBICO": 48,
   "SALTARA": 49,
   "SAN COSTANZO": 50,
   "SAN GIORGIO DI PESARO": 51,
   "SAN LEO": 52,
   "SAN LORENZO IN CAMPO": 53,
   "SANT'AGATA FELTRIA": 54,
   "SANT'ANGELO IN LIZZOLA": 55,
   "SANT'ANGELO IN VADO": 56,
   "SANT'IPPOLITO": 57,
   "SASSOCORVARO": 58,
   "SASSOFELTRIO": 59,
   "SERRA SANT'ABBONDIO": 60,
   "SERRUNGARINA": 61,
   "TALAMELLO": 62,
   "TAVOLETO": 63,
   "TAVULLIA": 64,
   "URBANIA": 65,
   "URBINO": 66,
   "AGUGLIANO": 67,
   "ANCONA": 68,
   "ARCEVIA": 69,
   "BARBARA": 70,
   "BELVEDERE OSTRENSE": 71,
   "CAMERANO": 72,
   "CAMERATA PICENA": 73,
   "CASTELBELLINO": 74,
   "CASTEL COLONNA": 75,
   "CASTELFIDARDO": 76,
   "CASTELLEONE DI SUASA": 77,
   "CASTELPLANIO": 78,
   "CERRETO D'ESI": 79,
   "CHIARAVALLE": 80,
   "CORINALDO": 81,
   "CUPRAMONTANA": 82,
   "FABRIANO": 83,
   "FALCONARA MARITTIMA": 84,
   "FILOTTRANO": 85,
   "GENGA": 86,
   "JESI": 87,
   "LORETO": 88,
   "MAIOLATI SPONTINI": 89,
   "MERGO": 90,
   "MONSANO": 91,
   "MONTECAROTTO": 92,
   "MONTEMARCIANO": 93,
   "MONTERADO": 94,
   "MONTE ROBERTO": 95,
   "MONTE SAN VITO": 96,
   "MORRO D'ALBA": 97,
   "NUMANA": 98,
   "OFFAGNA": 99,
   "OSIMO": 100,
   "OSTRA": 101,
   "OSTRA VETERE": 102,
   "POGGIO SAN MARCELLO": 103,
   "POLVERIGI": 104,
   "RIPE": 105,
   "ROSORA": 106,
   "SAN MARCELLO": 107,
   "SAN PAOLO DI JESI": 108,
   "SANTA MARIA NUOVA": 109,
   "SASSOFERRATO": 110,
   "SENIGALLIA": 111,
   "SERRA DE' CONTI": 112,
   "SERRA SAN QUIRICO": 113,
   "SIROLO": 114,
   "STAFFOLO": 115,
   "ACQUACANINA": 116,
   "APIRO": 117,
   "APPIGNANO": 118,
   "BELFORTE DEL CHIENTI": 119,
   "BOLOGNOLA": 120,
   "CALDAROLA": 121,
   "CAMERINO": 122,
   "CAMPOROTONDO DI FIASTRONE": 123,
   "CASTELRAIMONDO": 124,
   "CASTELSANTANGELO SUL NERA": 125,
   "CESSAPALOMBO": 126,
   "CINGOLI": 127,
   "CIVITANOVA MARCHE": 128,
   "COLMURANO": 129,
   "CORRIDONIA": 130,
   "ESANATOGLIA": 131,
   "FIASTRA": 132,
   "FIORDIMONTE": 133,
   "FIUMINATA": 134,
   "GAGLIOLE": 135,
   "GUALDO": 136,
   "LORO PICENO": 137,
   "MACERATA": 138,
   "MATELICA": 139,
   "MOGLIANO": 140,
   "MONTECASSIANO": 141,
   "MONTE CAVALLO": 142,
   "MONTECOSARO": 143,
   "MONTEFANO": 144,
   "MONTELUPONE": 145,
   "MONTE SAN GIUSTO": 146,
   "MONTE SAN MARTINO": 147,
   "MORROVALLE": 148,
   "MUCCIA": 149,
   "PENNA SAN GIOVANNI": 150,
   "PETRIOLO": 151,
   "PIEVEBOVIGLIANA": 152,
   "PIEVE TORINA": 153,
   "PIORACO": 154,
   "POGGIO SAN VICINO": 155,
   "POLLENZA": 156,
   "PORTO RECANATI": 157,
   "POTENZA PICENA": 158,
   "RECANATI": 159,
   "RIPE SAN GINESIO": 160,
   "SAN GINESIO": 161,
   "SAN SEVERINO MARCHE": 162,
   "SANT'ANGELO IN PONTANO": 163,
   "SARNANO": 164,
   "SEFRO": 165,
   "SERRAPETRONA": 166,
   "SERRAVALLE DI CHIENTI": 167,
   "TOLENTINO": 168,
   "TREIA": 169,
   "URBISAGLIA": 170,
   "USSITA": 171,
   "VISSO": 172,
   "ACQUASANTA TERME": 173,
   "ACQUAVIVA PICENA": 174,
   "ALTIDONA": 175,
   "AMANDOLA": 176,
   "APPIGNANO DEL TRONTO": 177,
   "ARQUATA DEL TRONTO": 178,
   "ASCOLI PICENO": 179,
   "BELMONTE PICENO": 180,
   "CAMPOFILONE": 181,
   "CARASSAI": 182,
   "CASTEL DI LAMA": 183,
   "CASTIGNANO": 184,
   "CASTORANO": 185,
   "COLLI DEL TRONTO": 186,
   "COMUNANZA": 187,
   "COSSIGNANO": 188,
   "CUPRA MARITTIMA": 189,
   "FALERONE": 190,
   "FERMO": 191,
   "FOLIGNANO": 192,
   "FORCE": 193,
   "FRANCAVILLA D'ETE": 194,
   "GROTTAMMARE": 195,
   "GROTTAZZOLINA": 196,
   "LAPEDONA": 197,
   "MAGLIANO DI TENNA": 198,
   "MALTIGNANO": 199,
   "MASSA FERMANA": 200,
   "MASSIGNANO": 201,
   "MONSAMPIETRO MORICO": 202,
   "MONSAMPOLO DEL TRONTO": 203,
   "MONTALTO DELLE MARCHE": 204,
   "MONTAPPONE": 205,
   "MONTEDINOVE": 206,
   "MONTEFALCONE APPENNINO": 207,
   "MONTEFIORE DELL'ASO": 208,
   "MONTEFORTINO": 209,
   "MONTEGALLO": 210,
   "MONTE GIBERTO": 211,
   "MONTEGIORGIO": 212,
   "MONTEGRANARO": 213,
   "MONTELEONE DI FERMO": 214,
   "MONTELPARO": 215,
   "MONTEMONACO": 216,
   "MONTEPRANDONE": 217,
   "MONTE RINALDO": 218,
   "MONTERUBBIANO": 219,
   "MONTE SAN PIETRANGELI": 220,
   "MONTE URANO": 221,
   "MONTE VIDON COMBATTE": 222,
   "MONTE VIDON CORRADO": 223,
   "MONTOTTONE": 224,
   "MORESCO": 225,
   "OFFIDA": 226,
   "ORTEZZANO": 227,
   "PALMIANO": 228,
   "PEDASO": 229,
   "PETRITOLI": 230,
   "PONZANO DI FERMO": 231,
   "PORTO SAN GIORGIO": 232,
   "PORTO SANT'ELPIDIO": 233,
   "RAPAGNANO": 234,
   "RIPATRANSONE": 235,
   "ROCCAFLUVIONE": 236,
   "ROTELLA": 237,
   "SAN BENEDETTO DEL TRONTO": 238,
   "SANTA VITTORIA IN MATENANO": 239,
   "SANT'ELPIDIO A MARE": 240,
   "SERVIGLIANO": 241,
   "SMERILLO": 242,
   "SPINETOLI": 243,
   "TORRE SAN PATRIZIO": 244,
   "VENAROTTA": 245
}