{
   "AGLIE'": 0,
   "AIRASCA": 1,
   "ALA DI STURA": 2,
   "ALBIANO D'IVREA": 3,
   "ALICE SUPERIORE": 4,
   "ALMESE": 5,
   "ALPETTE": 6,
   "ALPIGNANO": 7,
   "ANDEZENO": 8,
   "ANDRATE": 9,
   "ANGROGNA": 10,
   "ARIGNANO": 11,
   "AVIGLIANA": 12,
   "AZEGLIO": 13,
   "BAIRO": 14,
   "BALANGERO": 15,
   "BALDISSERO CANAVESE": 16,
   "BALDISSERO TORINESE": 17,
   "BALME": 18,
   "BANCHETTE": 19,
   "BARBANIA": 20,
   "BARDONECCHIA": 21,
   "BARONE CANAVESE": 22,
   "BEINASCO": 23,
   "BIBIANA": 24,
   "BOBBIO PELLICE": 25,
   "BOLLENGO": 26,
   "BORGARO TORINESE": 27,
   "BORGIALLO": 28,
   "BORGOFRANCO D'IVREA": 29,
   "BORGOMASINO": 30,
   "BORGONE SUSA": 31,
   "BOSCONERO": 32,
   "BRANDIZZO": 33,
   "BRICHERASIO": 34,
   "BROSSO": 35,
   "BROZOLO": 36,
   "BRUINO": 37,
   "BRUSASCO": 38,
   "BRUZOLO": 39,
   "BURIASCO": 40,
   "BUROLO": 41,
   "BUSANO": 42,
   "BUSSOLENO": 43,
   "BUTTIGLIERA ALTA": 44,
   "CAFASSE": 45,
   "CALUSO": 46,
   "CAMBIANO": 47,
   "CAMPIGLIONE-FENILE": 48,
   "CANDIA CANAVESE": 49,
   "CANDIOLO": 50,
   "CANISCHIO": 51,
   "CANTALUPA": 52,
   "CANTOIRA": 53,
   "CAPRIE": 54,
   "CARAVINO": 55,
   "CAREMA": 56,
   "CARIGNANO": 57,
   "CARMAGNOLA": 58,
   "CASALBORGONE": 59,
   "CASCINETTE D'IVREA": 60,
   "CASELETTE": 61,
   "CASELLE TORINESE": 62,
   "CASTAGNETO PO": 63,
   "CASTAGNOLE PIEMONTE": 64,
   "CASTELLAMONTE": 65,
   "CASTELNUOVO NIGRA": 66,
   "CASTIGLIONE TORINESE": 67,
   "CAVAGNOLO": 68,
   "CAVOUR": 69,
   "CERCENASCO": 70,
   "CERES": 71,
   "CERESOLE REALE": 72,
   "CESANA TORINESE": 73,
   "CHIALAMBERTO": 74,
   "CHIANOCCO": 75,
   "CHIAVERANO": 76,
   "CHIERI": 77,
   "CHIESANUOVA": 78,
   "CHIOMONTE": 79,
   "CHIUSA DI SAN MICHELE": 80,
   "CHIVASSO": 81,
   "CICONIO": 82,
   "CINTANO": 83,
   "CINZANO": 84,
   "CIRIE'": 85,
   "CLAVIERE": 86,
   "COASSOLO TORINESE": 87,
   "COAZZE": 88,
   "COLLEGNO": 89,
   "COLLERETTO CASTELNUOVO": 90,
   "COLLERETTO GIACOSA": 91,
   "CONDOVE": 92,
   "CORIO": 93,
   "COSSANO CANAVESE": 94,
   "CUCEGLIO": 95,
   "CUMIANA": 96,
   "CUORGNE'": 97,
   "DRUENTO": 98,
   "EXILLES": 99,
   "FAVRIA": 100,
   "FELETTO": 101,
   "FENESTRELLE": 102,
   "FIANO": 103,
   "FIORANO CANAVESE": 104,
   "FOGLIZZO": 105,
   "FORNO CANAVESE": 106,
   "FRASSINETTO": 107,
   "FRONT": 108,
   "FROSSASCO": 109,
   "GARZIGLIANA": 110,
   "GASSINO TORINESE": 111,
   "GERMAGNANO": 112,
   "GIAGLIONE": 113,
   "GIAVENO": 114,
   "GIVOLETTO": 115,
   "GRAVERE": 116,
   "GROSCAVALLO": 117,
   "GROSSO": 118,
   "GRUGLIASCO": 119,
   "INGRIA": 120,
   "INVERSO PINASCA": 121,
   "ISOLABELLA": 122,
   "ISSIGLIO": 123,
   "IVREA": 124,
   "LA CASSA": 125,
   "LA LOGGIA": 126,
   "LANZO TORINESE": 127,
   "LAURIANO": 128,
   "LEINI": 129,
   "LEMIE": 130,
   "LESSOLO": 131,
   "LEVONE": 132,
   "LOCANA": 133,
   "LOMBARDORE": 134,
   "LOMBRIASCO": 135,
   "LORANZE'": 136,
   "LUGNACCO": 137,
   "LUSERNA SAN GIOVANNI": 138,
   "LUSERNETTA": 139,
   "LUSIGLIE'": 140,
   "MACELLO": 141,
   "MAGLIONE": 142,
   "MARENTINO": 143,
   "MASSELLO": 144,
   "MATHI": 145,
   "MATTIE": 146,
   "MAZZE'": 147,
   "MEANA DI SUSA": 148,
   "MERCENASCO": 149,
   "MEUGLIANO": 150,
   "MEZZENILE": 151,
   "MOMBELLO DI TORINO": 152,
   "MOMPANTERO": 153,
   "MONASTERO DI LANZO": 154,
   "MONCALIERI": 155,
   "MONCENISIO": 156,
   "MONTALDO TORINESE": 157,
   "MONTALENGHE": 158,
   "MONTALTO DORA": 159,
   "MONTANARO": 160,
   "MONTEU DA PO": 161,
   "MORIONDO TORINESE": 162,
   "NICHELINO": 163,
   "NOASCA": 164,
   "NOLE": 165,
   "NOMAGLIO": 166,
   "NONE": 167,
   "NOVALESA": 168,
   "OGLIANICO": 169,
   "ORBASSANO": 170,
   "ORIO CANAVESE": 171,
   "OSASCO": 172,
   "OSASIO": 173,
   "OULX": 174,
   "OZEGNA": 175,
   "PALAZZO CANAVESE": 176,
   "PANCALIERI": 177,
   "PARELLA": 178,
   "PAVAROLO": 179,
   "PAVONE CANAVESE": 180,
   "PECCO": 181,
   "PECETTO TORINESE": 182,
   "PEROSA ARGENTINA": 183,
   "PEROSA CANAVESE": 184,
   "PERRERO": 185,
   "PERTUSIO": 186,
   "PESSINETTO": 187,
   "PIANEZZA": 188,
   "PINASCA": 189,
   "PINEROLO": 190,
   "PINO TORINESE": 191,
   "PIOBESI TORINESE": 192,
   "PIOSSASCO": 193,
   "PISCINA": 194,
   "PIVERONE": 195,
   "POIRINO": 196,
   "POMARETTO": 197,
   "PONT-CANAVESE": 198,
   "PORTE": 199,
   "PRAGELATO": 200,
   "PRALI": 201,
   "PRALORMO": 202,
   "PRAMOLLO": 203,
   "PRAROSTINO": 204,
   "PRASCORSANO": 205,
   "PRATIGLIONE": 206,
   "QUAGLIUZZO": 207,
   "QUASSOLO": 208,
   "QUINCINETTO": 209,
   "REANO": 210,
   "RIBORDONE": 211,
   "RIVALBA": 212,
   "RIVALTA DI TORINO": 213,
   "RIVA PRESSO CHIERI": 214,
   "RIVARA": 215,
   "RIVAROLO CANAVESE": 216,
   "RIVAROSSA": 217,
   "RIVOLI": 218,
   "ROBASSOMERO": 219,
   "ROCCA CANAVESE": 220,
   "ROLETTO": 221,
   "ROMANO CANAVESE": 222,
   "RONCO CANAVESE": 223,
   "RONDISSONE": 224,
   "RORA'": 225,
   "ROURE": 226,
   "ROSTA": 227,
   "RUBIANA": 228,
   "RUEGLIO": 229,
   "SALASSA": 230,
   "SALBERTRAND": 231,
   "SALERANO CANAVESE": 232,
   "SALZA DI PINEROLO": 233,
   "SAMONE": 234,
   "SAN BENIGNO CANAVESE": 235,
   "SAN CARLO CANAVESE": 236,
   "SAN COLOMBANO BELMONTE": 237,
   "SAN DIDERO": 238,
   "SAN FRANCESCO AL CAMPO": 239,
   "SANGANO": 240,
   "SAN GERMANO CHISONE": 241,
   "SAN GILLIO": 242,
   "SAN GIORGIO CANAVESE": 243,
   "SAN GIORIO DI SUSA": 244,
   "SAN GIUSTO CANAVESE": 245,
   "SAN MARTINO CANAVESE": 246,
   "SAN MAURIZIO CANAVESE": 247,
   "SAN MAURO TORINESE": 248,
   "SAN PIETRO VAL LEMINA": 249,
   "SAN PONSO": 250,
   "SAN RAFFAELE CIMENA": 251,
   "SAN SEBASTIANO DA PO": 252,
   "SAN SECONDO DI PINEROLO": 253,
   "SANT'AMBROGIO DI TORINO": 254,
   "SANT'ANTONINO DI SUSA": 255,
   "SANTENA": 256,
   "SAUZE DI CESANA": 257,
   "SAUZE D'OULX": 258,
   "SCALENGHE": 259,
   "SCARMAGNO": 260,
   "SCIOLZE": 261,
   "SESTRIERE": 262,
   "SETTIMO ROTTARO": 263,
   "SETTIMO TORINESE": 264,
   "SETTIMO VITTONE": 265,
   "SPARONE": 266,
   "STRAMBINELLO": 267,
   "STRAMBINO": 268,
   "SUSA": 269,
   "TAVAGNASCO": 270,
   "TORINO": 271,
   "TORRAZZA PIEMONTE": 272,
   "TORRE CANAVESE": 273,
   "TORRE PELLICE": 274,
   "TRANA": 275,
   "TRAUSELLA": 276,
   "TRAVERSELLA": 277,
   "TRAVES": 278,
   "TROFARELLO": 279,
   "USSEAUX": 280,
   "USSEGLIO": 281,
   "VAIE": 282,
   "VAL DELLA TORRE": 283,
   "VALGIOIE": 284,
   "VALLO TORINESE": 285,
   "VALPERGA": 286,
   "VALPRATO SOANA": 287,
   "VARISELLA": 288,
   "VAUDA CANAVESE": 289,
   "VENAUS": 290,
   "VENARIA REALE": 291,
   "VEROLENGO": 292,
   "VERRUA SAVOIA": 293,
   "VESTIGNE'": 294,
   "VIALFRE'": 295,
   "VICO CANAVESE": 296,
   "VIDRACCO": 297,
   "VIGONE": 298,
   "VILLAFRANCA PIEMONTE": 299,
   "VILLANOVA CANAVESE": 300,
   "VILLARBASSE": 301,
   "VILLAR DORA": 302,
   "VILLAREGGIA": 303,
   "VILLAR FOCCHIARDO": 304,
   "VILLAR PELLICE": 305,
   "VILLAR PEROSA": 306,
   "VILLASTELLONE": 307,
   "VINOVO": 308,
   "VIRLE PIEMONTE": 309,
   "VISCHE": 310,
   "VISTRORIO": 311,
   "VIU'": 312,
   "VOLPIANO": 313,
   "VOLVERA": 314,
   "AILOCHE": 315,
   "ALAGNA VALSESIA": 316,
   "ALBANO VERCELLESE": 317,
   "ALICE CASTELLO": 318,
   "ANDORNO MICCA": 319,
   "ARBORIO": 320,
   "ASIGLIANO VERCELLESE": 321,
   "BALMUCCIA": 322,
   "BALOCCO": 323,
   "BENNA": 324,
   "BIANZE'": 325,
   "BIELLA": 326,
   "BIOGLIO": 327,
   "BOCCIOLETO": 328,
   "BORGO D'ALE": 329,
   "BORGOSESIA": 330,
   "BORGO VERCELLI": 331,
   "BORRIANA": 332,
   "BREIA": 333,
   "BRUSNENGO": 334,
   "BURONZO": 335,
   "CALLABIANA": 336,
   "CAMANDONA": 337,
   "CAMBURZANO": 338,
   "CAMPERTOGNO": 339,
   "CAMPIGLIA CERVO": 340,
   "CANDELO": 341,
   "CAPRILE": 342,
   "CARCOFORO": 343,
   "CARESANA": 344,
   "CARESANABLOT": 345,
   "CARISIO": 346,
   "CASANOVA ELVO": 347,
   "CASAPINTA": 348,
   "SAN GIACOMO VERCELLESE": 349,
   "CASTELLETTO CERVO": 350,
   "CAVAGLIA'": 351,
   "CELLIO": 352,
   "CERRETO CASTELLO": 353,
   "CERRIONE": 354,
   "CERVATTO": 355,
   "CIGLIANO": 356,
   "CIVIASCO": 357,
   "COGGIOLA": 358,
   "COLLOBIANO": 359,
   "COSSATO": 360,
   "COSTANZANA": 361,
   "CRAVAGLIANA": 362,
   "CRESCENTINO": 363,
   "CREVACUORE": 364,
   "CROSA": 365,
   "CROVA": 366,
   "CURINO": 367,
   "DESANA": 368,
   "DONATO": 369,
   "DORZANO": 370,
   "FOBELLO": 371,
   "FONTANETTO PO": 372,
   "FORMIGLIANA": 373,
   "GAGLIANICO": 374,
   "GATTINARA": 375,
   "GHISLARENGO": 376,
   "GIFFLENGA": 377,
   "GRAGLIA": 378,
   "GREGGIO": 379,
   "GUARDABOSONE": 380,
   "LAMPORO": 381,
   "LENTA": 382,
   "LESSONA": 383,
   "LIGNANA": 384,
   "LIVORNO FERRARIS": 385,
   "LOZZOLO": 386,
   "MAGNANO": 387,
   "MASSAZZA": 388,
   "MASSERANO": 389,
   "MEZZANA MORTIGLIENGO": 390,
   "MIAGLIANO": 391,
   "MOLLIA": 392,
   "MONCRIVELLO": 393,
   "MONGRANDO": 394,
   "MOSSO SANTA MARIA": 395,
   "MOTTA DE' CONTI": 396,
   "MOTTALCIATA": 397,
   "MUZZANO": 398,
   "NETRO": 399,
   "OCCHIEPPO INFERIORE": 400,
   "OCCHIEPPO SUPERIORE": 401,
   "OLCENENGO": 402,
   "OLDENICO": 403,
   "PALAZZOLO VERCELLESE": 404,
   "PERTENGO": 405,
   "PETTINENGO": 406,
   "PEZZANA": 407,
   "PIATTO": 408,
   "PIEDICAVALLO": 409,
   "PILA": 410,
   "PIODE": 411,
   "PISTOLESA": 412,
   "POLLONE": 413,
   "PONDERANO": 414,
   "PORTULA": 415,
   "POSTUA": 416,
   "PRALUNGO": 417,
   "PRAROLO": 418,
   "PRAY": 419,
   "QUAREGNA": 420,
   "QUARONA": 421,
   "QUINTO VERCELLESE": 422,
   "QUITTENGO": 423,
   "RASSA": 424,
   "RIMA SAN GIUSEPPE": 425,
   "RIMASCO": 426,
   "RIMELLA": 427,
   "RIVA VALDOBBIA": 428,
   "RIVE": 429,
   "ROASIO": 430,
   "RONCO BIELLESE": 431,
   "RONSECCO": 432,
   "ROPPOLO": 433,
   "ROSAZZA": 434,
   "ROSSA": 435,
   "ROVASENDA": 436,
   "SABBIA": 437,
   "SAGLIANO MICCA": 438,
   "SALA BIELLESE": 439,
   "SALASCO": 440,
   "SALI VERCELLESE": 441,
   "SALUGGIA": 442,
   "SALUSSOLA": 443,
   "SANDIGLIANO": 444,
   "SAN GERMANO VERCELLESE": 445,
   "SAN PAOLO CERVO": 446,
   "SANTHIA'": 447,
   "SCOPA": 448,
   "SCOPELLO": 449,
   "SELVE MARCONE": 450,
   "SERRAVALLE SESIA": 451,
   "SOPRANA": 452,
   "SORDEVOLO": 453,
   "SOSTEGNO": 454,
   "STRONA": 455,
   "STROPPIANA": 456,
   "TAVIGLIANO": 457,
   "TERNENGO": 458,
   "TOLLEGNO": 459,
   "TORRAZZO": 460,
   "TRICERRO": 461,
   "TRINO": 462,
   "TRIVERO": 463,
   "TRONZANO VERCELLESE": 464,
   "VALDENGO": 465,
   "VALDUGGIA": 466,
   "VALLANZENGO": 467,
   "VALLE MOSSO": 468,
   "VALLE SAN NICOLAO": 469,
   "VARALLO": 470,
   "VEGLIO": 471,
   "VERCELLI": 472,
   "VERRONE": 473,
   "VIGLIANO BIELLESE": 474,
   "VILLA DEL BOSCO": 475,
   "VILLANOVA BIELLESE": 476,
   "VILLARBOIT": 477,
   "VILLATA": 478,
   "VIVERONE": 479,
   "VOCCA": 480,
   "ZIMONE": 481,
   "ZUBIENA": 482,
   "ZUMAGLIA": 483,
   "AGRATE CONTURBIA": 484,
   "AMENO": 485,
   "ANTRONA SCHIERANCO": 486,
   "ANZOLA D'OSSOLA": 487,
   "ARIZZANO": 488,
   "ARMENO": 489,
   "AROLA": 490,
   "ARONA": 491,
   "AURANO": 492,
   "BACENO": 493,
   "BANNIO ANZINO": 494,
   "BARENGO": 495,
   "BAVENO": 496,
   "BEE": 497,
   "BELGIRATE": 498,
   "BELLINZAGO NOVARESE": 499,
   "BEURA-CARDEZZA": 500,
   "BIANDRATE": 501,
   "BOCA": 502,
   "BOGNANCO": 503,
   "BOGOGNO": 504,
   "BOLZANO NOVARESE": 505,
   "BORGOLAVEZZARO": 506,
   "BORGOMANERO": 507,
   "BORGO TICINO": 508,
   "BRIGA NOVARESE": 509,
   "BRIONA": 510,
   "BROVELLO-CARPUGNINO": 511,
   "CALASCA-CASTIGLIONE": 512,
   "CALTIGNAGA": 513,
   "CAMBIASCA": 514,
   "CAMERI": 515,
   "CANNERO RIVIERA": 516,
   "CANNOBIO": 517,
   "CAPREZZO": 518,
   "CARPIGNANO SESIA": 519,
   "CASALBELTRAME": 520,
   "CASALE CORTE CERRO": 521,
   "CASALEGGIO NOVARA": 522,
   "CASALINO": 523,
   "CASALVOLONE": 524,
   "CASTELLAZZO NOVARESE": 525,
   "CASTELLETTO SOPRA TICINO": 526,
   "CAVAGLIETTO": 527,
   "CAVAGLIO D'AGOGNA": 528,
   "CAVAGLIO-SPOCCIA": 529,
   "CAVALLIRIO": 530,
   "CEPPO MORELLI": 531,
   "CERANO": 532,
   "CESARA": 533,
   "COLAZZA": 534,
   "COMIGNAGO": 535,
   "COSSOGNO": 536,
   "CRAVEGGIA": 537,
   "CRESSA": 538,
   "CREVOLADOSSOLA": 539,
   "CRODO": 540,
   "CUREGGIO": 541,
   "CURSOLO-ORASSO": 542,
   "DIVIGNANO": 543,
   "DOMODOSSOLA": 544,
   "DORMELLETTO": 545,
   "DRUOGNO": 546,
   "FALMENTA": 547,
   "FARA NOVARESE": 548,
   "FONTANETO D'AGOGNA": 549,
   "FORMAZZA": 550,
   "GALLIATE": 551,
   "GARBAGNA NOVARESE": 552,
   "GARGALLO": 553,
   "GATTICO": 554,
   "GERMAGNO": 555,
   "GHEMME": 556,
   "GHIFFA": 557,
   "GIGNESE": 558,
   "GOZZANO": 559,
   "GRANOZZO CON MONTICELLO": 560,
   "GRAVELLONA TOCE": 561,
   "GRIGNASCO": 562,
   "GURRO": 563,
   "INTRAGNA": 564,
   "INVORIO": 565,
   "LANDIONA": 566,
   "LESA": 567,
   "LOREGLIA": 568,
   "MACUGNAGA": 569,
   "MADONNA DEL SASSO": 570,
   "MAGGIORA": 571,
   "MALESCO": 572,
   "MANDELLO VITTA": 573,
   "MARANO TICINO": 574,
   "MASERA": 575,
   "MASSINO VISCONTI": 576,
   "MASSIOLA": 577,
   "MEINA": 578,
   "MERGOZZO": 579,
   "MEZZOMERICO": 580,
   "MIASINO": 581,
   "MIAZZINA": 582,
   "MOMO": 583,
   "MONTECRESTESE": 584,
   "MONTESCHENO": 585,
   "NEBBIUNO": 586,
   "NIBBIOLA": 587,
   "NONIO": 588,
   "NOVARA": 589,
   "OGGEBBIO": 590,
   "OLEGGIO": 591,
   "OLEGGIO CASTELLO": 592,
   "OMEGNA": 593,
   "ORNAVASSO": 594,
   "ORTA SAN GIULIO": 595,
   "PALLANZENO": 596,
   "PARUZZARO": 597,
   "PELLA": 598,
   "PETTENASCO": 599,
   "PIEDIMULERA": 600,
   "PIEVE VERGONTE": 601,
   "PISANO": 602,
   "POGNO": 603,
   "POMBIA": 604,
   "PRATO SESIA": 605,
   "PREMENO": 606,
   "PREMIA": 607,
   "PREMOSELLO-CHIOVENDA": 608,
   "QUARNA SOPRA": 609,
   "QUARNA SOTTO": 610,
   "RE": 611,
   "RECETTO": 612,
   "ROMAGNANO SESIA": 613,
   "ROMENTINO": 614,
   "SAN BERNARDINO VERBANO": 615,
   "SAN MAURIZIO D'OPAGLIO": 616,
   "SAN NAZZARO SESIA": 617,
   "SAN PIETRO MOSEZZO": 618,
   "SANTA MARIA MAGGIORE": 619,
   "SEPPIANA": 620,
   "SILLAVENGO": 621,
   "SIZZANO": 622,
   "SORISO": 623,
   "SOZZAGO": 624,
   "STRESA": 625,
   "SUNO": 626,
   "TERDOBBIATE": 627,
   "TOCENO": 628,
   "TORNACO": 629,
   "TRAREGO VIGGIONA": 630,
   "TRASQUERA": 631,
   "TRECATE": 632,
   "TRONTANO": 633,
   "VALSTRONA": 634,
   "VANZONE CON SAN CARLO": 635,
   "VAPRIO D'AGOGNA": 636,
   "VARALLO POMBIA": 637,
   "VARZO": 638,
   "VERBANIA": 639,
   "VERUNO": 640,
   "VESPOLATE": 641,
   "VICOLUNGO": 642,
   "VIGANELLA": 643,
   "VIGNONE": 644,
   "VILLADOSSOLA": 645,
   "VILLETTE": 646,
   "VINZAGLIO": 647,
   "VOGOGNA": 648,
   "ACCEGLIO": 649,
   "AISONE": 650,
   "ALBA": 651,
   "ALBARETTO DELLA TORRE": 652,
   "ALTO": 653,
   "ARGENTERA": 654,
   "ARGUELLO": 655,
   "BAGNASCO": 656,
   "BAGNOLO PIEMONTE": 657,
   "BALDISSERO D'ALBA": 658,
   "BARBARESCO": 659,
   "BARGE": 660,
   "BAROLO": 661,
   "BASTIA MONDOVI'": 662,
   "BATTIFOLLO": 663,
   "BEINETTE": 664,
   "BELLINO": 665,
   "BELVEDERE LANGHE": 666,
   "BENE VAGIENNA": 667,
   "BENEVELLO": 668,
   "BERGOLO": 669,
   "BERNEZZO": 670,
   "BONVICINO": 671,
   "BORGOMALE": 672,
   "BORGO SAN DALMAZZO": 673,
   "BOSIA": 674,
   "BOSSOLASCO": 675,
   "BOVES": 676,
   "BRA": 677,
   "BRIAGLIA": 678,
   "BRIGA ALTA": 679,
   "BRONDELLO": 680,
   "BROSSASCO": 681,
   "BUSCA": 682,
   "CAMERANA": 683,
   "CAMO": 684,
   "CANALE": 685,
   "CANOSIO": 686,
   "CAPRAUNA": 687,
   "CARAGLIO": 688,
   "CARAMAGNA PIEMONTE": 689,
   "CARDE'": 690,
   "CARRU'": 691,
   "CARTIGNANO": 692,
   "CASALGRASSO": 693,
   "CASTAGNITO": 694,
   "CASTELDELFINO": 695,
   "CASTELLAR": 696,
   "CASTELLETTO STURA": 697,
   "CASTELLETTO UZZONE": 698,
   "CASTELLINALDO": 699,
   "CASTELLINO TANARO": 700,
   "CASTELMAGNO": 701,
   "CASTELNUOVO DI CEVA": 702,
   "CASTIGLIONE FALLETTO": 703,
   "CASTIGLIONE TINELLA": 704,
   "CASTINO": 705,
   "CAVALLERLEONE": 706,
   "CAVALLERMAGGIORE": 707,
   "CELLE DI MACRA": 708,
   "CENTALLO": 709,
   "CERESOLE ALBA": 710,
   "CERRETO LANGHE": 711,
   "CERVASCA": 712,
   "CERVERE": 713,
   "CEVA": 714,
   "CHERASCO": 715,
   "CHIUSA DI PESIO": 716,
   "CIGLIE'": 717,
   "CISSONE": 718,
   "CLAVESANA": 719,
   "CORNELIANO D'ALBA": 720,
   "CORTEMILIA": 721,
   "COSSANO BELBO": 722,
   "COSTIGLIOLE SALUZZO": 723,
   "CRAVANZANA": 724,
   "CRISSOLO": 725,
   "CUNEO": 726,
   "DEMONTE": 727,
   "DIANO D'ALBA": 728,
   "DOGLIANI": 729,
   "DRONERO": 730,
   "ELVA": 731,
   "ENTRACQUE": 732,
   "ENVIE": 733,
   "FARIGLIANO": 734,
   "FAULE": 735,
   "FEISOGLIO": 736,
   "FOSSANO": 737,
   "FRABOSA SOPRANA": 738,
   "FRABOSA SOTTANA": 739,
   "FRASSINO": 740,
   "GAIOLA": 741,
   "GAMBASCA": 742,
   "GARESSIO": 743,
   "GENOLA": 744,
   "GORZEGNO": 745,
   "GOTTASECCA": 746,
   "GOVONE": 747,
   "GRINZANE CAVOUR": 748,
   "GUARENE": 749,
   "IGLIANO": 750,
   "ISASCA": 751,
   "LAGNASCO": 752,
   "LA MORRA": 753,
   "LEQUIO BERRIA": 754,
   "LEQUIO TANARO": 755,
   "LESEGNO": 756,
   "LEVICE": 757,
   "LIMONE PIEMONTE": 758,
   "LISIO": 759,
   "MACRA": 760,
   "MAGLIANO ALFIERI": 761,
   "MAGLIANO ALPI": 762,
   "MANGO": 763,
   "MANTA": 764,
   "MARENE": 765,
   "MARGARITA": 766,
   "MARMORA": 767,
   "MARSAGLIA": 768,
   "MARTINIANA PO": 769,
   "MELLE": 770,
   "MOIOLA": 771,
   "MOMBARCARO": 772,
   "MOMBASIGLIO": 773,
   "MONASTERO DI VASCO": 774,
   "MONASTEROLO CASOTTO": 775,
   "MONASTEROLO DI SAVIGLIANO": 776,
   "MONCHIERO": 777,
   "MONDOVI'": 778,
   "MONESIGLIO": 779,
   "MONFORTE D'ALBA": 780,
   "MONTA'": 781,
   "MONTALDO DI MONDOVI'": 782,
   "MONTALDO ROERO": 783,
   "MONTANERA": 784,
   "MONTELUPO ALBESE": 785,
   "MONTEMALE DI CUNEO": 786,
   "MONTEROSSO GRANA": 787,
   "MONTEU ROERO": 788,
   "MONTEZEMOLO": 789,
   "MONTICELLO D'ALBA": 790,
   "MORETTA": 791,
   "MOROZZO": 792,
   "MURAZZANO": 793,
   "MURELLO": 794,
   "NARZOLE": 795,
   "NEIVE": 796,
   "NEVIGLIE": 797,
   "NIELLA BELBO": 798,
   "NIELLA TANARO": 799,
   "NOVELLO": 800,
   "NUCETTO": 801,
   "ONCINO": 802,
   "ORMEA": 803,
   "OSTANA": 804,
   "PAESANA": 805,
   "PAGNO": 806,
   "PAMPARATO": 807,
   "PAROLDO": 808,
   "PERLETTO": 809,
   "PERLO": 810,
   "PEVERAGNO": 811,
   "PEZZOLO VALLE UZZONE": 812,
   "PIANFEI": 813,
   "PIASCO": 814,
   "PIETRAPORZIO": 815,
   "PIOBESI D'ALBA": 816,
   "PIOZZO": 817,
   "POCAPAGLIA": 818,
   "POLONGHERA": 819,
   "PONTECHIANALE": 820,
   "PRADLEVES": 821,
   "PRAZZO": 822,
   "PRIERO": 823,
   "PRIOCCA": 824,
   "PRIOLA": 825,
   "PRUNETTO": 826,
   "RACCONIGI": 827,
   "REVELLO": 828,
   "RIFREDDO": 829,
   "RITTANA": 830,
   "ROASCHIA": 831,
   "ROASCIO": 832,
   "ROBILANTE": 833,
   "ROBURENT": 834,
   "ROCCABRUNA": 835,
   "ROCCA CIGLIE'": 836,
   "ROCCA DE' BALDI": 837,
   "ROCCAFORTE MONDOVI'": 838,
   "ROCCASPARVERA": 839,
   "ROCCAVIONE": 840,
   "ROCCHETTA BELBO": 841,
   "RODDI": 842,
   "RODDINO": 843,
   "RODELLO": 844,
   "ROSSANA": 845,
   "RUFFIA": 846,
   "SALE DELLE LANGHE": 847,
   "SALE SAN GIOVANNI": 848,
   "SALICETO": 849,
   "SALMOUR": 850,
   "SALUZZO": 851,
   "SAMBUCO": 852,
   "SAMPEYRE": 853,
   "SAN BENEDETTO BELBO": 854,
   "SAN DAMIANO MACRA": 855,
   "SANFRE'": 856,
   "SANFRONT": 857,
   "SAN MICHELE MONDOVI'": 858,
   "SANT'ALBANO STURA": 859,
   "SANTA VITTORIA D'ALBA": 860,
   "SANTO STEFANO BELBO": 861,
   "SANTO STEFANO ROERO": 862,
   "SAVIGLIANO": 863,
   "SCAGNELLO": 864,
   "SCARNAFIGI": 865,
   "SERRALUNGA D'ALBA": 866,
   "SERRAVALLE LANGHE": 867,
   "SINIO": 868,
   "SOMANO": 869,
   "SOMMARIVA DEL BOSCO": 870,
   "SOMMARIVA PERNO": 871,
   "STROPPO": 872,
   "TARANTASCA": 873,
   "TORRE BORMIDA": 874,
   "TORRE MONDOVI'": 875,
   "TORRE SAN GIORGIO": 876,
   "TORRESINA": 877,
   "TREISO": 878,
   "TREZZO TINELLA": 879,
   "TRINITA'": 880,
   "VALDIERI": 881,
   "VALGRANA": 882,
   "VALLORIATE": 883,
   "VALMALA": 884,
   "VENASCA": 885,
   "VERDUNO": 886,
   "VERNANTE": 887,
   "VERZUOLO": 888,
   "VEZZA D'ALBA": 889,
   "VICOFORTE": 890,
   "VIGNOLO": 891,
   "VILLAFALLETTO": 892,
   "VILLANOVA MONDOVI'": 893,
   "VILLANOVA SOLARO": 894,
   "VILLAR SAN COSTANZO": 895,
   "VINADIO": 896,
   "VIOLA": 897,
   "VOTTIGNASCO": 898,
   "AGLIANO": 899,
   "ALBUGNANO": 900,
   "ANTIGNANO": 901,
   "ARAMENGO": 902,
   "ASTI": 903,
   "AZZANO D'ASTI": 904,
   "BALDICHIERI D'ASTI": 905,
   "BELVEGLIO": 906,
   "BERZANO DI SAN PIETRO": 907,
   "BRUNO": 908,
   "BUBBIO": 909,
   "BUTTIGLIERA D'ASTI": 910,
   "CALAMANDRANA": 911,
   "CALLIANO": 912,
   "CALOSSO": 913,
   "CAMERANO CASASCO": 914,
   "CANELLI": 915,
   "CANTARANA": 916,
   "CAPRIGLIO": 917,
   "CASORZO": 918,
   "CASSINASCO": 919,
   "CASTAGNOLE DELLE LANZE": 920,
   "CASTAGNOLE MONFERRATO": 921,
   "CASTEL BOGLIONE": 922,
   "CASTELL'ALFERO": 923,
   "CASTELLERO": 924,
   "CASTELLETTO MOLINA": 925,
   "CASTELLO DI ANNONE": 926,
   "CASTELNUOVO BELBO": 927,
   "CASTELNUOVO CALCEA": 928,
   "CASTELNUOVO DON BOSCO": 929,
   "CASTEL ROCCHERO": 930,
   "CELLARENGO": 931,
   "CELLE ENOMONDO": 932,
   "CERRETO D'ASTI": 933,
   "CERRO TANARO": 934,
   "CESSOLE": 935,
   "CHIUSANO D'ASTI": 936,
   "CINAGLIO": 937,
   "CISTERNA D'ASTI": 938,
   "COAZZOLO": 939,
   "COCCONATO": 940,
   "COLCAVAGNO": 941,
   "CORSIONE": 942,
   "CORTANDONE": 943,
   "CORTANZE": 944,
   "CORTAZZONE": 945,
   "CORTIGLIONE": 946,
   "COSSOMBRATO": 947,
   "COSTIGLIOLE D'ASTI": 948,
   "CUNICO": 949,
   "DUSINO SAN MICHELE": 950,
   "FERRERE": 951,
   "FONTANILE": 952,
   "FRINCO": 953,
   "GRANA": 954,
   "GRAZZANO BADOGLIO": 955,
   "INCISA SCAPACCINO": 956,
   "ISOLA D'ASTI": 957,
   "LOAZZOLO": 958,
   "MARANZANA": 959,
   "MARETTO": 960,
   "MOASCA": 961,
   "MOMBALDONE": 962,
   "MOMBARUZZO": 963,
   "MOMBERCELLI": 964,
   "MONALE": 965,
   "MONASTERO BORMIDA": 966,
   "MONCALVO": 967,
   "MONCUCCO TORINESE": 968,
   "MONGARDINO": 969,
   "MONTABONE": 970,
   "MONTAFIA": 971,
   "MONTALDO SCARAMPI": 972,
   "MONTECHIARO D'ASTI": 973,
   "MONTEGROSSO D'ASTI": 974,
   "MONTEMAGNO": 975,
   "MONTIGLIO": 976,
   "MORANSENGO": 977,
   "NIZZA MONFERRATO": 978,
   "OLMO GENTILE": 979,
   "PASSERANO MARMORITO": 980,
   "PENANGO": 981,
   "PIEA": 982,
   "PINO D'ASTI": 983,
   "PIOVA' MASSAIA": 984,
   "PORTACOMARO": 985,
   "QUARANTI": 986,
   "REFRANCORE": 987,
   "REVIGLIASCO D'ASTI": 988,
   "ROATTO": 989,
   "ROBELLA": 990,
   "ROCCA D'ARAZZO": 991,
   "ROCCAVERANO": 992,
   "ROCCHETTA PALAFEA": 993,
   "ROCCHETTA TANARO": 994,
   "SAN DAMIANO D'ASTI": 995,
   "SAN GIORGIO SCARAMPI": 996,
   "SAN MARTINO ALFIERI": 997,
   "SAN MARZANO OLIVETO": 998,
   "SAN PAOLO SOLBRITO": 999,
   "SCANDELUZZA": 1000,
   "SCURZOLENGO": 1001,
   "SEROLE": 1002,
   "SESSAME": 1003,
   "SETTIME": 1004,
   "SOGLIO": 1005,
   "TIGLIOLE": 1006,
   "TONCO": 1007,
   "TONENGO": 1008,
   "VAGLIO SERRA": 1009,
   "VALFENERA": 1010,
   "VESIME": 1011,
   "VIALE": 1012,
   "VIARIGI": 1013,
   "VIGLIANO D'ASTI": 1014,
   "VILLAFRANCA D'ASTI": 1015,
   "VILLANOVA D'ASTI": 1016,
   "VILLA SAN SECONDO": 1017,
   "VINCHIO": 1018,
   "ACQUI TERME": 1019,
   "ALBERA LIGURE": 1020,
   "ALESSANDRIA": 1021,
   "ALFIANO NATTA": 1022,
   "ALICE BEL COLLE": 1023,
   "ALLUVIONI CAMBIO'": 1024,
   "ALTAVILLA MONFERRATO": 1025,
   "ALZANO SCRIVIA": 1026,
   "ARQUATA SCRIVIA": 1027,
   "AVOLASCA": 1028,
   "BALZOLA": 1029,
   "BASALUZZO": 1030,
   "BASSIGNANA": 1031,
   "BELFORTE MONFERRATO": 1032,
   "BERGAMASCO": 1033,
   "BERZANO DI TORTONA": 1034,
   "BISTAGNO": 1035,
   "BORGHETTO DI BORBERA": 1036,
   "BORGORATTO ALESSANDRINO": 1037,
   "BORGO SAN MARTINO": 1038,
   "BOSCO MARENGO": 1039,
   "BOSIO": 1040,
   "BOZZOLE": 1041,
   "BRIGNANO-FRASCATA": 1042,
   "CABELLA LIGURE": 1043,
   "CAMAGNA MONFERRATO": 1044,
   "CAMINO": 1045,
   "CANTALUPO LIGURE": 1046,
   "CAPRIATA D'ORBA": 1047,
   "CARBONARA SCRIVIA": 1048,
   "CARENTINO": 1049,
   "CAREZZANO": 1050,
   "CARPENETO": 1051,
   "CARREGA LIGURE": 1052,
   "CARROSIO": 1053,
   "CARTOSIO": 1054,
   "CASAL CERMELLI": 1055,
   "CASALEGGIO BOIRO": 1056,
   "CASALE MONFERRATO": 1057,
   "CASALNOCETO": 1058,
   "CASASCO": 1059,
   "CASSANO SPINOLA": 1060,
   "CASSINE": 1061,
   "CASSINELLE": 1062,
   "CASTELLANIA": 1063,
   "CASTELLAR GUIDOBONO": 1064,
   "CASTELLAZZO BORMIDA": 1065,
   "CASTELLETTO D'ERRO": 1066,
   "CASTELLETTO D'ORBA": 1067,
   "CASTELLETTO MERLI": 1068,
   "CASTELLETTO MONFERRATO": 1069,
   "CASTELNUOVO BORMIDA": 1070,
   "CASTELNUOVO SCRIVIA": 1071,
   "CASTELSPINA": 1072,
   "CAVATORE": 1073,
   "CELLA MONTE": 1074,
   "CERESETO": 1075,
   "CERRETO GRUE": 1076,
   "CERRINA  MONFERRATO": 1077,
   "CONIOLO": 1078,
   "CONZANO": 1079,
   "COSTA VESCOVATO": 1080,
   "CREMOLINO": 1081,
   "CUCCARO MONFERRATO": 1082,
   "DENICE": 1083,
   "DERNICE": 1084,
   "FABBRICA CURONE": 1085,
   "FELIZZANO": 1086,
   "FRACONALTO": 1087,
   "FRANCAVILLA BISIO": 1088,
   "FRASCARO": 1089,
   "FRASSINELLO MONFERRATO": 1090,
   "FRASSINETO PO": 1091,
   "FRESONARA": 1092,
   "FRUGAROLO": 1093,
   "FUBINE": 1094,
   "GABIANO": 1095,
   "GAMALERO": 1096,
   "GARBAGNA": 1097,
   "GAVAZZANA": 1098,
   "GAVI": 1099,
   "GIAROLE": 1100,
   "GREMIASCO": 1101,
   "GROGNARDO": 1102,
   "GRONDONA": 1103,
   "GUAZZORA": 1104,
   "ISOLA SANT'ANTONIO": 1105,
   "LERMA": 1106,
   "LU": 1107,
   "MALVICINO": 1108,
   "MASIO": 1109,
   "MELAZZO": 1110,
   "MERANA": 1111,
   "MIRABELLO MONFERRATO": 1112,
   "MOLARE": 1113,
   "MOLINO DEI TORTI": 1114,
   "MOMBELLO MONFERRATO": 1115,
   "MOMPERONE": 1116,
   "MONCESTINO": 1117,
   "MONGIARDINO LIGURE": 1118,
   "MONLEALE": 1119,
   "MONTACUTO": 1120,
   "MONTALDEO": 1121,
   "MONTALDO BORMIDA": 1122,
   "MONTECASTELLO": 1123,
   "MONTECHIARO D'ACQUI": 1124,
   "MONTEGIOCO": 1125,
   "MONTEMARZINO": 1126,
   "MORANO SUL PO": 1127,
   "MORBELLO": 1128,
   "MORNESE": 1129,
   "MORSASCO": 1130,
   "MURISENGO": 1131,
   "NOVI LIGURE": 1132,
   "OCCIMIANO": 1133,
   "ODALENGO GRANDE": 1134,
   "ODALENGO PICCOLO": 1135,
   "OLIVOLA": 1136,
   "ORSARA BORMIDA": 1137,
   "OTTIGLIO": 1138,
   "OVADA": 1139,
   "OVIGLIO": 1140,
   "OZZANO MONFERRATO": 1141,
   "PADERNA": 1142,
   "PARETO": 1143,
   "PARODI LIGURE": 1144,
   "PASTURANA": 1145,
   "PECETTO DI VALENZA": 1146,
   "PIETRA MARAZZI": 1147,
   "PIOVERA": 1148,
   "POMARO MONFERRATO": 1149,
   "PONTECURONE": 1150,
   "PONTESTURA": 1151,
   "PONTI": 1152,
   "PONZANO MONFERRATO": 1153,
   "PONZONE": 1154,
   "POZZOL GROPPO": 1155,
   "POZZOLO FORMIGARO": 1156,
   "PRASCO": 1157,
   "PREDOSA": 1158,
   "QUARGNENTO": 1159,
   "QUATTORDIO": 1160,
   "RICALDONE": 1161,
   "RIVALTA BORMIDA": 1162,
   "RIVARONE": 1163,
   "ROCCAFORTE LIGURE": 1164,
   "ROCCA GRIMALDA": 1165,
   "ROCCHETTA LIGURE": 1166,
   "ROSIGNANO MONFERRATO": 1167,
   "SALA MONFERRATO": 1168,
   "SALE": 1169,
   "SAN CRISTOFORO": 1170,
   "SAN GIORGIO MONFERRATO": 1171,
   "SAN SALVATORE MONFERRATO": 1172,
   "SAN SEBASTIANO CURONE": 1173,
   "SANT'AGATA FOSSILI": 1174,
   "SARDIGLIANO": 1175,
   "SAREZZANO": 1176,
   "SERRALUNGA DI CREA": 1177,
   "SERRAVALLE SCRIVIA": 1178,
   "SEZZADIO": 1179,
   "SILVANO D'ORBA": 1180,
   "SOLERO": 1181,
   "SOLONGHELLO": 1182,
   "SPIGNO MONFERRATO": 1183,
   "SPINETO SCRIVIA": 1184,
   "STAZZANO": 1185,
   "STREVI": 1186,
   "TAGLIOLO MONFERRATO": 1187,
   "TASSAROLO": 1188,
   "TERRUGGIA": 1189,
   "TERZO": 1190,
   "TICINETO": 1191,
   "TORTONA": 1192,
   "TREVILLE": 1193,
   "TRISOBBIO": 1194,
   "VALENZA": 1195,
   "VALMACCA": 1196,
   "VIGNALE MONFERRATO": 1197,
   "VIGNOLE BORBERA": 1198,
   "VIGUZZOLO": 1199,
   "VILLADEATI": 1200,
   "VILLALVERNIA": 1201,
   "VILLAMIROGLIO": 1202,
   "VILLANOVA MONFERRATO": 1203,
   "VILLAROMAGNANO": 1204,
   "VISONE": 1205,
   "VOLPEDO": 1206,
   "VOLPEGLINO": 1207,
   "VOLTAGGIO": 1208
}