{
   "0": "ACQUAFORMOSA",
   "1": "ACQUAPPESA",
   "2": "ACRI",
   "3": "AIELLO CALABRO",
   "4": "AIETA",
   "5": "ALBIDONA",
   "6": "ALESSANDRIA DEL CARRETTO",
   "7": "ALTILIA",
   "8": "ALTOMONTE",
   "9": "AMANTEA",
   "10": "AMENDOLARA",
   "11": "APRIGLIANO",
   "12": "BELMONTE CALABRO",
   "13": "BELSITO",
   "14": "BELVEDERE MARITTIMO",
   "15": "BIANCHI",
   "16": "BISIGNANO",
   "17": "BOCCHIGLIERO",
   "18": "BONIFATI",
   "19": "BUONVICINO",
   "20": "CALOPEZZATI",
   "21": "CALOVETO",
   "22": "CAMPANA",
   "23": "CANNA",
   "24": "CARIATI",
   "25": "CAROLEI",
   "26": "CARPANZANO",
   "27": "CASOLE BRUZIO",
   "28": "CASSANO ALLO IONIO",
   "29": "CASTIGLIONE COSENTINO",
   "30": "CASTROLIBERO",
   "31": "CASTROREGIO",
   "32": "CASTROVILLARI",
   "33": "CELICO",
   "34": "CELLARA",
   "35": "CERCHIARA DI CALABRIA",
   "36": "CERISANO",
   "37": "CERVICATI",
   "38": "CERZETO",
   "39": "CETRARO",
   "40": "CIVITA",
   "41": "CLETO",
   "42": "COLOSIMI",
   "43": "CORIGLIANO CALABRO",
   "44": "COSENZA",
   "45": "CROPALATI",
   "46": "CROSIA",
   "47": "DIAMANTE",
   "48": "DIPIGNANO",
   "49": "DOMANICO",
   "50": "FAGNANO CASTELLO",
   "51": "FALCONARA ALBANESE",
   "52": "FIGLINE VEGLIATURO",
   "53": "FIRMO",
   "54": "FIUMEFREDDO BRUZIO",
   "55": "FRANCAVILLA MARITTIMA",
   "56": "FRASCINETO",
   "57": "FUSCALDO",
   "58": "GRIMALDI",
   "59": "GRISOLIA",
   "60": "GUARDIA PIEMONTESE",
   "61": "LAGO",
   "62": "LAINO BORGO",
   "63": "LAINO CASTELLO",
   "64": "LAPPANO",
   "65": "LATTARICO",
   "66": "LONGOBARDI",
   "67": "LONGOBUCCO",
   "68": "LUNGRO",
   "69": "LUZZI",
   "70": "MAIERA'",
   "71": "MALITO",
   "72": "MALVITO",
   "73": "MANDATORICCIO",
   "74": "MANGONE",
   "75": "MARANO MARCHESATO",
   "76": "MARANO PRINCIPATO",
   "77": "MARZI",
   "78": "MENDICINO",
   "79": "MONGRASSANO",
   "80": "MONTALTO UFFUGO",
   "81": "MONTEGIORDANO",
   "82": "MORANO CALABRO",
   "83": "MORMANNO",
   "84": "MOTTAFOLLONE",
   "85": "NOCARA",
   "86": "ORIOLO",
   "87": "ORSOMARSO",
   "88": "PALUDI",
   "89": "PANETTIERI",
   "90": "PAOLA",
   "91": "PAPASIDERO",
   "92": "PARENTI",
   "93": "PATERNO CALABRO",
   "94": "PEDACE",
   "95": "PEDIVIGLIANO",
   "96": "PIANE CRATI",
   "97": "PIETRAFITTA",
   "98": "PIETRAPAOLA",
   "99": "PLATACI",
   "100": "PRAIA A MARE",
   "101": "RENDE",
   "102": "ROCCA IMPERIALE",
   "103": "ROGGIANO GRAVINA",
   "104": "ROGLIANO",
   "105": "ROSE",
   "106": "ROSETO CAPO SPULICO",
   "107": "ROSSANO",
   "108": "ROTA GRECA",
   "109": "ROVITO",
   "110": "SAN BASILE",
   "111": "SAN BENEDETTO ULLANO",
   "112": "SAN COSMO ALBANESE",
   "113": "SAN DEMETRIO CORONE",
   "114": "SAN DONATO DI NINEA",
   "115": "SAN FILI",
   "116": "SANGINETO",
   "117": "SAN GIORGIO ALBANESE",
   "118": "SAN GIOVANNI IN FIORE",
   "119": "SAN LORENZO BELLIZZI",
   "120": "SAN LORENZO DEL VALLO",
   "121": "SAN LUCIDO",
   "122": "SAN MARCO ARGENTANO",
   "123": "SAN MARTINO DI FINITA",
   "124": "SAN NICOLA ARCELLA",
   "125": "SAN PIETRO IN AMANTEA",
   "126": "SAN PIETRO IN GUARANO",
   "127": "SAN SOSTI",
   "128": "SANTA CATERINA ALBANESE",
   "129": "SANTA DOMENICA TALAO",
   "130": "SANT'AGATA DI ESARO",
   "131": "SANTA MARIA DEL CEDRO",
   "132": "SANTA SOFIA D'EPIRO",
   "133": "SANTO STEFANO DI ROGLIANO",
   "134": "SAN VINCENZO LA COSTA",
   "135": "SARACENA",
   "136": "SCALA COELI",
   "137": "SCALEA",
   "138": "SCIGLIANO",
   "139": "SERRA D'AIELLO",
   "140": "SERRA PEDACE",
   "141": "SPEZZANO ALBANESE",
   "142": "SPEZZANO DELLA SILA",
   "143": "SPEZZANO PICCOLO",
   "144": "TARSIA",
   "145": "TERRANOVA DA SIBARI",
   "146": "TERRAVECCHIA",
   "147": "TORANO CASTELLO",
   "148": "TORTORA",
   "149": "TREBISACCE",
   "150": "TRENTA",
   "151": "VACCARIZZO ALBANESE",
   "152": "VERBICARO",
   "153": "VILLAPIANA",
   "154": "ZUMPANO",
   "155": "ACQUARO",
   "156": "ALBI",
   "157": "AMARONI",
   "158": "AMATO",
   "159": "ANDALI",
   "160": "ARENA",
   "161": "ARGUSTO",
   "162": "BADOLATO",
   "163": "BELCASTRO",
   "164": "BELVEDERE DI SPINELLO",
   "165": "BORGIA",
   "166": "BOTRICELLO",
   "167": "BRIATICO",
   "168": "BROGNATURO",
   "169": "CACCURI",
   "170": "CAPISTRANO",
   "171": "CARAFFA DI CATANZARO",
   "172": "CARDINALE",
   "173": "CARFIZZI",
   "174": "CARLOPOLI",
   "175": "CASABONA",
   "176": "CASTELSILANO",
   "177": "CATANZARO",
   "178": "CENADI",
   "179": "CENTRACHE",
   "180": "CERENZIA",
   "181": "CERVA",
   "182": "CESSANITI",
   "183": "CHIARAVALLE CENTRALE",
   "184": "CICALA",
   "185": "CIRO'",
   "186": "CIRO' MARINA",
   "187": "CONFLENTI",
   "188": "CORTALE",
   "189": "COTRONEI",
   "190": "CROPANI",
   "191": "CROTONE",
   "192": "CRUCOLI",
   "193": "CURINGA",
   "194": "CUTRO",
   "195": "DASA'",
   "196": "DAVOLI",
   "197": "DECOLLATURA",
   "198": "DINAMI",
   "199": "DRAPIA",
   "200": "FABRIZIA",
   "201": "FALERNA",
   "202": "FEROLETO ANTICO",
   "203": "FILADELFIA",
   "204": "FILANDARI",
   "205": "FILOGASO",
   "206": "FOSSATO SERRALTA",
   "207": "FRANCAVILLA ANGITOLA",
   "208": "FRANCICA",
   "209": "GAGLIATO",
   "210": "GASPERINA",
   "211": "GEROCARNE",
   "212": "GIMIGLIANO",
   "213": "GIRIFALCO",
   "214": "GIZZERIA",
   "215": "GUARDAVALLE",
   "216": "IONADI",
   "217": "ISCA SULLO IONIO",
   "218": "ISOLA DI CAPO RIZZUTO",
   "219": "JACURSO",
   "220": "JOPPOLO",
   "221": "LIMBADI",
   "222": "MAGISANO",
   "223": "MAIDA",
   "224": "MAIERATO",
   "225": "MARCEDUSA",
   "226": "MARCELLINARA",
   "227": "MARTIRANO",
   "228": "MARTIRANO LOMBARDO",
   "229": "MELISSA",
   "230": "MESORACA",
   "231": "MIGLIERINA",
   "232": "MILETO",
   "233": "MONGIANA",
   "234": "MONTAURO",
   "235": "MONTEPAONE",
   "236": "MONTEROSSO CALABRO",
   "237": "MOTTA SANTA LUCIA",
   "238": "NARDODIPACE",
   "239": "NICOTERA",
   "240": "NOCERA TIRINESE",
   "241": "OLIVADI",
   "242": "PALERMITI",
   "243": "PALLAGORIO",
   "244": "PARGHELIA",
   "245": "PENTONE",
   "246": "PETILIA POLICASTRO",
   "247": "PETRIZZI",
   "248": "PETRONA'",
   "249": "PIANOPOLI",
   "250": "PIZZO",
   "251": "PIZZONI",
   "252": "PLATANIA",
   "253": "POLIA",
   "254": "RICADI",
   "255": "ROCCABERNARDA",
   "256": "ROCCA DI NETO",
   "257": "ROMBIOLO",
   "258": "SAN CALOGERO",
   "259": "SAN COSTANTINO CALABRO",
   "260": "SAN FLORO",
   "261": "SAN GREGORIO D'IPPONA",
   "262": "SAN MANGO D'AQUINO",
   "263": "SAN MAURO MARCHESATO",
   "264": "SAN NICOLA DA CRISSA",
   "265": "SAN NICOLA DELL'ALTO",
   "266": "SAN PIETRO A MAIDA",
   "267": "SAN PIETRO APOSTOLO",
   "268": "SAN SOSTENE",
   "269": "SANTA CATERINA DELLO IONIO",
   "270": "SANT'ANDREA APOSTOLO DELLO IONIO",
   "271": "SANTA SEVERINA",
   "272": "SANT'ONOFRIO",
   "273": "SAN VITO SULLO IONIO",
   "274": "SATRIANO",
   "275": "SAVELLI",
   "276": "SCANDALE",
   "277": "SELLIA",
   "278": "SELLIA MARINA",
   "279": "SERRA SAN BRUNO",
   "280": "SERRASTRETTA",
   "281": "SERSALE",
   "282": "SETTINGIANO",
   "283": "SIMBARIO",
   "284": "SIMERI CRICHI",
   "285": "SORBO SAN BASILE",
   "286": "SORIANELLO",
   "287": "SORIANO CALABRO",
   "288": "SOVERATO",
   "289": "SOVERIA MANNELLI",
   "290": "SOVERIA SIMERI",
   "291": "SPADOLA",
   "292": "SPILINGA",
   "293": "SQUILLACE",
   "294": "STALETTI",
   "295": "STEFANACONI",
   "296": "STRONGOLI",
   "297": "TAVERNA",
   "298": "TIRIOLO",
   "299": "TORRE DI RUGGIERO",
   "300": "TROPEA",
   "301": "UMBRIATICO",
   "302": "VALLEFIORITA",
   "303": "VALLELONGA",
   "304": "VAZZANO",
   "305": "VERZINO",
   "306": "VIBO VALENTIA",
   "307": "ZACCANOPOLI",
   "308": "ZAGARISE",
   "309": "ZAMBRONE",
   "310": "ZUNGRI",
   "311": "LAMEZIA TERME",
   "312": "AFRICO",
   "313": "AGNANA CALABRA",
   "314": "ANOIA",
   "315": "ANTONIMINA",
   "316": "ARDORE",
   "317": "BAGALADI",
   "318": "BAGNARA CALABRA",
   "319": "BENESTARE",
   "320": "BIANCO",
   "321": "BIVONGI",
   "322": "BOVA",
   "323": "BOVALINO",
   "324": "BOVA MARINA",
   "325": "BRANCALEONE",
   "326": "BRUZZANO ZEFFIRIO",
   "327": "CALANNA",
   "328": "CAMINI",
   "329": "CAMPO CALABRO",
   "330": "CANDIDONI",
   "331": "CANOLO",
   "332": "CARAFFA DEL BIANCO",
   "333": "CARDETO",
   "334": "CARERI",
   "335": "CASIGNANA",
   "336": "CAULONIA",
   "337": "CIMINA'",
   "338": "CINQUEFRONDI",
   "339": "CITTANOVA",
   "340": "CONDOFURI",
   "341": "COSOLETO",
   "342": "DELIANUOVA",
   "343": "FEROLETO DELLA CHIESA",
   "344": "FERRUZZANO",
   "345": "FIUMARA",
   "346": "GALATRO",
   "347": "GERACE",
   "348": "GIFFONE",
   "349": "GIOIA TAURO",
   "350": "GIOIOSA IONICA",
   "351": "GROTTERIA",
   "352": "LAGANADI",
   "353": "LAUREANA DI BORRELLO",
   "354": "LOCRI",
   "355": "MAMMOLA",
   "356": "MARINA DI GIOIOSA IONICA",
   "357": "MAROPATI",
   "358": "MARTONE",
   "359": "MELICUCCA'",
   "360": "MELICUCCO",
   "361": "MELITO DI PORTO SALVO",
   "362": "MOLOCHIO",
   "363": "MONASTERACE",
   "364": "MONTEBELLO IONICO",
   "365": "MOTTA SAN GIOVANNI",
   "366": "OPPIDO MAMERTINA",
   "367": "PALIZZI",
   "368": "PALMI",
   "369": "PAZZANO",
   "370": "PLACANICA",
   "371": "PLATI'",
   "372": "POLISTENA",
   "373": "PORTIGLIOLA",
   "374": "REGGIO DI CALABRIA",
   "375": "RIACE",
   "376": "RIZZICONI",
   "377": "ROCCAFORTE DEL GRECO",
   "378": "ROCCELLA IONICA",
   "379": "ROGHUDI",
   "380": "ROSARNO",
   "381": "SAMO",
   "382": "SAN GIORGIO MORGETO",
   "383": "SAN GIOVANNI DI GERACE",
   "384": "SAN LORENZO",
   "385": "SAN LUCA",
   "386": "SAN PIETRO DI CARIDA'",
   "387": "SAN PROCOPIO",
   "388": "SAN ROBERTO",
   "389": "SANTA CRISTINA D'ASPROMONTE",
   "390": "SANT'AGATA DEL BIANCO",
   "391": "SANT'ALESSIO IN ASPROMONTE",
   "392": "SANT'EUFEMIA D'ASPROMONTE",
   "393": "SANT'ILARIO DELLO IONIO",
   "394": "SANTO STEFANO IN ASPROMONTE",
   "395": "SCIDO",
   "396": "SCILLA",
   "397": "SEMINARA",
   "398": "SERRATA",
   "399": "SIDERNO",
   "400": "SINOPOLI",
   "401": "STAITI",
   "402": "STIGNANO",
   "403": "STILO",
   "404": "TAURIANOVA",
   "405": "TERRANOVA SAPPO MINULIO",
   "406": "VARAPODIO",
   "407": "VILLA SAN GIOVANNI",
   "408": "SAN FERDINANDO"
}