{
   "ACQUAFORMOSA": 0,
   "ACQUAPPESA": 1,
   "ACRI": 2,
   "AIELLO CALABRO": 3,
   "AIETA": 4,
   "ALBIDONA": 5,
   "ALESSANDRIA DEL CARRETTO": 6,
   "ALTILIA": 7,
   "ALTOMONTE": 8,
   "AMANTEA": 9,
   "AMENDOLARA": 10,
   "APRIGLIANO": 11,
   "BELMONTE CALABRO": 12,
   "BELSITO": 13,
   "BELVEDERE MARITTIMO": 14,
   "BIANCHI": 15,
   "BISIGNANO": 16,
   "BOCCHIGLIERO": 17,
   "BONIFATI": 18,
   "BUONVICINO": 19,
   "CALOPEZZATI": 20,
   "CALOVETO": 21,
   "CAMPANA": 22,
   "CANNA": 23,
   "CARIATI": 24,
   "CAROLEI": 25,
   "CARPANZANO": 26,
   "CASOLE BRUZIO": 27,
   "CASSANO ALLO IONIO": 28,
   "CASTIGLIONE COSENTINO": 29,
   "CASTROLIBERO": 30,
   "CASTROREGIO": 31,
   "CASTROVILLARI": 32,
   "CELICO": 33,
   "CELLARA": 34,
   "CERCHIARA DI CALABRIA": 35,
   "CERISANO": 36,
   "CERVICATI": 37,
   "CERZETO": 38,
   "CETRARO": 39,
   "CIVITA": 40,
   "CLETO": 41,
   "COLOSIMI": 42,
   "CORIGLIANO CALABRO": 43,
   "COSENZA": 44,
   "CROPALATI": 45,
   "CROSIA": 46,
   "DIAMANTE": 47,
   "DIPIGNANO": 48,
   "DOMANICO": 49,
   "FAGNANO CASTELLO": 50,
   "FALCONARA ALBANESE": 51,
   "FIGLINE VEGLIATURO": 52,
   "FIRMO": 53,
   "FIUMEFREDDO BRUZIO": 54,
   "FRANCAVILLA MARITTIMA": 55,
   "FRASCINETO": 56,
   "FUSCALDO": 57,
   "GRIMALDI": 58,
   "GRISOLIA": 59,
   "GUARDIA PIEMONTESE": 60,
   "LAGO": 61,
   "LAINO BORGO": 62,
   "LAINO CASTELLO": 63,
   "LAPPANO": 64,
   "LATTARICO": 65,
   "LONGOBARDI": 66,
   "LONGOBUCCO": 67,
   "LUNGRO": 68,
   "LUZZI": 69,
   "MAIERA'": 70,
   "MALITO": 71,
   "MALVITO": 72,
   "MANDATORICCIO": 73,
   "MANGONE": 74,
   "MARANO MARCHESATO": 75,
   "MARANO PRINCIPATO": 76,
   "MARZI": 77,
   "MENDICINO": 78,
   "MONGRASSANO": 79,
   "MONTALTO UFFUGO": 80,
   "MONTEGIORDANO": 81,
   "MORANO CALABRO": 82,
   "MORMANNO": 83,
   "MOTTAFOLLONE": 84,
   "NOCARA": 85,
   "ORIOLO": 86,
   "ORSOMARSO": 87,
   "PALUDI": 88,
   "PANETTIERI": 89,
   "PAOLA": 90,
   "PAPASIDERO": 91,
   "PARENTI": 92,
   "PATERNO CALABRO": 93,
   "PEDACE": 94,
   "PEDIVIGLIANO": 95,
   "PIANE CRATI": 96,
   "PIETRAFITTA": 97,
   "PIETRAPAOLA": 98,
   "PLATACI": 99,
   "PRAIA A MARE": 100,
   "RENDE": 101,
   "ROCCA IMPERIALE": 102,
   "ROGGIANO GRAVINA": 103,
   "ROGLIANO": 104,
   "ROSE": 105,
   "ROSETO CAPO SPULICO": 106,
   "ROSSANO": 107,
   "ROTA GRECA": 108,
   "ROVITO": 109,
   "SAN BASILE": 110,
   "SAN BENEDETTO ULLANO": 111,
   "SAN COSMO ALBANESE": 112,
   "SAN DEMETRIO CORONE": 113,
   "SAN DONATO DI NINEA": 114,
   "SAN FILI": 115,
   "SANGINETO": 116,
   "SAN GIORGIO ALBANESE": 117,
   "SAN GIOVANNI IN FIORE": 118,
   "SAN LORENZO BELLIZZI": 119,
   "SAN LORENZO DEL VALLO": 120,
   "SAN LUCIDO": 121,
   "SAN MARCO ARGENTANO": 122,
   "SAN MARTINO DI FINITA": 123,
   "SAN NICOLA ARCELLA": 124,
   "SAN PIETRO IN AMANTEA": 125,
   "SAN PIETRO IN GUARANO": 126,
   "SAN SOSTI": 127,
   "SANTA CATERINA ALBANESE": 128,
   "SANTA DOMENICA TALAO": 129,
   "SANT'AGATA DI ESARO": 130,
   "SANTA MARIA DEL CEDRO": 131,
   "SANTA SOFIA D'EPIRO": 132,
   "SANTO STEFANO DI ROGLIANO": 133,
   "SAN VINCENZO LA COSTA": 134,
   "SARACENA": 135,
   "SCALA COELI": 136,
   "SCALEA": 137,
   "SCIGLIANO": 138,
   "SERRA D'AIELLO": 139,
   "SERRA PEDACE": 140,
   "SPEZZANO ALBANESE": 141,
   "SPEZZANO DELLA SILA": 142,
   "SPEZZANO PICCOLO": 143,
   "TARSIA": 144,
   "TERRANOVA DA SIBARI": 145,
   "TERRAVECCHIA": 146,
   "TORANO CASTELLO": 147,
   "TORTORA": 148,
   "TREBISACCE": 149,
   "TRENTA": 150,
   "VACCARIZZO ALBANESE": 151,
   "VERBICARO": 152,
   "VILLAPIANA": 153,
   "ZUMPANO": 154,
   "ACQUARO": 155,
   "ALBI": 156,
   "AMARONI": 157,
   "AMATO": 158,
   "ANDALI": 159,
   "ARENA": 160,
   "ARGUSTO": 161,
   "BADOLATO": 162,
   "BELCASTRO": 163,
   "BELVEDERE DI SPINELLO": 164,
   "BORGIA": 165,
   "BOTRICELLO": 166,
   "BRIATICO": 167,
   "BROGNATURO": 168,
   "CACCURI": 169,
   "CAPISTRANO": 170,
   "CARAFFA DI CATANZARO": 171,
   "CARDINALE": 172,
   "CARFIZZI": 173,
   "CARLOPOLI": 174,
   "CASABONA": 175,
   "CASTELSILANO": 176,
   "CATANZARO": 177,
   "CENADI": 178,
   "CENTRACHE": 179,
   "CERENZIA": 180,
   "CERVA": 181,
   "CESSANITI": 182,
   "CHIARAVALLE CENTRALE": 183,
   "CICALA": 184,
   "CIRO'": 185,
   "CIRO' MARINA": 186,
   "CONFLENTI": 187,
   "CORTALE": 188,
   "COTRONEI": 189,
   "CROPANI": 190,
   "CROTONE": 191,
   "CRUCOLI": 192,
   "CURINGA": 193,
   "CUTRO": 194,
   "DASA'": 195,
   "DAVOLI": 196,
   "DECOLLATURA": 197,
   "DINAMI": 198,
   "DRAPIA": 199,
   "FABRIZIA": 200,
   "FALERNA": 201,
   "FEROLETO ANTICO": 202,
   "FILADELFIA": 203,
   "FILANDARI": 204,
   "FILOGASO": 205,
   "FOSSATO SERRALTA": 206,
   "FRANCAVILLA ANGITOLA": 207,
   "FRANCICA": 208,
   "GAGLIATO": 209,
   "GASPERINA": 210,
   "GEROCARNE": 211,
   "GIMIGLIANO": 212,
   "GIRIFALCO": 213,
   "GIZZERIA": 214,
   "GUARDAVALLE": 215,
   "IONADI": 216,
   "ISCA SULLO IONIO": 217,
   "ISOLA DI CAPO RIZZUTO": 218,
   "JACURSO": 219,
   "JOPPOLO": 220,
   "LIMBADI": 221,
   "MAGISANO": 222,
   "MAIDA": 223,
   "MAIERATO": 224,
   "MARCEDUSA": 225,
   "MARCELLINARA": 226,
   "MARTIRANO": 227,
   "MARTIRANO LOMBARDO": 228,
   "MELISSA": 229,
   "MESORACA": 230,
   "MIGLIERINA": 231,
   "MILETO": 232,
   "MONGIANA": 233,
   "MONTAURO": 234,
   "MONTEPAONE": 235,
   "MONTEROSSO CALABRO": 236,
   "MOTTA SANTA LUCIA": 237,
   "NARDODIPACE": 238,
   "NICOTERA": 239,
   "NOCERA TIRINESE": 240,
   "OLIVADI": 241,
   "PALERMITI": 242,
   "PALLAGORIO": 243,
   "PARGHELIA": 244,
   "PENTONE": 245,
   "PETILIA POLICASTRO": 246,
   "PETRIZZI": 247,
   "PETRONA'": 248,
   "PIANOPOLI": 249,
   "PIZZO": 250,
   "PIZZONI": 251,
   "PLATANIA": 252,
   "POLIA": 253,
   "RICADI": 254,
   "ROCCABERNARDA": 255,
   "ROCCA DI NETO": 256,
   "ROMBIOLO": 257,
   "SAN CALOGERO": 258,
   "SAN COSTANTINO CALABRO": 259,
   "SAN FLORO": 260,
   "SAN GREGORIO D'IPPONA": 261,
   "SAN MANGO D'AQUINO": 262,
   "SAN MAURO MARCHESATO": 263,
   "SAN NICOLA DA CRISSA": 264,
   "SAN NICOLA DELL'ALTO": 265,
   "SAN PIETRO A MAIDA": 266,
   "SAN PIETRO APOSTOLO": 267,
   "SAN SOSTENE": 268,
   "SANTA CATERINA DELLO IONIO": 269,
   "SANT'ANDREA APOSTOLO DELLO IONIO": 270,
   "SANTA SEVERINA": 271,
   "SANT'ONOFRIO": 272,
   "SAN VITO SULLO IONIO": 273,
   "SATRIANO": 274,
   "SAVELLI": 275,
   "SCANDALE": 276,
   "SELLIA": 277,
   "SELLIA MARINA": 278,
   "SERRA SAN BRUNO": 279,
   "SERRASTRETTA": 280,
   "SERSALE": 281,
   "SETTINGIANO": 282,
   "SIMBARIO": 283,
   "SIMERI CRICHI": 284,
   "SORBO SAN BASILE": 285,
   "SORIANELLO": 286,
   "SORIANO CALABRO": 287,
   "SOVERATO": 288,
   "SOVERIA MANNELLI": 289,
   "SOVERIA SIMERI": 290,
   "SPADOLA": 291,
   "SPILINGA": 292,
   "SQUILLACE": 293,
   "STALETTI": 294,
   "STEFANACONI": 295,
   "STRONGOLI": 296,
   "TAVERNA": 297,
   "TIRIOLO": 298,
   "TORRE DI RUGGIERO": 299,
   "TROPEA": 300,
   "UMBRIATICO": 301,
   "VALLEFIORITA": 302,
   "VALLELONGA": 303,
   "VAZZANO": 304,
   "VERZINO": 305,
   "VIBO VALENTIA": 306,
   "ZACCANOPOLI": 307,
   "ZAGARISE": 308,
   "ZAMBRONE": 309,
   "ZUNGRI": 310,
   "LAMEZIA TERME": 311,
   "AFRICO": 312,
   "AGNANA CALABRA": 313,
   "ANOIA": 314,
   "ANTONIMINA": 315,
   "ARDORE": 316,
   "BAGALADI": 317,
   "BAGNARA CALABRA": 318,
   "BENESTARE": 319,
   "BIANCO": 320,
   "BIVONGI": 321,
   "BOVA": 322,
   "BOVALINO": 323,
   "BOVA MARINA": 324,
   "BRANCALEONE": 325,
   "BRUZZANO ZEFFIRIO": 326,
   "CALANNA": 327,
   "CAMINI": 328,
   "CAMPO CALABRO": 329,
   "CANDIDONI": 330,
   "CANOLO": 331,
   "CARAFFA DEL BIANCO": 332,
   "CARDETO": 333,
   "CARERI": 334,
   "CASIGNANA": 335,
   "CAULONIA": 336,
   "CIMINA'": 337,
   "CINQUEFRONDI": 338,
   "CITTANOVA": 339,
   "CONDOFURI": 340,
   "COSOLETO": 341,
   "DELIANUOVA": 342,
   "FEROLETO DELLA CHIESA": 343,
   "FERRUZZANO": 344,
   "FIUMARA": 345,
   "GALATRO": 346,
   "GERACE": 347,
   "GIFFONE": 348,
   "GIOIA TAURO": 349,
   "GIOIOSA IONICA": 350,
   "GROTTERIA": 351,
   "LAGANADI": 352,
   "LAUREANA DI BORRELLO": 353,
   "LOCRI": 354,
   "MAMMOLA": 355,
   "MARINA DI GIOIOSA IONICA": 356,
   "MAROPATI": 357,
   "MARTONE": 358,
   "MELICUCCA'": 359,
   "MELICUCCO": 360,
   "MELITO DI PORTO SALVO": 361,
   "MOLOCHIO": 362,
   "MONASTERACE": 363,
   "MONTEBELLO IONICO": 364,
   "MOTTA SAN GIOVANNI": 365,
   "OPPIDO MAMERTINA": 366,
   "PALIZZI": 367,
   "PALMI": 368,
   "PAZZANO": 369,
   "PLACANICA": 370,
   "PLATI'": 371,
   "POLISTENA": 372,
   "PORTIGLIOLA": 373,
   "REGGIO DI CALABRIA": 374,
   "RIACE": 375,
   "RIZZICONI": 376,
   "ROCCAFORTE DEL GRECO": 377,
   "ROCCELLA IONICA": 378,
   "ROGHUDI": 379,
   "ROSARNO": 380,
   "SAMO": 381,
   "SAN GIORGIO MORGETO": 382,
   "SAN GIOVANNI DI GERACE": 383,
   "SAN LORENZO": 384,
   "SAN LUCA": 385,
   "SAN PIETRO DI CARIDA'": 386,
   "SAN PROCOPIO": 387,
   "SAN ROBERTO": 388,
   "SANTA CRISTINA D'ASPROMONTE": 389,
   "SANT'AGATA DEL BIANCO": 390,
   "SANT'ALESSIO IN ASPROMONTE": 391,
   "SANT'EUFEMIA D'ASPROMONTE": 392,
   "SANT'ILARIO DELLO IONIO": 393,
   "SANTO STEFANO IN ASPROMONTE": 394,
   "SCIDO": 395,
   "SCILLA": 396,
   "SEMINARA": 397,
   "SERRATA": 398,
   "SIDERNO": 399,
   "SINOPOLI": 400,
   "STAITI": 401,
   "STIGNANO": 402,
   "STILO": 403,
   "TAURIANOVA": 404,
   "TERRANOVA SAPPO MINULIO": 405,
   "VARAPODIO": 406,
   "VILLA SAN GIOVANNI": 407,
   "SAN FERDINANDO": 408
}