{
   "ACCADIA": 0,
   "ALBERONA": 1,
   "ANZANO DI PUGLIA": 2,
   "APRICENA": 3,
   "ASCOLI SATRIANO": 4,
   "BICCARI": 5,
   "BOVINO": 6,
   "CAGNANO VARANO": 7,
   "CANDELA": 8,
   "CARAPELLE": 9,
   "CARLANTINO": 10,
   "CARPINO": 11,
   "CASALNUOVO MONTEROTARO": 12,
   "CASALVECCHIO DI PUGLIA": 13,
   "CASTELLUCCIO DEI SAURI": 14,
   "CASTELLUCCIO VALMAGGIORE": 15,
   "CASTELNUOVO DELLA DAUNIA": 16,
   "CELENZA VALFORTORE": 17,
   "CELLE DI SAN VITO": 18,
   "CERIGNOLA": 19,
   "CHIEUTI": 20,
   "DELICETO": 21,
   "FAETO": 22,
   "FOGGIA": 23,
   "ISCHITELLA": 24,
   "ISOLE TREMITI": 25,
   "LESINA": 26,
   "LUCERA": 27,
   "MANFREDONIA": 28,
   "MARGHERITA DI SAVOIA": 29,
   "MATTINATA": 30,
   "MONTELEONE DI PUGLIA": 31,
   "MONTE SANT'ANGELO": 32,
   "MOTTA MONTECORVINO": 33,
   "ORSARA DI PUGLIA": 34,
   "ORTA NOVA": 35,
   "PANNI": 36,
   "PESCHICI": 37,
   "PIETRAMONTECORVINO": 38,
   "POGGIO IMPERIALE": 39,
   "RIGNANO GARGANICO": 40,
   "ROCCHETTA SANT'ANTONIO": 41,
   "RODI GARGANICO": 42,
   "ROSETO VALFORTORE": 43,
   "SAN FERDINANDO DI PUGLIA": 44,
   "SAN GIOVANNI ROTONDO": 45,
   "SAN MARCO IN LAMIS": 46,
   "SAN MARCO LA CATOLA": 47,
   "SANNICANDRO GARGANICO": 48,
   "SAN PAOLO DI CIVITATE": 49,
   "SAN SEVERO": 50,
   "SANT'AGATA DI PUGLIA": 51,
   "SERRACAPRIOLA": 52,
   "STORNARA": 53,
   "STORNARELLA": 54,
   "TORREMAGGIORE": 55,
   "TRINITAPOLI": 56,
   "TROIA": 57,
   "VICO DEL GARGANO": 58,
   "VIESTE": 59,
   "VOLTURARA APPULA": 60,
   "VOLTURINO": 61,
   "ORDONA": 62,
   "ZAPPONETA": 63,
   "ACQUAVIVA DELLE FONTI": 64,
   "ADELFIA": 65,
   "ALBEROBELLO": 66,
   "ALTAMURA": 67,
   "ANDRIA": 68,
   "BARI": 69,
   "BARLETTA": 70,
   "BINETTO": 71,
   "BISCEGLIE": 72,
   "BITETTO": 73,
   "BITONTO": 74,
   "BITRITTO": 75,
   "CANOSA DI PUGLIA": 76,
   "CAPURSO": 77,
   "CASAMASSIMA": 78,
   "CASSANO DELLE MURGE": 79,
   "CASTELLANA GROTTE": 80,
   "CELLAMARE": 81,
   "CONVERSANO": 82,
   "CORATO": 83,
   "GIOIA DEL COLLE": 84,
   "GIOVINAZZO": 85,
   "GRAVINA IN PUGLIA": 86,
   "GRUMO APPULA": 87,
   "LOCOROTONDO": 88,
   "MINERVINO MURGE": 89,
   "MODUGNO": 90,
   "MOLA DI BARI": 91,
   "MOLFETTA": 92,
   "MONOPOLI": 93,
   "NOCI": 94,
   "NOICATTARO": 95,
   "PALO DEL COLLE": 96,
   "POGGIORSINI": 97,
   "POLIGNANO A MARE": 98,
   "PUTIGNANO": 99,
   "RUTIGLIANO": 100,
   "RUVO DI PUGLIA": 101,
   "SAMMICHELE DI BARI": 102,
   "SANNICANDRO DI BARI": 103,
   "SANTERAMO IN COLLE": 104,
   "SPINAZZOLA": 105,
   "TERLIZZI": 106,
   "TORITTO": 107,
   "TRANI": 108,
   "TRIGGIANO": 109,
   "TURI": 110,
   "VALENZANO": 111,
   "AVETRANA": 112,
   "CAROSINO": 113,
   "CASTELLANETA": 114,
   "CRISPIANO": 115,
   "FAGGIANO": 116,
   "FRAGAGNANO": 117,
   "GINOSA": 118,
   "GROTTAGLIE": 119,
   "LATERZA": 120,
   "LEPORANO": 121,
   "LIZZANO": 122,
   "MANDURIA": 123,
   "MARTINA FRANCA": 124,
   "MARUGGIO": 125,
   "MASSAFRA": 126,
   "MONTEIASI": 127,
   "MONTEMESOLA": 128,
   "MONTEPARANO": 129,
   "MOTTOLA": 130,
   "PALAGIANELLO": 131,
   "PALAGIANO": 132,
   "PULSANO": 133,
   "ROCCAFORZATA": 134,
   "SAN GIORGIO IONICO": 135,
   "SAN MARZANO DI SAN GIUSEPPE": 136,
   "SAVA": 137,
   "TARANTO": 138,
   "TORRICELLA": 139,
   "BRINDISI": 140,
   "CAROVIGNO": 141,
   "CEGLIE MESSAPICA": 142,
   "CELLINO SAN MARCO": 143,
   "CISTERNINO": 144,
   "ERCHIE": 145,
   "FASANO": 146,
   "FRANCAVILLA FONTANA": 147,
   "LATIANO": 148,
   "MESAGNE": 149,
   "ORIA": 150,
   "OSTUNI": 151,
   "SAN DONACI": 152,
   "SAN MICHELE SALENTINO": 153,
   "SAN PANCRAZIO SALENTINO": 154,
   "SAN PIETRO VERNOTICO": 155,
   "SAN VITO DEI NORMANNI": 156,
   "TORCHIAROLO": 157,
   "TORRE SANTA SUSANNA": 158,
   "VILLA CASTELLI": 159,
   "ACQUARICA DEL CAPO": 160,
   "ALESSANO": 161,
   "ALEZIO": 162,
   "ALLISTE": 163,
   "ANDRANO": 164,
   "ARADEO": 165,
   "ARNESANO": 166,
   "BAGNOLO DEL SALENTO": 167,
   "BOTRUGNO": 168,
   "CALIMERA": 169,
   "CAMPI SALENTINA": 170,
   "CANNOLE": 171,
   "CAPRARICA DI LECCE": 172,
   "CARMIANO": 173,
   "CARPIGNANO SALENTINO": 174,
   "CASARANO": 175,
   "CASTRI DI LECCE": 176,
   "CASTRIGNANO DE' GRECI": 177,
   "CASTRIGNANO DEL CAPO": 178,
   "CAVALLINO": 179,
   "COLLEPASSO": 180,
   "COPERTINO": 181,
   "CORIGLIANO D'OTRANTO": 182,
   "CORSANO": 183,
   "CURSI": 184,
   "CUTROFIANO": 185,
   "DISO": 186,
   "GAGLIANO DEL CAPO": 187,
   "GALATINA": 188,
   "GALATONE": 189,
   "GALLIPOLI": 190,
   "GIUGGIANELLO": 191,
   "GIURDIGNANO": 192,
   "GUAGNANO": 193,
   "LECCE": 194,
   "LEQUILE": 195,
   "LEVERANO": 196,
   "LIZZANELLO": 197,
   "MAGLIE": 198,
   "MARTANO": 199,
   "MARTIGNANO": 200,
   "MATINO": 201,
   "MELENDUGNO": 202,
   "MELISSANO": 203,
   "MELPIGNANO": 204,
   "MIGGIANO": 205,
   "MINERVINO DI LECCE": 206,
   "MONTERONI DI LECCE": 207,
   "MONTESANO SALENTINO": 208,
   "MORCIANO DI LEUCA": 209,
   "MURO LECCESE": 210,
   "NARDO'": 211,
   "NEVIANO": 212,
   "NOCIGLIA": 213,
   "NOVOLI": 214,
   "ORTELLE": 215,
   "OTRANTO": 216,
   "PALMARIGGI": 217,
   "PARABITA": 218,
   "PATU'": 219,
   "POGGIARDO": 220,
   "PRESICCE": 221,
   "RACALE": 222,
   "RUFFANO": 223,
   "SALICE SALENTINO": 224,
   "SALVE": 225,
   "SANARICA": 226,
   "SAN CESARIO DI LECCE": 227,
   "SAN DONATO DI LECCE": 228,
   "SANNICOLA": 229,
   "SAN PIETRO IN LAMA": 230,
   "SANTA CESAREA TERME": 231,
   "SCORRANO": 232,
   "SECLI'": 233,
   "SOGLIANO CAVOUR": 234,
   "SOLETO": 235,
   "SPECCHIA": 236,
   "SPONGANO": 237,
   "SQUINZANO": 238,
   "STERNATIA": 239,
   "SUPERSANO": 240,
   "SURANO": 241,
   "SURBO": 242,
   "TAURISANO": 243,
   "TAVIANO": 244,
   "TIGGIANO": 245,
   "TREPUZZI": 246,
   "TRICASE": 247,
   "TUGLIE": 248,
   "UGENTO": 249,
   "UGGIANO LA CHIESA": 250,
   "VEGLIE": 251,
   "VERNOLE": 252,
   "ZOLLINO": 253,
   "SAN CASSIANO": 254,
   "CASTRO": 255,
   "PORTO CESAREO": 256
}