{
   "0": "AGLIE'",
   "1": "AIRASCA",
   "2": "ALA DI STURA",
   "3": "ALBIANO D'IVREA",
   "4": "ALICE SUPERIORE",
   "5": "ALMESE",
   "6": "ALPETTE",
   "7": "ALPIGNANO",
   "8": "ANDEZENO",
   "9": "ANDRATE",
   "10": "ANGROGNA",
   "11": "ARIGNANO",
   "12": "AVIGLIANA",
   "13": "AZEGLIO",
   "14": "BAIRO",
   "15": "BALANGERO",
   "16": "BALDISSERO CANAVESE",
   "17": "BALDISSERO TORINESE",
   "18": "BALME",
   "19": "BANCHETTE",
   "20": "BARBANIA",
   "21": "BARDONECCHIA",
   "22": "BARONE CANAVESE",
   "23": "BEINASCO",
   "24": "BIBIANA",
   "25": "BOBBIO PELLICE",
   "26": "BOLLENGO",
   "27": "BORGARO TORINESE",
   "28": "BORGIALLO",
   "29": "BORGOFRANCO D'IVREA",
   "30": "BORGOMASINO",
   "31": "BORGONE SUSA",
   "32": "BOSCONERO",
   "33": "BRANDIZZO",
   "34": "BRICHERASIO",
   "35": "BROSSO",
   "36": "BROZOLO",
   "37": "BRUINO",
   "38": "BRUSASCO",
   "39": "BRUZOLO",
   "40": "BURIASCO",
   "41": "BUROLO",
   "42": "BUSANO",
   "43": "BUSSOLENO",
   "44": "BUTTIGLIERA ALTA",
   "45": "CAFASSE",
   "46": "CALUSO",
   "47": "CAMBIANO",
   "48": "CAMPIGLIONE-FENILE",
   "49": "CANDIA CANAVESE",
   "50": "CANDIOLO",
   "51": "CANISCHIO",
   "52": "CANTALUPA",
   "53": "CANTOIRA",
   "54": "CAPRIE",
   "55": "CARAVINO",
   "56": "CAREMA",
   "57": "CARIGNANO",
   "58": "CARMAGNOLA",
   "59": "CASALBORGONE",
   "60": "CASCINETTE D'IVREA",
   "61": "CASELETTE",
   "62": "CASELLE TORINESE",
   "63": "CASTAGNETO PO",
   "64": "CASTAGNOLE PIEMONTE",
   "65": "CASTELLAMONTE",
   "66": "CASTELNUOVO NIGRA",
   "67": "CASTIGLIONE TORINESE",
   "68": "CAVAGNOLO",
   "69": "CAVOUR",
   "70": "CERCENASCO",
   "71": "CERES",
   "72": "CERESOLE REALE",
   "73": "CESANA TORINESE",
   "74": "CHIALAMBERTO",
   "75": "CHIANOCCO",
   "76": "CHIAVERANO",
   "77": "CHIERI",
   "78": "CHIESANUOVA",
   "79": "CHIOMONTE",
   "80": "CHIUSA DI SAN MICHELE",
   "81": "CHIVASSO",
   "82": "CICONIO",
   "83": "CINTANO",
   "84": "CINZANO",
   "85": "CIRIE'",
   "86": "CLAVIERE",
   "87": "COASSOLO TORINESE",
   "88": "COAZZE",
   "89": "COLLEGNO",
   "90": "COLLERETTO CASTELNUOVO",
   "91": "COLLERETTO GIACOSA",
   "92": "CONDOVE",
   "93": "CORIO",
   "94": "COSSANO CANAVESE",
   "95": "CUCEGLIO",
   "96": "CUMIANA",
   "97": "CUORGNE'",
   "98": "DRUENTO",
   "99": "EXILLES",
   "100": "FAVRIA",
   "101": "FELETTO",
   "102": "FENESTRELLE",
   "103": "FIANO",
   "104": "FIORANO CANAVESE",
   "105": "FOGLIZZO",
   "106": "FORNO CANAVESE",
   "107": "FRASSINETTO",
   "108": "FRONT",
   "109": "FROSSASCO",
   "110": "GARZIGLIANA",
   "111": "GASSINO TORINESE",
   "112": "GERMAGNANO",
   "113": "GIAGLIONE",
   "114": "GIAVENO",
   "115": "GIVOLETTO",
   "116": "GRAVERE",
   "117": "GROSCAVALLO",
   "118": "GROSSO",
   "119": "GRUGLIASCO",
   "120": "INGRIA",
   "121": "INVERSO PINASCA",
   "122": "ISOLABELLA",
   "123": "ISSIGLIO",
   "124": "IVREA",
   "125": "LA CASSA",
   "126": "LA LOGGIA",
   "127": "LANZO TORINESE",
   "128": "LAURIANO",
   "129": "LEINI",
   "130": "LEMIE",
   "131": "LESSOLO",
   "132": "LEVONE",
   "133": "LOCANA",
   "134": "LOMBARDORE",
   "135": "LOMBRIASCO",
   "136": "LORANZE'",
   "137": "LUGNACCO",
   "138": "LUSERNA SAN GIOVANNI",
   "139": "LUSERNETTA",
   "140": "LUSIGLIE'",
   "141": "MACELLO",
   "142": "MAGLIONE",
   "143": "MARENTINO",
   "144": "MASSELLO",
   "145": "MATHI",
   "146": "MATTIE",
   "147": "MAZZE'",
   "148": "MEANA DI SUSA",
   "149": "MERCENASCO",
   "150": "MEUGLIANO",
   "151": "MEZZENILE",
   "152": "MOMBELLO DI TORINO",
   "153": "MOMPANTERO",
   "154": "MONASTERO DI LANZO",
   "155": "MONCALIERI",
   "156": "MONCENISIO",
   "157": "MONTALDO TORINESE",
   "158": "MONTALENGHE",
   "159": "MONTALTO DORA",
   "160": "MONTANARO",
   "161": "MONTEU DA PO",
   "162": "MORIONDO TORINESE",
   "163": "NICHELINO",
   "164": "NOASCA",
   "165": "NOLE",
   "166": "NOMAGLIO",
   "167": "NONE",
   "168": "NOVALESA",
   "169": "OGLIANICO",
   "170": "ORBASSANO",
   "171": "ORIO CANAVESE",
   "172": "OSASCO",
   "173": "OSASIO",
   "174": "OULX",
   "175": "OZEGNA",
   "176": "PALAZZO CANAVESE",
   "177": "PANCALIERI",
   "178": "PARELLA",
   "179": "PAVAROLO",
   "180": "PAVONE CANAVESE",
   "181": "PECCO",
   "182": "PECETTO TORINESE",
   "183": "PEROSA ARGENTINA",
   "184": "PEROSA CANAVESE",
   "185": "PERRERO",
   "186": "PERTUSIO",
   "187": "PESSINETTO",
   "188": "PIANEZZA",
   "189": "PINASCA",
   "190": "PINEROLO",
   "191": "PINO TORINESE",
   "192": "PIOBESI TORINESE",
   "193": "PIOSSASCO",
   "194": "PISCINA",
   "195": "PIVERONE",
   "196": "POIRINO",
   "197": "POMARETTO",
   "198": "PONT-CANAVESE",
   "199": "PORTE",
   "200": "PRAGELATO",
   "201": "PRALI",
   "202": "PRALORMO",
   "203": "PRAMOLLO",
   "204": "PRAROSTINO",
   "205": "PRASCORSANO",
   "206": "PRATIGLIONE",
   "207": "QUAGLIUZZO",
   "208": "QUASSOLO",
   "209": "QUINCINETTO",
   "210": "REANO",
   "211": "RIBORDONE",
   "212": "RIVALBA",
   "213": "RIVALTA DI TORINO",
   "214": "RIVA PRESSO CHIERI",
   "215": "RIVARA",
   "216": "RIVAROLO CANAVESE",
   "217": "RIVAROSSA",
   "218": "RIVOLI",
   "219": "ROBASSOMERO",
   "220": "ROCCA CANAVESE",
   "221": "ROLETTO",
   "222": "ROMANO CANAVESE",
   "223": "RONCO CANAVESE",
   "224": "RONDISSONE",
   "225": "RORA'",
   "226": "ROURE",
   "227": "ROSTA",
   "228": "RUBIANA",
   "229": "RUEGLIO",
   "230": "SALASSA",
   "231": "SALBERTRAND",
   "232": "SALERANO CANAVESE",
   "233": "SALZA DI PINEROLO",
   "234": "SAMONE",
   "235": "SAN BENIGNO CANAVESE",
   "236": "SAN CARLO CANAVESE",
   "237": "SAN COLOMBANO BELMONTE",
   "238": "SAN DIDERO",
   "239": "SAN FRANCESCO AL CAMPO",
   "240": "SANGANO",
   "241": "SAN GERMANO CHISONE",
   "242": "SAN GILLIO",
   "243": "SAN GIORGIO CANAVESE",
   "244": "SAN GIORIO DI SUSA",
   "245": "SAN GIUSTO CANAVESE",
   "246": "SAN MARTINO CANAVESE",
   "247": "SAN MAURIZIO CANAVESE",
   "248": "SAN MAURO TORINESE",
   "249": "SAN PIETRO VAL LEMINA",
   "250": "SAN PONSO",
   "251": "SAN RAFFAELE CIMENA",
   "252": "SAN SEBASTIANO DA PO",
   "253": "SAN SECONDO DI PINEROLO",
   "254": "SANT'AMBROGIO DI TORINO",
   "255": "SANT'ANTONINO DI SUSA",
   "256": "SANTENA",
   "257": "SAUZE DI CESANA",
   "258": "SAUZE D'OULX",
   "259": "SCALENGHE",
   "260": "SCARMAGNO",
   "261": "SCIOLZE",
   "262": "SESTRIERE",
   "263": "SETTIMO ROTTARO",
   "264": "SETTIMO TORINESE",
   "265": "SETTIMO VITTONE",
   "266": "SPARONE",
   "267": "STRAMBINELLO",
   "268": "STRAMBINO",
   "269": "SUSA",
   "270": "TAVAGNASCO",
   "271": "TORINO",
   "272": "TORRAZZA PIEMONTE",
   "273": "TORRE CANAVESE",
   "274": "TORRE PELLICE",
   "275": "TRANA",
   "276": "TRAUSELLA",
   "277": "TRAVERSELLA",
   "278": "TRAVES",
   "279": "TROFARELLO",
   "280": "USSEAUX",
   "281": "USSEGLIO",
   "282": "VAIE",
   "283": "VAL DELLA TORRE",
   "284": "VALGIOIE",
   "285": "VALLO TORINESE",
   "286": "VALPERGA",
   "287": "VALPRATO SOANA",
   "288": "VARISELLA",
   "289": "VAUDA CANAVESE",
   "290": "VENAUS",
   "291": "VENARIA REALE",
   "292": "VEROLENGO",
   "293": "VERRUA SAVOIA",
   "294": "VESTIGNE'",
   "295": "VIALFRE'",
   "296": "VICO CANAVESE",
   "297": "VIDRACCO",
   "298": "VIGONE",
   "299": "VILLAFRANCA PIEMONTE",
   "300": "VILLANOVA CANAVESE",
   "301": "VILLARBASSE",
   "302": "VILLAR DORA",
   "303": "VILLAREGGIA",
   "304": "VILLAR FOCCHIARDO",
   "305": "VILLAR PELLICE",
   "306": "VILLAR PEROSA",
   "307": "VILLASTELLONE",
   "308": "VINOVO",
   "309": "VIRLE PIEMONTE",
   "310": "VISCHE",
   "311": "VISTRORIO",
   "312": "VIU'",
   "313": "VOLPIANO",
   "314": "VOLVERA",
   "315": "AILOCHE",
   "316": "ALAGNA VALSESIA",
   "317": "ALBANO VERCELLESE",
   "318": "ALICE CASTELLO",
   "319": "ANDORNO MICCA",
   "320": "ARBORIO",
   "321": "ASIGLIANO VERCELLESE",
   "322": "BALMUCCIA",
   "323": "BALOCCO",
   "324": "BENNA",
   "325": "BIANZE'",
   "326": "BIELLA",
   "327": "BIOGLIO",
   "328": "BOCCIOLETO",
   "329": "BORGO D'ALE",
   "330": "BORGOSESIA",
   "331": "BORGO VERCELLI",
   "332": "BORRIANA",
   "333": "BREIA",
   "334": "BRUSNENGO",
   "335": "BURONZO",
   "336": "CALLABIANA",
   "337": "CAMANDONA",
   "338": "CAMBURZANO",
   "339": "CAMPERTOGNO",
   "340": "CAMPIGLIA CERVO",
   "341": "CANDELO",
   "342": "CAPRILE",
   "343": "CARCOFORO",
   "344": "CARESANA",
   "345": "CARESANABLOT",
   "346": "CARISIO",
   "347": "CASANOVA ELVO",
   "348": "CASAPINTA",
   "349": "SAN GIACOMO VERCELLESE",
   "350": "CASTELLETTO CERVO",
   "351": "CAVAGLIA'",
   "352": "CELLIO",
   "353": "CERRETO CASTELLO",
   "354": "CERRIONE",
   "355": "CERVATTO",
   "356": "CIGLIANO",
   "357": "CIVIASCO",
   "358": "COGGIOLA",
   "359": "COLLOBIANO",
   "360": "COSSATO",
   "361": "COSTANZANA",
   "362": "CRAVAGLIANA",
   "363": "CRESCENTINO",
   "364": "CREVACUORE",
   "365": "CROSA",
   "366": "CROVA",
   "367": "CURINO",
   "368": "DESANA",
   "369": "DONATO",
   "370": "DORZANO",
   "371": "FOBELLO",
   "372": "FONTANETTO PO",
   "373": "FORMIGLIANA",
   "374": "GAGLIANICO",
   "375": "GATTINARA",
   "376": "GHISLARENGO",
   "377": "GIFFLENGA",
   "378": "GRAGLIA",
   "379": "GREGGIO",
   "380": "GUARDABOSONE",
   "381": "LAMPORO",
   "382": "LENTA",
   "383": "LESSONA",
   "384": "LIGNANA",
   "385": "LIVORNO FERRARIS",
   "386": "LOZZOLO",
   "387": "MAGNANO",
   "388": "MASSAZZA",
   "389": "MASSERANO",
   "390": "MEZZANA MORTIGLIENGO",
   "391": "MIAGLIANO",
   "392": "MOLLIA",
   "393": "MONCRIVELLO",
   "394": "MONGRANDO",
   "395": "MOSSO SANTA MARIA",
   "396": "MOTTA DE' CONTI",
   "397": "MOTTALCIATA",
   "398": "MUZZANO",
   "399": "NETRO",
   "400": "OCCHIEPPO INFERIORE",
   "401": "OCCHIEPPO SUPERIORE",
   "402": "OLCENENGO",
   "403": "OLDENICO",
   "404": "PALAZZOLO VERCELLESE",
   "405": "PERTENGO",
   "406": "PETTINENGO",
   "407": "PEZZANA",
   "408": "PIATTO",
   "409": "PIEDICAVALLO",
   "410": "PILA",
   "411": "PIODE",
   "412": "PISTOLESA",
   "413": "POLLONE",
   "414": "PONDERANO",
   "415": "PORTULA",
   "416": "POSTUA",
   "417": "PRALUNGO",
   "418": "PRAROLO",
   "419": "PRAY",
   "420": "QUAREGNA",
   "421": "QUARONA",
   "422": "QUINTO VERCELLESE",
   "423": "QUITTENGO",
   "424": "RASSA",
   "425": "RIMA SAN GIUSEPPE",
   "426": "RIMASCO",
   "427": "RIMELLA",
   "428": "RIVA VALDOBBIA",
   "429": "RIVE",
   "430": "ROASIO",
   "431": "RONCO BIELLESE",
   "432": "RONSECCO",
   "433": "ROPPOLO",
   "434": "ROSAZZA",
   "435": "ROSSA",
   "436": "ROVASENDA",
   "437": "SABBIA",
   "438": "SAGLIANO MICCA",
   "439": "SALA BIELLESE",
   "440": "SALASCO",
   "441": "SALI VERCELLESE",
   "442": "SALUGGIA",
   "443": "SALUSSOLA",
   "444": "SANDIGLIANO",
   "445": "SAN GERMANO VERCELLESE",
   "446": "SAN PAOLO CERVO",
   "447": "SANTHIA'",
   "448": "SCOPA",
   "449": "SCOPELLO",
   "450": "SELVE MARCONE",
   "451": "SERRAVALLE SESIA",
   "452": "SOPRANA",
   "453": "SORDEVOLO",
   "454": "SOSTEGNO",
   "455": "STRONA",
   "456": "STROPPIANA",
   "457": "TAVIGLIANO",
   "458": "TERNENGO",
   "459": "TOLLEGNO",
   "460": "TORRAZZO",
   "461": "TRICERRO",
   "462": "TRINO",
   "463": "TRIVERO",
   "464": "TRONZANO VERCELLESE",
   "465": "VALDENGO",
   "466": "VALDUGGIA",
   "467": "VALLANZENGO",
   "468": "VALLE MOSSO",
   "469": "VALLE SAN NICOLAO",
   "470": "VARALLO",
   "471": "VEGLIO",
   "472": "VERCELLI",
   "473": "VERRONE",
   "474": "VIGLIANO BIELLESE",
   "475": "VILLA DEL BOSCO",
   "476": "VILLANOVA BIELLESE",
   "477": "VILLARBOIT",
   "478": "VILLATA",
   "479": "VIVERONE",
   "480": "VOCCA",
   "481": "ZIMONE",
   "482": "ZUBIENA",
   "483": "ZUMAGLIA",
   "484": "AGRATE CONTURBIA",
   "485": "AMENO",
   "486": "ANTRONA SCHIERANCO",
   "487": "ANZOLA D'OSSOLA",
   "488": "ARIZZANO",
   "489": "ARMENO",
   "490": "AROLA",
   "491": "ARONA",
   "492": "AURANO",
   "493": "BACENO",
   "494": "BANNIO ANZINO",
   "495": "BARENGO",
   "496": "BAVENO",
   "497": "BEE",
   "498": "BELGIRATE",
   "499": "BELLINZAGO NOVARESE",
   "500": "BEURA-CARDEZZA",
   "501": "BIANDRATE",
   "502": "BOCA",
   "503": "BOGNANCO",
   "504": "BOGOGNO",
   "505": "BOLZANO NOVARESE",
   "506": "BORGOLAVEZZARO",
   "507": "BORGOMANERO",
   "508": "BORGO TICINO",
   "509": "BRIGA NOVARESE",
   "510": "BRIONA",
   "511": "BROVELLO-CARPUGNINO",
   "512": "CALASCA-CASTIGLIONE",
   "513": "CALTIGNAGA",
   "514": "CAMBIASCA",
   "515": "CAMERI",
   "516": "CANNERO RIVIERA",
   "517": "CANNOBIO",
   "518": "CAPREZZO",
   "519": "CARPIGNANO SESIA",
   "520": "CASALBELTRAME",
   "521": "CASALE CORTE CERRO",
   "522": "CASALEGGIO NOVARA",
   "523": "CASALINO",
   "524": "CASALVOLONE",
   "525": "CASTELLAZZO NOVARESE",
   "526": "CASTELLETTO SOPRA TICINO",
   "527": "CAVAGLIETTO",
   "528": "CAVAGLIO D'AGOGNA",
   "529": "CAVAGLIO-SPOCCIA",
   "530": "CAVALLIRIO",
   "531": "CEPPO MORELLI",
   "532": "CERANO",
   "533": "CESARA",
   "534": "COLAZZA",
   "535": "COMIGNAGO",
   "536": "COSSOGNO",
   "537": "CRAVEGGIA",
   "538": "CRESSA",
   "539": "CREVOLADOSSOLA",
   "540": "CRODO",
   "541": "CUREGGIO",
   "542": "CURSOLO-ORASSO",
   "543": "DIVIGNANO",
   "544": "DOMODOSSOLA",
   "545": "DORMELLETTO",
   "546": "DRUOGNO",
   "547": "FALMENTA",
   "548": "FARA NOVARESE",
   "549": "FONTANETO D'AGOGNA",
   "550": "FORMAZZA",
   "551": "GALLIATE",
   "552": "GARBAGNA NOVARESE",
   "553": "GARGALLO",
   "554": "GATTICO",
   "555": "GERMAGNO",
   "556": "GHEMME",
   "557": "GHIFFA",
   "558": "GIGNESE",
   "559": "GOZZANO",
   "560": "GRANOZZO CON MONTICELLO",
   "561": "GRAVELLONA TOCE",
   "562": "GRIGNASCO",
   "563": "GURRO",
   "564": "INTRAGNA",
   "565": "INVORIO",
   "566": "LANDIONA",
   "567": "LESA",
   "568": "LOREGLIA",
   "569": "MACUGNAGA",
   "570": "MADONNA DEL SASSO",
   "571": "MAGGIORA",
   "572": "MALESCO",
   "573": "MANDELLO VITTA",
   "574": "MARANO TICINO",
   "575": "MASERA",
   "576": "MASSINO VISCONTI",
   "577": "MASSIOLA",
   "578": "MEINA",
   "579": "MERGOZZO",
   "580": "MEZZOMERICO",
   "581": "MIASINO",
   "582": "MIAZZINA",
   "583": "MOMO",
   "584": "MONTECRESTESE",
   "585": "MONTESCHENO",
   "586": "NEBBIUNO",
   "587": "NIBBIOLA",
   "588": "NONIO",
   "589": "NOVARA",
   "590": "OGGEBBIO",
   "591": "OLEGGIO",
   "592": "OLEGGIO CASTELLO",
   "593": "OMEGNA",
   "594": "ORNAVASSO",
   "595": "ORTA SAN GIULIO",
   "596": "PALLANZENO",
   "597": "PARUZZARO",
   "598": "PELLA",
   "599": "PETTENASCO",
   "600": "PIEDIMULERA",
   "601": "PIEVE VERGONTE",
   "602": "PISANO",
   "603": "POGNO",
   "604": "POMBIA",
   "605": "PRATO SESIA",
   "606": "PREMENO",
   "607": "PREMIA",
   "608": "PREMOSELLO-CHIOVENDA",
   "609": "QUARNA SOPRA",
   "610": "QUARNA SOTTO",
   "611": "RE",
   "612": "RECETTO",
   "613": "ROMAGNANO SESIA",
   "614": "ROMENTINO",
   "615": "SAN BERNARDINO VERBANO",
   "616": "SAN MAURIZIO D'OPAGLIO",
   "617": "SAN NAZZARO SESIA",
   "618": "SAN PIETRO MOSEZZO",
   "619": "SANTA MARIA MAGGIORE",
   "620": "SEPPIANA",
   "621": "SILLAVENGO",
   "622": "SIZZANO",
   "623": "SORISO",
   "624": "SOZZAGO",
   "625": "STRESA",
   "626": "SUNO",
   "627": "TERDOBBIATE",
   "628": "TOCENO",
   "629": "TORNACO",
   "630": "TRAREGO VIGGIONA",
   "631": "TRASQUERA",
   "632": "TRECATE",
   "633": "TRONTANO",
   "634": "VALSTRONA",
   "635": "VANZONE CON SAN CARLO",
   "636": "VAPRIO D'AGOGNA",
   "637": "VARALLO POMBIA",
   "638": "VARZO",
   "639": "VERBANIA",
   "640": "VERUNO",
   "641": "VESPOLATE",
   "642": "VICOLUNGO",
   "643": "VIGANELLA",
   "644": "VIGNONE",
   "645": "VILLADOSSOLA",
   "646": "VILLETTE",
   "647": "VINZAGLIO",
   "648": "VOGOGNA",
   "649": "ACCEGLIO",
   "650": "AISONE",
   "651": "ALBA",
   "652": "ALBARETTO DELLA TORRE",
   "653": "ALTO",
   "654": "ARGENTERA",
   "655": "ARGUELLO",
   "656": "BAGNASCO",
   "657": "BAGNOLO PIEMONTE",
   "658": "BALDISSERO D'ALBA",
   "659": "BARBARESCO",
   "660": "BARGE",
   "661": "BAROLO",
   "662": "BASTIA MONDOVI'",
   "663": "BATTIFOLLO",
   "664": "BEINETTE",
   "665": "BELLINO",
   "666": "BELVEDERE LANGHE",
   "667": "BENE VAGIENNA",
   "668": "BENEVELLO",
   "669": "BERGOLO",
   "670": "BERNEZZO",
   "671": "BONVICINO",
   "672": "BORGOMALE",
   "673": "BORGO SAN DALMAZZO",
   "674": "BOSIA",
   "675": "BOSSOLASCO",
   "676": "BOVES",
   "677": "BRA",
   "678": "BRIAGLIA",
   "679": "BRIGA ALTA",
   "680": "BRONDELLO",
   "681": "BROSSASCO",
   "682": "BUSCA",
   "683": "CAMERANA",
   "684": "CAMO",
   "685": "CANALE",
   "686": "CANOSIO",
   "687": "CAPRAUNA",
   "688": "CARAGLIO",
   "689": "CARAMAGNA PIEMONTE",
   "690": "CARDE'",
   "691": "CARRU'",
   "692": "CARTIGNANO",
   "693": "CASALGRASSO",
   "694": "CASTAGNITO",
   "695": "CASTELDELFINO",
   "696": "CASTELLAR",
   "697": "CASTELLETTO STURA",
   "698": "CASTELLETTO UZZONE",
   "699": "CASTELLINALDO",
   "700": "CASTELLINO TANARO",
   "701": "CASTELMAGNO",
   "702": "CASTELNUOVO DI CEVA",
   "703": "CASTIGLIONE FALLETTO",
   "704": "CASTIGLIONE TINELLA",
   "705": "CASTINO",
   "706": "CAVALLERLEONE",
   "707": "CAVALLERMAGGIORE",
   "708": "CELLE DI MACRA",
   "709": "CENTALLO",
   "710": "CERESOLE ALBA",
   "711": "CERRETO LANGHE",
   "712": "CERVASCA",
   "713": "CERVERE",
   "714": "CEVA",
   "715": "CHERASCO",
   "716": "CHIUSA DI PESIO",
   "717": "CIGLIE'",
   "718": "CISSONE",
   "719": "CLAVESANA",
   "720": "CORNELIANO D'ALBA",
   "721": "CORTEMILIA",
   "722": "COSSANO BELBO",
   "723": "COSTIGLIOLE SALUZZO",
   "724": "CRAVANZANA",
   "725": "CRISSOLO",
   "726": "CUNEO",
   "727": "DEMONTE",
   "728": "DIANO D'ALBA",
   "729": "DOGLIANI",
   "730": "DRONERO",
   "731": "ELVA",
   "732": "ENTRACQUE",
   "733": "ENVIE",
   "734": "FARIGLIANO",
   "735": "FAULE",
   "736": "FEISOGLIO",
   "737": "FOSSANO",
   "738": "FRABOSA SOPRANA",
   "739": "FRABOSA SOTTANA",
   "740": "FRASSINO",
   "741": "GAIOLA",
   "742": "GAMBASCA",
   "743": "GARESSIO",
   "744": "GENOLA",
   "745": "GORZEGNO",
   "746": "GOTTASECCA",
   "747": "GOVONE",
   "748": "GRINZANE CAVOUR",
   "749": "GUARENE",
   "750": "IGLIANO",
   "751": "ISASCA",
   "752": "LAGNASCO",
   "753": "LA MORRA",
   "754": "LEQUIO BERRIA",
   "755": "LEQUIO TANARO",
   "756": "LESEGNO",
   "757": "LEVICE",
   "758": "LIMONE PIEMONTE",
   "759": "LISIO",
   "760": "MACRA",
   "761": "MAGLIANO ALFIERI",
   "762": "MAGLIANO ALPI",
   "763": "MANGO",
   "764": "MANTA",
   "765": "MARENE",
   "766": "MARGARITA",
   "767": "MARMORA",
   "768": "MARSAGLIA",
   "769": "MARTINIANA PO",
   "770": "MELLE",
   "771": "MOIOLA",
   "772": "MOMBARCARO",
   "773": "MOMBASIGLIO",
   "774": "MONASTERO DI VASCO",
   "775": "MONASTEROLO CASOTTO",
   "776": "MONASTEROLO DI SAVIGLIANO",
   "777": "MONCHIERO",
   "778": "MONDOVI'",
   "779": "MONESIGLIO",
   "780": "MONFORTE D'ALBA",
   "781": "MONTA'",
   "782": "MONTALDO DI MONDOVI'",
   "783": "MONTALDO ROERO",
   "784": "MONTANERA",
   "785": "MONTELUPO ALBESE",
   "786": "MONTEMALE DI CUNEO",
   "787": "MONTEROSSO GRANA",
   "788": "MONTEU ROERO",
   "789": "MONTEZEMOLO",
   "790": "MONTICELLO D'ALBA",
   "791": "MORETTA",
   "792": "MOROZZO",
   "793": "MURAZZANO",
   "794": "MURELLO",
   "795": "NARZOLE",
   "796": "NEIVE",
   "797": "NEVIGLIE",
   "798": "NIELLA BELBO",
   "799": "NIELLA TANARO",
   "800": "NOVELLO",
   "801": "NUCETTO",
   "802": "ONCINO",
   "803": "ORMEA",
   "804": "OSTANA",
   "805": "PAESANA",
   "806": "PAGNO",
   "807": "PAMPARATO",
   "808": "PAROLDO",
   "809": "PERLETTO",
   "810": "PERLO",
   "811": "PEVERAGNO",
   "812": "PEZZOLO VALLE UZZONE",
   "813": "PIANFEI",
   "814": "PIASCO",
   "815": "PIETRAPORZIO",
   "816": "PIOBESI D'ALBA",
   "817": "PIOZZO",
   "818": "POCAPAGLIA",
   "819": "POLONGHERA",
   "820": "PONTECHIANALE",
   "821": "PRADLEVES",
   "822": "PRAZZO",
   "823": "PRIERO",
   "824": "PRIOCCA",
   "825": "PRIOLA",
   "826": "PRUNETTO",
   "827": "RACCONIGI",
   "828": "REVELLO",
   "829": "RIFREDDO",
   "830": "RITTANA",
   "831": "ROASCHIA",
   "832": "ROASCIO",
   "833": "ROBILANTE",
   "834": "ROBURENT",
   "835": "ROCCABRUNA",
   "836": "ROCCA CIGLIE'",
   "837": "ROCCA DE' BALDI",
   "838": "ROCCAFORTE MONDOVI'",
   "839": "ROCCASPARVERA",
   "840": "ROCCAVIONE",
   "841": "ROCCHETTA BELBO",
   "842": "RODDI",
   "843": "RODDINO",
   "844": "RODELLO",
   "845": "ROSSANA",
   "846": "RUFFIA",
   "847": "SALE DELLE LANGHE",
   "848": "SALE SAN GIOVANNI",
   "849": "SALICETO",
   "850": "SALMOUR",
   "851": "SALUZZO",
   "852": "SAMBUCO",
   "853": "SAMPEYRE",
   "854": "SAN BENEDETTO BELBO",
   "855": "SAN DAMIANO MACRA",
   "856": "SANFRE'",
   "857": "SANFRONT",
   "858": "SAN MICHELE MONDOVI'",
   "859": "SANT'ALBANO STURA",
   "860": "SANTA VITTORIA D'ALBA",
   "861": "SANTO STEFANO BELBO",
   "862": "SANTO STEFANO ROERO",
   "863": "SAVIGLIANO",
   "864": "SCAGNELLO",
   "865": "SCARNAFIGI",
   "866": "SERRALUNGA D'ALBA",
   "867": "SERRAVALLE LANGHE",
   "868": "SINIO",
   "869": "SOMANO",
   "870": "SOMMARIVA DEL BOSCO",
   "871": "SOMMARIVA PERNO",
   "872": "STROPPO",
   "873": "TARANTASCA",
   "874": "TORRE BORMIDA",
   "875": "TORRE MONDOVI'",
   "876": "TORRE SAN GIORGIO",
   "877": "TORRESINA",
   "878": "TREISO",
   "879": "TREZZO TINELLA",
   "880": "TRINITA'",
   "881": "VALDIERI",
   "882": "VALGRANA",
   "883": "VALLORIATE",
   "884": "VALMALA",
   "885": "VENASCA",
   "886": "VERDUNO",
   "887": "VERNANTE",
   "888": "VERZUOLO",
   "889": "VEZZA D'ALBA",
   "890": "VICOFORTE",
   "891": "VIGNOLO",
   "892": "VILLAFALLETTO",
   "893": "VILLANOVA MONDOVI'",
   "894": "VILLANOVA SOLARO",
   "895": "VILLAR SAN COSTANZO",
   "896": "VINADIO",
   "897": "VIOLA",
   "898": "VOTTIGNASCO",
   "899": "AGLIANO",
   "900": "ALBUGNANO",
   "901": "ANTIGNANO",
   "902": "ARAMENGO",
   "903": "ASTI",
   "904": "AZZANO D'ASTI",
   "905": "BALDICHIERI D'ASTI",
   "906": "BELVEGLIO",
   "907": "BERZANO DI SAN PIETRO",
   "908": "BRUNO",
   "909": "BUBBIO",
   "910": "BUTTIGLIERA D'ASTI",
   "911": "CALAMANDRANA",
   "912": "CALLIANO",
   "913": "CALOSSO",
   "914": "CAMERANO CASASCO",
   "915": "CANELLI",
   "916": "CANTARANA",
   "917": "CAPRIGLIO",
   "918": "CASORZO",
   "919": "CASSINASCO",
   "920": "CASTAGNOLE DELLE LANZE",
   "921": "CASTAGNOLE MONFERRATO",
   "922": "CASTEL BOGLIONE",
   "923": "CASTELL'ALFERO",
   "924": "CASTELLERO",
   "925": "CASTELLETTO MOLINA",
   "926": "CASTELLO DI ANNONE",
   "927": "CASTELNUOVO BELBO",
   "928": "CASTELNUOVO CALCEA",
   "929": "CASTELNUOVO DON BOSCO",
   "930": "CASTEL ROCCHERO",
   "931": "CELLARENGO",
   "932": "CELLE ENOMONDO",
   "933": "CERRETO D'ASTI",
   "934": "CERRO TANARO",
   "935": "CESSOLE",
   "936": "CHIUSANO D'ASTI",
   "937": "CINAGLIO",
   "938": "CISTERNA D'ASTI",
   "939": "COAZZOLO",
   "940": "COCCONATO",
   "941": "COLCAVAGNO",
   "942": "CORSIONE",
   "943": "CORTANDONE",
   "944": "CORTANZE",
   "945": "CORTAZZONE",
   "946": "CORTIGLIONE",
   "947": "COSSOMBRATO",
   "948": "COSTIGLIOLE D'ASTI",
   "949": "CUNICO",
   "950": "DUSINO SAN MICHELE",
   "951": "FERRERE",
   "952": "FONTANILE",
   "953": "FRINCO",
   "954": "GRANA",
   "955": "GRAZZANO BADOGLIO",
   "956": "INCISA SCAPACCINO",
   "957": "ISOLA D'ASTI",
   "958": "LOAZZOLO",
   "959": "MARANZANA",
   "960": "MARETTO",
   "961": "MOASCA",
   "962": "MOMBALDONE",
   "963": "MOMBARUZZO",
   "964": "MOMBERCELLI",
   "965": "MONALE",
   "966": "MONASTERO BORMIDA",
   "967": "MONCALVO",
   "968": "MONCUCCO TORINESE",
   "969": "MONGARDINO",
   "970": "MONTABONE",
   "971": "MONTAFIA",
   "972": "MONTALDO SCARAMPI",
   "973": "MONTECHIARO D'ASTI",
   "974": "MONTEGROSSO D'ASTI",
   "975": "MONTEMAGNO",
   "976": "MONTIGLIO",
   "977": "MORANSENGO",
   "978": "NIZZA MONFERRATO",
   "979": "OLMO GENTILE",
   "980": "PASSERANO MARMORITO",
   "981": "PENANGO",
   "982": "PIEA",
   "983": "PINO D'ASTI",
   "984": "PIOVA' MASSAIA",
   "985": "PORTACOMARO",
   "986": "QUARANTI",
   "987": "REFRANCORE",
   "988": "REVIGLIASCO D'ASTI",
   "989": "ROATTO",
   "990": "ROBELLA",
   "991": "ROCCA D'ARAZZO",
   "992": "ROCCAVERANO",
   "993": "ROCCHETTA PALAFEA",
   "994": "ROCCHETTA TANARO",
   "995": "SAN DAMIANO D'ASTI",
   "996": "SAN GIORGIO SCARAMPI",
   "997": "SAN MARTINO ALFIERI",
   "998": "SAN MARZANO OLIVETO",
   "999": "SAN PAOLO SOLBRITO",
   "1000": "SCANDELUZZA",
   "1001": "SCURZOLENGO",
   "1002": "SEROLE",
   "1003": "SESSAME",
   "1004": "SETTIME",
   "1005": "SOGLIO",
   "1006": "TIGLIOLE",
   "1007": "TONCO",
   "1008": "TONENGO",
   "1009": "VAGLIO SERRA",
   "1010": "VALFENERA",
   "1011": "VESIME",
   "1012": "VIALE",
   "1013": "VIARIGI",
   "1014": "VIGLIANO D'ASTI",
   "1015": "VILLAFRANCA D'ASTI",
   "1016": "VILLANOVA D'ASTI",
   "1017": "VILLA SAN SECONDO",
   "1018": "VINCHIO",
   "1019": "ACQUI TERME",
   "1020": "ALBERA LIGURE",
   "1021": "ALESSANDRIA",
   "1022": "ALFIANO NATTA",
   "1023": "ALICE BEL COLLE",
   "1024": "ALLUVIONI CAMBIO'",
   "1025": "ALTAVILLA MONFERRATO",
   "1026": "ALZANO SCRIVIA",
   "1027": "ARQUATA SCRIVIA",
   "1028": "AVOLASCA",
   "1029": "BALZOLA",
   "1030": "BASALUZZO",
   "1031": "BASSIGNANA",
   "1032": "BELFORTE MONFERRATO",
   "1033": "BERGAMASCO",
   "1034": "BERZANO DI TORTONA",
   "1035": "BISTAGNO",
   "1036": "BORGHETTO DI BORBERA",
   "1037": "BORGORATTO ALESSANDRINO",
   "1038": "BORGO SAN MARTINO",
   "1039": "BOSCO MARENGO",
   "1040": "BOSIO",
   "1041": "BOZZOLE",
   "1042": "BRIGNANO-FRASCATA",
   "1043": "CABELLA LIGURE",
   "1044": "CAMAGNA MONFERRATO",
   "1045": "CAMINO",
   "1046": "CANTALUPO LIGURE",
   "1047": "CAPRIATA D'ORBA",
   "1048": "CARBONARA SCRIVIA",
   "1049": "CARENTINO",
   "1050": "CAREZZANO",
   "1051": "CARPENETO",
   "1052": "CARREGA LIGURE",
   "1053": "CARROSIO",
   "1054": "CARTOSIO",
   "1055": "CASAL CERMELLI",
   "1056": "CASALEGGIO BOIRO",
   "1057": "CASALE MONFERRATO",
   "1058": "CASALNOCETO",
   "1059": "CASASCO",
   "1060": "CASSANO SPINOLA",
   "1061": "CASSINE",
   "1062": "CASSINELLE",
   "1063": "CASTELLANIA",
   "1064": "CASTELLAR GUIDOBONO",
   "1065": "CASTELLAZZO BORMIDA",
   "1066": "CASTELLETTO D'ERRO",
   "1067": "CASTELLETTO D'ORBA",
   "1068": "CASTELLETTO MERLI",
   "1069": "CASTELLETTO MONFERRATO",
   "1070": "CASTELNUOVO BORMIDA",
   "1071": "CASTELNUOVO SCRIVIA",
   "1072": "CASTELSPINA",
   "1073": "CAVATORE",
   "1074": "CELLA MONTE",
   "1075": "CERESETO",
   "1076": "CERRETO GRUE",
   "1077": "CERRINA  MONFERRATO",
   "1078": "CONIOLO",
   "1079": "CONZANO",
   "1080": "COSTA VESCOVATO",
   "1081": "CREMOLINO",
   "1082": "CUCCARO MONFERRATO",
   "1083": "DENICE",
   "1084": "DERNICE",
   "1085": "FABBRICA CURONE",
   "1086": "FELIZZANO",
   "1087": "FRACONALTO",
   "1088": "FRANCAVILLA BISIO",
   "1089": "FRASCARO",
   "1090": "FRASSINELLO MONFERRATO",
   "1091": "FRASSINETO PO",
   "1092": "FRESONARA",
   "1093": "FRUGAROLO",
   "1094": "FUBINE",
   "1095": "GABIANO",
   "1096": "GAMALERO",
   "1097": "GARBAGNA",
   "1098": "GAVAZZANA",
   "1099": "GAVI",
   "1100": "GIAROLE",
   "1101": "GREMIASCO",
   "1102": "GROGNARDO",
   "1103": "GRONDONA",
   "1104": "GUAZZORA",
   "1105": "ISOLA SANT'ANTONIO",
   "1106": "LERMA",
   "1107": "LU",
   "1108": "MALVICINO",
   "1109": "MASIO",
   "1110": "MELAZZO",
   "1111": "MERANA",
   "1112": "MIRABELLO MONFERRATO",
   "1113": "MOLARE",
   "1114": "MOLINO DEI TORTI",
   "1115": "MOMBELLO MONFERRATO",
   "1116": "MOMPERONE",
   "1117": "MONCESTINO",
   "1118": "MONGIARDINO LIGURE",
   "1119": "MONLEALE",
   "1120": "MONTACUTO",
   "1121": "MONTALDEO",
   "1122": "MONTALDO BORMIDA",
   "1123": "MONTECASTELLO",
   "1124": "MONTECHIARO D'ACQUI",
   "1125": "MONTEGIOCO",
   "1126": "MONTEMARZINO",
   "1127": "MORANO SUL PO",
   "1128": "MORBELLO",
   "1129": "MORNESE",
   "1130": "MORSASCO",
   "1131": "MURISENGO",
   "1132": "NOVI LIGURE",
   "1133": "OCCIMIANO",
   "1134": "ODALENGO GRANDE",
   "1135": "ODALENGO PICCOLO",
   "1136": "OLIVOLA",
   "1137": "ORSARA BORMIDA",
   "1138": "OTTIGLIO",
   "1139": "OVADA",
   "1140": "OVIGLIO",
   "1141": "OZZANO MONFERRATO",
   "1142": "PADERNA",
   "1143": "PARETO",
   "1144": "PARODI LIGURE",
   "1145": "PASTURANA",
   "1146": "PECETTO DI VALENZA",
   "1147": "PIETRA MARAZZI",
   "1148": "PIOVERA",
   "1149": "POMARO MONFERRATO",
   "1150": "PONTECURONE",
   "1151": "PONTESTURA",
   "1152": "PONTI",
   "1153": "PONZANO MONFERRATO",
   "1154": "PONZONE",
   "1155": "POZZOL GROPPO",
   "1156": "POZZOLO FORMIGARO",
   "1157": "PRASCO",
   "1158": "PREDOSA",
   "1159": "QUARGNENTO",
   "1160": "QUATTORDIO",
   "1161": "RICALDONE",
   "1162": "RIVALTA BORMIDA",
   "1163": "RIVARONE",
   "1164": "ROCCAFORTE LIGURE",
   "1165": "ROCCA GRIMALDA",
   "1166": "ROCCHETTA LIGURE",
   "1167": "ROSIGNANO MONFERRATO",
   "1168": "SALA MONFERRATO",
   "1169": "SALE",
   "1170": "SAN CRISTOFORO",
   "1171": "SAN GIORGIO MONFERRATO",
   "1172": "SAN SALVATORE MONFERRATO",
   "1173": "SAN SEBASTIANO CURONE",
   "1174": "SANT'AGATA FOSSILI",
   "1175": "SARDIGLIANO",
   "1176": "SAREZZANO",
   "1177": "SERRALUNGA DI CREA",
   "1178": "SERRAVALLE SCRIVIA",
   "1179": "SEZZADIO",
   "1180": "SILVANO D'ORBA",
   "1181": "SOLERO",
   "1182": "SOLONGHELLO",
   "1183": "SPIGNO MONFERRATO",
   "1184": "SPINETO SCRIVIA",
   "1185": "STAZZANO",
   "1186": "STREVI",
   "1187": "TAGLIOLO MONFERRATO",
   "1188": "TASSAROLO",
   "1189": "TERRUGGIA",
   "1190": "TERZO",
   "1191": "TICINETO",
   "1192": "TORTONA",
   "1193": "TREVILLE",
   "1194": "TRISOBBIO",
   "1195": "VALENZA",
   "1196": "VALMACCA",
   "1197": "VIGNALE MONFERRATO",
   "1198": "VIGNOLE BORBERA",
   "1199": "VIGUZZOLO",
   "1200": "VILLADEATI",
   "1201": "VILLALVERNIA",
   "1202": "VILLAMIROGLIO",
   "1203": "VILLANOVA MONFERRATO",
   "1204": "VILLAROMAGNANO",
   "1205": "VISONE",
   "1206": "VOLPEDO",
   "1207": "VOLPEGLINO",
   "1208": "VOLTAGGIO"
}