{
   "AGAZZANO": 0,
   "ALSENO": 1,
   "BESENZONE": 2,
   "BETTOLA": 3,
   "BOBBIO": 4,
   "BORGONOVO VAL TIDONE": 5,
   "CADEO": 6,
   "CALENDASCO": 7,
   "CAMINATA": 8,
   "CAORSO": 9,
   "CARPANETO PIACENTINO": 10,
   "CASTELL'ARQUATO": 11,
   "CASTEL SAN GIOVANNI": 12,
   "CASTELVETRO PIACENTINO": 13,
   "CERIGNALE": 14,
   "COLI": 15,
   "CORTE BRUGNATELLA": 16,
   "CORTEMAGGIORE": 17,
   "FARINI": 18,
   "FERRIERE": 19,
   "FIORENZUOLA D'ARDA": 20,
   "GAZZOLA": 21,
   "GOSSOLENGO": 22,
   "GRAGNANO TREBBIENSE": 23,
   "GROPPARELLO": 24,
   "LUGAGNANO VAL D'ARDA": 25,
   "MONTICELLI D'ONGINA": 26,
   "MORFASSO": 27,
   "NIBBIANO": 28,
   "OTTONE": 29,
   "PECORARA": 30,
   "PIACENZA": 31,
   "PIANELLO VAL TIDONE": 32,
   "PIOZZANO": 33,
   "PODENZANO": 34,
   "PONTE DELL'OLIO": 35,
   "PONTENURE": 36,
   "RIVERGARO": 37,
   "ROTTOFRENO": 38,
   "SAN GIORGIO PIACENTINO": 39,
   "SAN PIETRO IN CERRO": 40,
   "SARMATO": 41,
   "TRAVO": 42,
   "VERNASCA": 43,
   "VIGOLZONE": 44,
   "VILLANOVA SULL'ARDA": 45,
   "ZERBA": 46,
   "ZIANO PIACENTINO": 47,
   "ALBARETO": 48,
   "BARDI": 49,
   "BEDONIA": 50,
   "BERCETO": 51,
   "BORE": 52,
   "BORGO VAL DI TARO": 53,
   "BUSSETO": 54,
   "CALESTANO": 55,
   "COLLECCHIO": 56,
   "COLORNO": 57,
   "COMPIANO": 58,
   "CORNIGLIO": 59,
   "FELINO": 60,
   "FIDENZA": 61,
   "FONTANELLATO": 62,
   "FONTEVIVO": 63,
   "FORNOVO DI TARO": 64,
   "LANGHIRANO": 65,
   "LESIGNANO DE'BAGNI": 66,
   "MEDESANO": 67,
   "MEZZANI": 68,
   "MONCHIO DELLE CORTI": 69,
   "MONTECHIARUGOLO": 70,
   "NEVIANO DEGLI ARDUINI": 71,
   "NOCETO": 72,
   "PALANZANO": 73,
   "PARMA": 74,
   "PELLEGRINO PARMENSE": 75,
   "POLESINE PARMENSE": 76,
   "ROCCABIANCA": 77,
   "SALA BAGANZA": 78,
   "SALSOMAGGIORE TERME": 79,
   "SAN SECONDO PARMENSE": 80,
   "SISSA": 81,
   "SOLIGNANO": 82,
   "SORAGNA": 83,
   "SORBOLO": 84,
   "TERENZO": 85,
   "TIZZANO VAL PARMA": 86,
   "TORNOLO": 87,
   "TORRILE": 88,
   "TRAVERSETOLO": 89,
   "TRECASALI": 90,
   "VALMOZZOLA": 91,
   "VARANO DE' MELEGARI": 92,
   "VARSI": 93,
   "ZIBELLO": 94,
   "ALBINEA": 95,
   "BAGNOLO IN PIANO": 96,
   "BAISO": 97,
   "BIBBIANO": 98,
   "BORETTO": 99,
   "BRESCELLO": 100,
   "BUSANA": 101,
   "CADELBOSCO DI SOPRA": 102,
   "CAMPAGNOLA EMILIA": 103,
   "CAMPEGINE": 104,
   "CARPINETI": 105,
   "CASALGRANDE": 106,
   "CASINA": 107,
   "CASTELLARANO": 108,
   "CASTELNOVO DI SOTTO": 109,
   "CASTELNOVO NE' MONTI": 110,
   "CAVRIAGO": 111,
   "CIANO D'ENZA": 112,
   "COLLAGNA": 113,
   "CORREGGIO": 114,
   "FABBRICO": 115,
   "GATTATICO": 116,
   "GUALTIERI": 117,
   "GUASTALLA": 118,
   "LIGONCHIO": 119,
   "LUZZARA": 120,
   "MONTECCHIO EMILIA": 121,
   "NOVELLARA": 122,
   "POVIGLIO": 123,
   "QUATTRO CASTELLA": 124,
   "RAMISETO": 125,
   "REGGIOLO": 126,
   "REGGIO NELL'EMILIA": 127,
   "RIO SALICETO": 128,
   "ROLO": 129,
   "RUBIERA": 130,
   "SAN MARTINO IN RIO": 131,
   "SAN POLO D'ENZA": 132,
   "SANT'ILARIO D'ENZA": 133,
   "SCANDIANO": 134,
   "TOANO": 135,
   "VETTO": 136,
   "VEZZANO SUL CROSTOLO": 137,
   "VIANO": 138,
   "VILLA MINOZZO": 139,
   "BASTIGLIA": 140,
   "BOMPORTO": 141,
   "CAMPOGALLIANO": 142,
   "CAMPOSANTO": 143,
   "CARPI": 144,
   "CASTELFRANCO EMILIA": 145,
   "CASTELNUOVO RANGONE": 146,
   "CASTELVETRO DI MODENA": 147,
   "CAVEZZO": 148,
   "CONCORDIA SULLA SECCHIA": 149,
   "FANANO": 150,
   "FINALE EMILIA": 151,
   "FIORANO MODENESE": 152,
   "FIUMALBO": 153,
   "FORMIGINE": 154,
   "FRASSINORO": 155,
   "GUIGLIA": 156,
   "LAMA MOCOGNO": 157,
   "MARANELLO": 158,
   "MARANO SUL PANARO": 159,
   "MEDOLLA": 160,
   "MIRANDOLA": 161,
   "MODENA": 162,
   "MONTECRETO": 163,
   "MONTEFIORINO": 164,
   "MONTESE": 165,
   "NONANTOLA": 166,
   "NOVI DI MODENA": 167,
   "PALAGANO": 168,
   "PAVULLO NEL FRIGNANO": 169,
   "PIEVEPELAGO": 170,
   "POLINAGO": 171,
   "PRIGNANO SULLA SECCHIA": 172,
   "RAVARINO": 173,
   "RIOLUNATO": 174,
   "SAN CESARIO SUL PANARO": 175,
   "SAN FELICE SUL PANARO": 176,
   "SAN POSSIDONIO": 177,
   "SAN PROSPERO": 178,
   "SASSUOLO": 179,
   "SAVIGNANO SUL PANARO": 180,
   "SERRAMAZZONI": 181,
   "SESTOLA": 182,
   "SOLIERA": 183,
   "SPILAMBERTO": 184,
   "VIGNOLA": 185,
   "ZOCCA": 186,
   "ANZOLA DELL'EMILIA": 187,
   "ARGELATO": 188,
   "BARICELLA": 189,
   "BAZZANO": 190,
   "BENTIVOGLIO": 191,
   "BOLOGNA": 192,
   "BORGO TOSSIGNANO": 193,
   "BUDRIO": 194,
   "CALDERARA DI RENO": 195,
   "CAMUGNANO": 196,
   "CASALECCHIO DI RENO": 197,
   "CASALFIUMANESE": 198,
   "CASTEL D'AIANO": 199,
   "CASTEL DEL RIO": 200,
   "CASTEL DI CASIO": 201,
   "CASTEL GUELFO DI BOLOGNA": 202,
   "CASTELLO D'ARGILE": 203,
   "CASTELLO DI SERRAVALLE": 204,
   "CASTEL MAGGIORE": 205,
   "CASTEL SAN PIETRO TERME": 206,
   "CASTENASO": 207,
   "CASTIGLIONE DEI PEPOLI": 208,
   "CRESPELLANO": 209,
   "CREVALCORE": 210,
   "DOZZA": 211,
   "FONTANELICE": 212,
   "GAGGIO MONTANO": 213,
   "GALLIERA": 214,
   "GRANAGLIONE": 215,
   "GRANAROLO DELL'EMILIA": 216,
   "GRIZZANA MORANDI": 217,
   "IMOLA": 218,
   "LIZZANO IN BELVEDERE": 219,
   "LOIANO": 220,
   "MALALBERGO": 221,
   "MARZABOTTO": 222,
   "MEDICINA": 223,
   "MINERBIO": 224,
   "MOLINELLA": 225,
   "MONGHIDORO": 226,
   "MONTERENZIO": 227,
   "MONTE SAN PIETRO": 228,
   "MONTEVEGLIO": 229,
   "MONZUNO": 230,
   "MORDANO": 231,
   "OZZANO DELL'EMILIA": 232,
   "PIANORO": 233,
   "PIEVE DI CENTO": 234,
   "PORRETTA TERME": 235,
   "SALA BOLOGNESE": 236,
   "SAN BENEDETTO VAL DI SAMBRO": 237,
   "SAN GIORGIO DI PIANO": 238,
   "SAN GIOVANNI IN PERSICETO": 239,
   "SAN LAZZARO DI SAVENA": 240,
   "SAN PIETRO IN CASALE": 241,
   "SANT'AGATA BOLOGNESE": 242,
   "SASSO MARCONI": 243,
   "SAVIGNO": 244,
   "VERGATO": 245,
   "ZOLA PREDOSA": 246,
   "ARGENTA": 247,
   "BERRA": 248,
   "BONDENO": 249,
   "CENTO": 250,
   "CODIGORO": 251,
   "COMACCHIO": 252,
   "COPPARO": 253,
   "FERRARA": 254,
   "FORMIGNANA": 255,
   "JOLANDA DI SAVOIA": 256,
   "LAGOSANTO": 257,
   "MASI TORELLO": 258,
   "MASSA FISCAGLIA": 259,
   "MESOLA": 260,
   "MIGLIARINO": 261,
   "MIRABELLO": 262,
   "OSTELLATO": 263,
   "POGGIO RENATICO": 264,
   "PORTOMAGGIORE": 265,
   "RO": 266,
   "SANT'AGOSTINO": 267,
   "VIGARANO MAINARDA": 268,
   "VOGHIERA": 269,
   "TRESIGALLO": 270,
   "GORO": 271,
   "MIGLIARO": 272,
   "ALFONSINE": 273,
   "BAGNACAVALLO": 274,
   "BAGNARA DI ROMAGNA": 275,
   "BRISIGHELLA": 276,
   "CASOLA VALSENIO": 277,
   "CASTEL BOLOGNESE": 278,
   "CERVIA": 279,
   "CONSELICE": 280,
   "COTIGNOLA": 281,
   "FAENZA": 282,
   "FUSIGNANO": 283,
   "LUGO": 284,
   "MASSA LOMBARDA": 285,
   "RAVENNA": 286,
   "RIOLO TERME": 287,
   "RUSSI": 288,
   "SANT'AGATA SUL SANTERNO": 289,
   "SOLAROLO": 290,
   "BAGNO DI ROMAGNA": 291,
   "BELLARIA-IGEA MARINA": 292,
   "BERTINORO": 293,
   "BORGHI": 294,
   "CASTROCARO TERME E TERRA DEL SOLE": 295,
   "CATTOLICA": 296,
   "CESENA": 297,
   "CESENATICO": 298,
   "CIVITELLA DI ROMAGNA": 299,
   "CORIANO": 300,
   "DOVADOLA": 301,
   "FORLI'": 302,
   "FORLIMPOPOLI": 303,
   "GALEATA": 304,
   "GAMBETTOLA": 305,
   "GATTEO": 306,
   "GEMMANO": 307,
   "LONGIANO": 308,
   "MELDOLA": 309,
   "MERCATO SARACENO": 310,
   "MISANO ADRIATICO": 311,
   "MODIGLIANA": 312,
   "MONDAINO": 313,
   "MONTE COLOMBO": 314,
   "MONTEFIORE CONCA": 315,
   "MONTEGRIDOLFO": 316,
   "MONTESCUDO": 317,
   "MONTIANO": 318,
   "MORCIANO DI ROMAGNA": 319,
   "POGGIO BERNI": 320,
   "PORTICO E SAN BENEDETTO": 321,
   "PREDAPPIO": 322,
   "PREMILCUORE": 323,
   "RICCIONE": 324,
   "RIMINI": 325,
   "ROCCA SAN CASCIANO": 326,
   "RONCOFREDDO": 327,
   "SALUDECIO": 328,
   "SAN CLEMENTE": 329,
   "SAN GIOVANNI IN MARIGNANO": 330,
   "SAN MAURO PASCOLI": 331,
   "SANTARCANGELO DI ROMAGNA": 332,
   "SANTA SOFIA": 333,
   "SARSINA": 334,
   "SAVIGNANO SUL RUBICONE": 335,
   "SOGLIANO AL RUBICONE": 336,
   "TORRIANA": 337,
   "TREDOZIO": 338,
   "VERGHERETO": 339,
   "VERUCCHIO": 340
}