{
   "0": "ABRIOLA",
   "1": "ACERENZA",
   "2": "ALBANO DI LUCANIA",
   "3": "ANZI",
   "4": "ARMENTO",
   "5": "ATELLA",
   "6": "AVIGLIANO",
   "7": "BALVANO",
   "8": "BANZI",
   "9": "BARAGIANO",
   "10": "BARILE",
   "11": "BELLA",
   "12": "BRIENZA",
   "13": "BRINDISI MONTAGNA",
   "14": "CALVELLO",
   "15": "CALVERA",
   "16": "CAMPOMAGGIORE",
   "17": "CANCELLARA",
   "18": "CARBONE",
   "19": "SAN PAOLO ALBANESE",
   "20": "CASTELGRANDE",
   "21": "CASTELLUCCIO INFERIORE",
   "22": "CASTELLUCCIO SUPERIORE",
   "23": "CASTELMEZZANO",
   "24": "CASTELSARACENO",
   "25": "CASTRONUOVO DI SANT'ANDREA",
   "26": "CERSOSIMO",
   "27": "CHIAROMONTE",
   "28": "CORLETO PERTICARA",
   "29": "EPISCOPIA",
   "30": "FARDELLA",
   "31": "FILIANO",
   "32": "FORENZA",
   "33": "FRANCAVILLA IN SINNI",
   "34": "GALLICCHIO",
   "35": "GENZANO DI LUCANIA",
   "36": "GRUMENTO NOVA",
   "37": "GUARDIA PERTICARA",
   "38": "LAGONEGRO",
   "39": "LATRONICO",
   "40": "LAURENZANA",
   "41": "LAURIA",
   "42": "LAVELLO",
   "43": "MARATEA",
   "44": "MARSICO NUOVO",
   "45": "MARSICOVETERE",
   "46": "MASCHITO",
   "47": "MELFI",
   "48": "MISSANELLO",
   "49": "MOLITERNO",
   "50": "MONTEMILONE",
   "51": "MONTEMURRO",
   "52": "MURO LUCANO",
   "53": "NEMOLI",
   "54": "NOEPOLI",
   "55": "OPPIDO LUCANO",
   "56": "PALAZZO SAN GERVASIO",
   "57": "PESCOPAGANO",
   "58": "PICERNO",
   "59": "PIETRAGALLA",
   "60": "PIETRAPERTOSA",
   "61": "PIGNOLA",
   "62": "POTENZA",
   "63": "RAPOLLA",
   "64": "RAPONE",
   "65": "RIONERO IN VULTURE",
   "66": "RIPACANDIDA",
   "67": "RIVELLO",
   "68": "ROCCANOVA",
   "69": "ROTONDA",
   "70": "RUOTI",
   "71": "RUVO DEL MONTE",
   "72": "SAN CHIRICO NUOVO",
   "73": "SAN CHIRICO RAPARO",
   "74": "SAN COSTANTINO ALBANESE",
   "75": "SAN FELE",
   "76": "SAN MARTINO D'AGRI",
   "77": "SAN SEVERINO LUCANO",
   "78": "SANT'ANGELO LE FRATTE",
   "79": "SANT'ARCANGELO",
   "80": "SARCONI",
   "81": "SASSO DI CASTALDA",
   "82": "SATRIANO DI LUCANIA",
   "83": "SAVOIA DI LUCANIA",
   "84": "SENISE",
   "85": "SPINOSO",
   "86": "TEANA",
   "87": "TERRANOVA DI POLLINO",
   "88": "TITO",
   "89": "TOLVE",
   "90": "TRAMUTOLA",
   "91": "TRECCHINA",
   "92": "TRIVIGNO",
   "93": "VAGLIO BASILICATA",
   "94": "VENOSA",
   "95": "VIETRI DI POTENZA",
   "96": "VIGGIANELLO",
   "97": "VIGGIANO",
   "98": "GINESTRA",
   "99": "PATERNO",
   "100": "ACCETTURA",
   "101": "ALIANO",
   "102": "BERNALDA",
   "103": "CALCIANO",
   "104": "CIRIGLIANO",
   "105": "COLOBRARO",
   "106": "CRACO",
   "107": "FERRANDINA",
   "108": "GARAGUSO",
   "109": "GORGOGLIONE",
   "110": "GRASSANO",
   "111": "GROTTOLE",
   "112": "IRSINA",
   "113": "MATERA",
   "114": "MIGLIONICO",
   "115": "MONTALBANO JONICO",
   "116": "MONTESCAGLIOSO",
   "117": "NOVA SIRI",
   "118": "OLIVETO LUCANO",
   "119": "PISTICCI",
   "120": "POLICORO",
   "121": "POMARICO",
   "122": "ROTONDELLA",
   "123": "SALANDRA",
   "124": "SAN GIORGIO LUCANO",
   "125": "SAN MAURO FORTE",
   "126": "STIGLIANO",
   "127": "TRICARICO",
   "128": "TURSI",
   "129": "VALSINNI",
   "130": "SCANZANO JONICO"
}