{
   "ABRIOLA": 0,
   "ACERENZA": 1,
   "ALBANO DI LUCANIA": 2,
   "ANZI": 3,
   "ARMENTO": 4,
   "ATELLA": 5,
   "AVIGLIANO": 6,
   "BALVANO": 7,
   "BANZI": 8,
   "BARAGIANO": 9,
   "BARILE": 10,
   "BELLA": 11,
   "BRIENZA": 12,
   "BRINDISI MONTAGNA": 13,
   "CALVELLO": 14,
   "CALVERA": 15,
   "CAMPOMAGGIORE": 16,
   "CANCELLARA": 17,
   "CARBONE": 18,
   "SAN PAOLO ALBANESE": 19,
   "CASTELGRANDE": 20,
   "CASTELLUCCIO INFERIORE": 21,
   "CASTELLUCCIO SUPERIORE": 22,
   "CASTELMEZZANO": 23,
   "CASTELSARACENO": 24,
   "CASTRONUOVO DI SANT'ANDREA": 25,
   "CERSOSIMO": 26,
   "CHIAROMONTE": 27,
   "CORLETO PERTICARA": 28,
   "EPISCOPIA": 29,
   "FARDELLA": 30,
   "FILIANO": 31,
   "FORENZA": 32,
   "FRANCAVILLA IN SINNI": 33,
   "GALLICCHIO": 34,
   "GENZANO DI LUCANIA": 35,
   "GRUMENTO NOVA": 36,
   "GUARDIA PERTICARA": 37,
   "LAGONEGRO": 38,
   "LATRONICO": 39,
   "LAURENZANA": 40,
   "LAURIA": 41,
   "LAVELLO": 42,
   "MARATEA": 43,
   "MARSICO NUOVO": 44,
   "MARSICOVETERE": 45,
   "MASCHITO": 46,
   "MELFI": 47,
   "MISSANELLO": 48,
   "MOLITERNO": 49,
   "MONTEMILONE": 50,
   "MONTEMURRO": 51,
   "MURO LUCANO": 52,
   "NEMOLI": 53,
   "NOEPOLI": 54,
   "OPPIDO LUCANO": 55,
   "PALAZZO SAN GERVASIO": 56,
   "PESCOPAGANO": 57,
   "PICERNO": 58,
   "PIETRAGALLA": 59,
   "PIETRAPERTOSA": 60,
   "PIGNOLA": 61,
   "POTENZA": 62,
   "RAPOLLA": 63,
   "RAPONE": 64,
   "RIONERO IN VULTURE": 65,
   "RIPACANDIDA": 66,
   "RIVELLO": 67,
   "ROCCANOVA": 68,
   "ROTONDA": 69,
   "RUOTI": 70,
   "RUVO DEL MONTE": 71,
   "SAN CHIRICO NUOVO": 72,
   "SAN CHIRICO RAPARO": 73,
   "SAN COSTANTINO ALBANESE": 74,
   "SAN FELE": 75,
   "SAN MARTINO D'AGRI": 76,
   "SAN SEVERINO LUCANO": 77,
   "SANT'ANGELO LE FRATTE": 78,
   "SANT'ARCANGELO": 79,
   "SARCONI": 80,
   "SASSO DI CASTALDA": 81,
   "SATRIANO DI LUCANIA": 82,
   "SAVOIA DI LUCANIA": 83,
   "SENISE": 84,
   "SPINOSO": 85,
   "TEANA": 86,
   "TERRANOVA DI POLLINO": 87,
   "TITO": 88,
   "TOLVE": 89,
   "TRAMUTOLA": 90,
   "TRECCHINA": 91,
   "TRIVIGNO": 92,
   "VAGLIO BASILICATA": 93,
   "VENOSA": 94,
   "VIETRI DI POTENZA": 95,
   "VIGGIANELLO": 96,
   "VIGGIANO": 97,
   "GINESTRA": 98,
   "PATERNO": 99,
   "ACCETTURA": 100,
   "ALIANO": 101,
   "BERNALDA": 102,
   "CALCIANO": 103,
   "CIRIGLIANO": 104,
   "COLOBRARO": 105,
   "CRACO": 106,
   "FERRANDINA": 107,
   "GARAGUSO": 108,
   "GORGOGLIONE": 109,
   "GRASSANO": 110,
   "GROTTOLE": 111,
   "IRSINA": 112,
   "MATERA": 113,
   "MIGLIONICO": 114,
   "MONTALBANO JONICO": 115,
   "MONTESCAGLIOSO": 116,
   "NOVA SIRI": 117,
   "OLIVETO LUCANO": 118,
   "PISTICCI": 119,
   "POLICORO": 120,
   "POMARICO": 121,
   "ROTONDELLA": 122,
   "SALANDRA": 123,
   "SAN GIORGIO LUCANO": 124,
   "SAN MAURO FORTE": 125,
   "STIGLIANO": 126,
   "TRICARICO": 127,
   "TURSI": 128,
   "VALSINNI": 129,
   "SCANZANO JONICO": 130
}