{
   "0": "AGGIUS",
   "1": "ALA' DEI SARDI",
   "2": "ALGHERO",
   "3": "ANELA",
   "4": "ARDARA",
   "5": "ARZACHENA",
   "6": "BANARI",
   "7": "BENETUTTI",
   "8": "BERCHIDDA",
   "9": "BESSUDE",
   "10": "BONNANARO",
   "11": "BONO",
   "12": "BONORVA",
   "13": "BORTIGIADAS",
   "14": "BORUTTA",
   "15": "BOTTIDDA",
   "16": "BUDDUSO'",
   "17": "BULTEI",
   "18": "BULZI",
   "19": "BURGOS",
   "20": "CALANGIANUS",
   "21": "CARGEGHE",
   "22": "CASTELSARDO",
   "23": "CHEREMULE",
   "24": "CHIARAMONTI",
   "25": "CODRONGIANOS",
   "26": "COSSOINE",
   "27": "ESPORLATU",
   "28": "FLORINAS",
   "29": "GIAVE",
   "30": "ILLORAI",
   "31": "ITTIREDDU",
   "32": "ITTIRI",
   "33": "LAERRU",
   "34": "LA MADDALENA",
   "35": "LUOGOSANTO",
   "36": "LURAS",
   "37": "MARA",
   "38": "MARTIS",
   "39": "MONTELEONE ROCCA DORIA",
   "40": "MONTI",
   "41": "MORES",
   "42": "MUROS",
   "43": "NUGHEDU DI SAN NICOLO'",
   "44": "NULE",
   "45": "NULVI",
   "46": "OLBIA",
   "47": "OLMEDO",
   "48": "OSCHIRI",
   "49": "OSILO",
   "50": "OSSI",
   "51": "OZIERI",
   "52": "PADRIA",
   "53": "PALAU",
   "54": "PATTADA",
   "55": "PERFUGAS",
   "56": "PLOAGHE",
   "57": "PORTO TORRES",
   "58": "POZZOMAGGIORE",
   "59": "PUTIFIGARI",
   "60": "ROMANA",
   "61": "AGLIENTU",
   "62": "SANTA TERESA  GALLURA",
   "63": "SASSARI",
   "64": "SEDINI",
   "65": "SEMESTENE",
   "66": "SENNORI",
   "67": "SILIGO",
   "68": "SORSO",
   "69": "TEMPIO PAUSANIA",
   "70": "THIESI",
   "71": "TISSI",
   "72": "TORRALBA",
   "73": "TRINITA' D'AGULTU E VIGNOLA",
   "74": "TULA",
   "75": "URI",
   "76": "USINI",
   "77": "VILLANOVA MONTELEONE",
   "78": "VALLEDORIA",
   "79": "TELTI",
   "80": "BADESI",
   "81": "VIDDALBA",
   "82": "GOLFO ARANCI",
   "83": "LOIRI PORTO SAN PAOLO",
   "84": "SANT'ANTONIO DI GALLURA",
   "85": "TERGU",
   "86": "SANTA MARIA COGHINAS",
   "87": "ERULA",
   "88": "STINTINO",
   "89": "ARITZO",
   "90": "ARZANA",
   "91": "ATZARA",
   "92": "AUSTIS",
   "93": "BARI SARDO",
   "94": "BAUNEI",
   "95": "BELVI",
   "96": "BIRORI",
   "97": "BITTI",
   "98": "BOLOTANA",
   "99": "BORORE",
   "100": "BORTIGALI",
   "101": "BOSA",
   "102": "BUDONI",
   "103": "DESULO",
   "104": "DORGALI",
   "105": "DUALCHI",
   "106": "ELINI",
   "107": "ESCALAPLANO",
   "108": "ESCOLCA",
   "109": "ESTERZILI",
   "110": "FLUSSIO",
   "111": "FONNI",
   "112": "GADONI",
   "113": "GAIRO",
   "114": "GALTELLI",
   "115": "GAVOI",
   "116": "GENONI",
   "117": "GERGEI",
   "118": "GIRASOLE",
   "119": "ILBONO",
   "120": "IRGOLI",
   "121": "ISILI",
   "122": "JERZU",
   "123": "LACONI",
   "124": "LANUSEI",
   "125": "LEI",
   "126": "LOCERI",
   "127": "LOCULI",
   "128": "LODE'",
   "129": "LOTZORAI",
   "130": "LULA",
   "131": "MACOMER",
   "132": "MAGOMADAS",
   "133": "MAMOIADA",
   "134": "MEANA SARDO",
   "135": "MODOLO",
   "136": "MONTRESTA",
   "137": "NORAGUGUME",
   "138": "NUORO",
   "139": "NURAGUS",
   "140": "NURALLAO",
   "141": "NURRI",
   "142": "OLIENA",
   "143": "OLLOLAI",
   "144": "OLZAI",
   "145": "ONANI",
   "146": "ONIFAI",
   "147": "ONIFERI",
   "148": "ORANI",
   "149": "ORGOSOLO",
   "150": "OROSEI",
   "151": "OROTELLI",
   "152": "ORROLI",
   "153": "ORTUERI",
   "154": "ORUNE",
   "155": "OSIDDA",
   "156": "OSINI",
   "157": "OTTANA",
   "158": "OVODDA",
   "159": "PERDASDEFOGU",
   "160": "POSADA",
   "161": "SADALI",
   "162": "SAGAMA",
   "163": "SAN TEODORO",
   "164": "SARULE",
   "165": "SERRI",
   "166": "SEUI",
   "167": "SEULO",
   "168": "SILANUS",
   "169": "SINDIA",
   "170": "SINISCOLA",
   "171": "SORGONO",
   "172": "SUNI",
   "173": "TALANA",
   "174": "TERTENIA",
   "175": "TETI",
   "176": "TIANA",
   "177": "TINNURA",
   "178": "TONARA",
   "179": "TORPE'",
   "180": "TORTOLI'",
   "181": "TRIEI",
   "182": "ULASSAI",
   "183": "URZULEI",
   "184": "USSASSAI",
   "185": "VILLAGRANDE STRISAILI",
   "186": "VILLANOVA TULO",
   "187": "CARDEDU",
   "188": "LODINE",
   "189": "ARBUS",
   "190": "ARMUNGIA",
   "191": "ASSEMINI",
   "192": "BALLAO",
   "193": "BARRALI",
   "194": "BARUMINI",
   "195": "BUGGERRU",
   "196": "BURCEI",
   "197": "CAGLIARI",
   "198": "CALASETTA",
   "199": "CAPOTERRA",
   "200": "CARBONIA",
   "201": "CARLOFORTE",
   "202": "COLLINAS",
   "203": "DECIMOMANNU",
   "204": "DECIMOPUTZU",
   "205": "DOLIANOVA",
   "206": "DOMUS DE MARIA",
   "207": "DOMUSNOVAS",
   "208": "DONORI'",
   "209": "FLUMINIMAGGIORE",
   "210": "FURTEI",
   "211": "GENURI",
   "212": "GESICO",
   "213": "GESTURI",
   "214": "GIBA",
   "215": "GONI",
   "216": "GONNESA",
   "217": "GONNOSFANADIGA",
   "218": "GUAMAGGIORE",
   "219": "GUASILA",
   "220": "GUSPINI",
   "221": "IGLESIAS",
   "222": "LAS PLASSAS",
   "223": "LUNAMATRONA",
   "224": "MANDAS",
   "225": "MARACALAGONIS",
   "226": "MONASTIR",
   "227": "MURAVERA",
   "228": "MUSEI",
   "229": "NARCAO",
   "230": "NURAMINIS",
   "231": "NUXIS",
   "232": "ORTACESUS",
   "233": "PABILLONIS",
   "234": "PAULI ARBAREI",
   "235": "PERDAXIUS",
   "236": "PIMENTEL",
   "237": "PORTOSCUSO",
   "238": "PULA",
   "239": "QUARTU SANT'ELENA",
   "240": "SAMASSI",
   "241": "SAMATZAI",
   "242": "SAN BASILIO",
   "243": "SAN GAVINO MONREALE",
   "244": "SAN GIOVANNI SUERGIU",
   "245": "SANLURI",
   "246": "SAN NICOLO' GERREI",
   "247": "SAN SPERATE",
   "248": "SANTADI",
   "249": "SANT'ANDREA FRIUS",
   "250": "SANT'ANNA ARRESI",
   "251": "SANT'ANTIOCO",
   "252": "SAN VITO",
   "253": "SARDARA",
   "254": "SARROCH",
   "255": "SEGARIU",
   "256": "SELARGIUS",
   "257": "SELEGAS",
   "258": "SENORBI'",
   "259": "SERDIANA",
   "260": "SERRAMANNA",
   "261": "SERRENTI",
   "262": "SESTU",
   "263": "SETTIMO SAN PIETRO",
   "264": "SETZU",
   "265": "SIDDI",
   "266": "SILIQUA",
   "267": "SILIUS",
   "268": "SINNAI",
   "269": "SIURGUS DONIGALA",
   "270": "SOLEMINIS",
   "271": "SUELLI",
   "272": "TEULADA",
   "273": "TRATALIAS",
   "274": "TUILI",
   "275": "TURRI",
   "276": "USSANA",
   "277": "USSARAMANNA",
   "278": "UTA",
   "279": "VALLERMOSA",
   "280": "VILLACIDRO",
   "281": "VILLAMAR",
   "282": "VILLAMASSARGIA",
   "283": "VILLANOVAFORRU",
   "284": "VILLANOVAFRANCA",
   "285": "VILLAPUTZU",
   "286": "VILLASALTO",
   "287": "VILLA SAN PIETRO",
   "288": "VILLASIMIUS",
   "289": "VILLASOR",
   "290": "VILLASPECIOSA",
   "291": "MASAINAS",
   "292": "VILLAPERUCCIO",
   "293": "QUARTUCCIU",
   "294": "CASTIADAS",
   "295": "PISCINAS",
   "296": "ELMAS",
   "297": "ABBASANTA",
   "298": "AIDOMAGGIORE",
   "299": "ALBAGIARA",
   "300": "ALES",
   "301": "ALLAI",
   "302": "ARBOREA",
   "303": "ARDAULI",
   "304": "ASSOLO",
   "305": "ASUNI",
   "306": "BARADILI",
   "307": "BARATILI SAN PIETRO",
   "308": "BARESSA",
   "309": "BAULADU",
   "310": "BIDONI'",
   "311": "BONARCADO",
   "312": "BORONEDDU",
   "313": "BUSACHI",
   "314": "CABRAS",
   "315": "CUGLIERI",
   "316": "FORDONGIANUS",
   "317": "GHILARZA",
   "318": "GONNOSCODINA",
   "319": "GONNOSNO'",
   "320": "GONNOSTRAMATZA",
   "321": "MARRUBIU",
   "322": "MASULLAS",
   "323": "MILIS",
   "324": "MOGORELLA",
   "325": "MOGORO",
   "326": "MORGONGIORI",
   "327": "NARBOLIA",
   "328": "NEONELI",
   "329": "NORBELLO",
   "330": "NUGHEDU SANTA VITTORIA",
   "331": "NURACHI",
   "332": "NURECI",
   "333": "OLLASTRA SIMAXIS",
   "334": "ORISTANO",
   "335": "PALMAS ARBOREA",
   "336": "PAU",
   "337": "PAULILATINO",
   "338": "POMPU",
   "339": "RIOLA SARDO",
   "340": "RUINAS",
   "341": "SAMUGHEO",
   "342": "SAN NICOLO' D'ARCIDANO",
   "343": "SANTA GIUSTA",
   "344": "VILLA SANT'ANTONIO",
   "345": "SANTU LUSSURGIU",
   "346": "SAN VERO MILIS",
   "347": "SCANO DI MONTIFERRO",
   "348": "SEDILO",
   "349": "SENEGHE",
   "350": "SENIS",
   "351": "SENNARIOLO",
   "352": "SIAMAGGIORE",
   "353": "SIAMANNA",
   "354": "SIMALA",
   "355": "SIMAXIS",
   "356": "SINI",
   "357": "SIRIS",
   "358": "SOLARUSSA",
   "359": "SORRADILE",
   "360": "TADASUNI",
   "361": "TERRALBA",
   "362": "TRAMATZA",
   "363": "TRESNURAGHES",
   "364": "ULA' TIRSO",
   "365": "URAS",
   "366": "USELLUS",
   "367": "VILLANOVA TRUSCHEDU",
   "368": "VILLAURBANA",
   "369": "VILLA VERDE",
   "370": "ZEDDIANI",
   "371": "ZERFALIU",
   "372": "SIAPICCIA",
   "373": "CURCURIS",
   "374": "SODDI"
}