{
   "AGGIUS": 0,
   "ALA' DEI SARDI": 1,
   "ALGHERO": 2,
   "ANELA": 3,
   "ARDARA": 4,
   "ARZACHENA": 5,
   "BANARI": 6,
   "BENETUTTI": 7,
   "BERCHIDDA": 8,
   "BESSUDE": 9,
   "BONNANARO": 10,
   "BONO": 11,
   "BONORVA": 12,
   "BORTIGIADAS": 13,
   "BORUTTA": 14,
   "BOTTIDDA": 15,
   "BUDDUSO'": 16,
   "BULTEI": 17,
   "BULZI": 18,
   "BURGOS": 19,
   "CALANGIANUS": 20,
   "CARGEGHE": 21,
   "CASTELSARDO": 22,
   "CHEREMULE": 23,
   "CHIARAMONTI": 24,
   "CODRONGIANOS": 25,
   "COSSOINE": 26,
   "ESPORLATU": 27,
   "FLORINAS": 28,
   "GIAVE": 29,
   "ILLORAI": 30,
   "ITTIREDDU": 31,
   "ITTIRI": 32,
   "LAERRU": 33,
   "LA MADDALENA": 34,
   "LUOGOSANTO": 35,
   "LURAS": 36,
   "MARA": 37,
   "MARTIS": 38,
   "MONTELEONE ROCCA DORIA": 39,
   "MONTI": 40,
   "MORES": 41,
   "MUROS": 42,
   "NUGHEDU DI SAN NICOLO'": 43,
   "NULE": 44,
   "NULVI": 45,
   "OLBIA": 46,
   "OLMEDO": 47,
   "OSCHIRI": 48,
   "OSILO": 49,
   "OSSI": 50,
   "OZIERI": 51,
   "PADRIA": 52,
   "PALAU": 53,
   "PATTADA": 54,
   "PERFUGAS": 55,
   "PLOAGHE": 56,
   "PORTO TORRES": 57,
   "POZZOMAGGIORE": 58,
   "PUTIFIGARI": 59,
   "ROMANA": 60,
   "AGLIENTU": 61,
   "SANTA TERESA  GALLURA": 62,
   "SASSARI": 63,
   "SEDINI": 64,
   "SEMESTENE": 65,
   "SENNORI": 66,
   "SILIGO": 67,
   "SORSO": 68,
   "TEMPIO PAUSANIA": 69,
   "THIESI": 70,
   "TISSI": 71,
   "TORRALBA": 72,
   "TRINITA' D'AGULTU E VIGNOLA": 73,
   "TULA": 74,
   "URI": 75,
   "USINI": 76,
   "VILLANOVA MONTELEONE": 77,
   "VALLEDORIA": 78,
   "TELTI": 79,
   "BADESI": 80,
   "VIDDALBA": 81,
   "GOLFO ARANCI": 82,
   "LOIRI PORTO SAN PAOLO": 83,
   "SANT'ANTONIO DI GALLURA": 84,
   "TERGU": 85,
   "SANTA MARIA COGHINAS": 86,
   "ERULA": 87,
   "STINTINO": 88,
   "ARITZO": 89,
   "ARZANA": 90,
   "ATZARA": 91,
   "AUSTIS": 92,
   "BARI SARDO": 93,
   "BAUNEI": 94,
   "BELVI": 95,
   "BIRORI": 96,
   "BITTI": 97,
   "BOLOTANA": 98,
   "BORORE": 99,
   "BORTIGALI": 100,
   "BOSA": 101,
   "BUDONI": 102,
   "DESULO": 103,
   "DORGALI": 104,
   "DUALCHI": 105,
   "ELINI": 106,
   "ESCALAPLANO": 107,
   "ESCOLCA": 108,
   "ESTERZILI": 109,
   "FLUSSIO": 110,
   "FONNI": 111,
   "GADONI": 112,
   "GAIRO": 113,
   "GALTELLI": 114,
   "GAVOI": 115,
   "GENONI": 116,
   "GERGEI": 117,
   "GIRASOLE": 118,
   "ILBONO": 119,
   "IRGOLI": 120,
   "ISILI": 121,
   "JERZU": 122,
   "LACONI": 123,
   "LANUSEI": 124,
   "LEI": 125,
   "LOCERI": 126,
   "LOCULI": 127,
   "LODE'": 128,
   "LOTZORAI": 129,
   "LULA": 130,
   "MACOMER": 131,
   "MAGOMADAS": 132,
   "MAMOIADA": 133,
   "MEANA SARDO": 134,
   "MODOLO": 135,
   "MONTRESTA": 136,
   "NORAGUGUME": 137,
   "NUORO": 138,
   "NURAGUS": 139,
   "NURALLAO": 140,
   "NURRI": 141,
   "OLIENA": 142,
   "OLLOLAI": 143,
   "OLZAI": 144,
   "ONANI": 145,
   "ONIFAI": 146,
   "ONIFERI": 147,
   "ORANI": 148,
   "ORGOSOLO": 149,
   "OROSEI": 150,
   "OROTELLI": 151,
   "ORROLI": 152,
   "ORTUERI": 153,
   "ORUNE": 154,
   "OSIDDA": 155,
   "OSINI": 156,
   "OTTANA": 157,
   "OVODDA": 158,
   "PERDASDEFOGU": 159,
   "POSADA": 160,
   "SADALI": 161,
   "SAGAMA": 162,
   "SAN TEODORO": 163,
   "SARULE": 164,
   "SERRI": 165,
   "SEUI": 166,
   "SEULO": 167,
   "SILANUS": 168,
   "SINDIA": 169,
   "SINISCOLA": 170,
   "SORGONO": 171,
   "SUNI": 172,
   "TALANA": 173,
   "TERTENIA": 174,
   "TETI": 175,
   "TIANA": 176,
   "TINNURA": 177,
   "TONARA": 178,
   "TORPE'": 179,
   "TORTOLI'": 180,
   "TRIEI": 181,
   "ULASSAI": 182,
   "URZULEI": 183,
   "USSASSAI": 184,
   "VILLAGRANDE STRISAILI": 185,
   "VILLANOVA TULO": 186,
   "CARDEDU": 187,
   "LODINE": 188,
   "ARBUS": 189,
   "ARMUNGIA": 190,
   "ASSEMINI": 191,
   "BALLAO": 192,
   "BARRALI": 193,
   "BARUMINI": 194,
   "BUGGERRU": 195,
   "BURCEI": 196,
   "CAGLIARI": 197,
   "CALASETTA": 198,
   "CAPOTERRA": 199,
   "CARBONIA": 200,
   "CARLOFORTE": 201,
   "COLLINAS": 202,
   "DECIMOMANNU": 203,
   "DECIMOPUTZU": 204,
   "DOLIANOVA": 205,
   "DOMUS DE MARIA": 206,
   "DOMUSNOVAS": 207,
   "DONORI'": 208,
   "FLUMINIMAGGIORE": 209,
   "FURTEI": 210,
   "GENURI": 211,
   "GESICO": 212,
   "GESTURI": 213,
   "GIBA": 214,
   "GONI": 215,
   "GONNESA": 216,
   "GONNOSFANADIGA": 217,
   "GUAMAGGIORE": 218,
   "GUASILA": 219,
   "GUSPINI": 220,
   "IGLESIAS": 221,
   "LAS PLASSAS": 222,
   "LUNAMATRONA": 223,
   "MANDAS": 224,
   "MARACALAGONIS": 225,
   "MONASTIR": 226,
   "MURAVERA": 227,
   "MUSEI": 228,
   "NARCAO": 229,
   "NURAMINIS": 230,
   "NUXIS": 231,
   "ORTACESUS": 232,
   "PABILLONIS": 233,
   "PAULI ARBAREI": 234,
   "PERDAXIUS": 235,
   "PIMENTEL": 236,
   "PORTOSCUSO": 237,
   "PULA": 238,
   "QUARTU SANT'ELENA": 239,
   "SAMASSI": 240,
   "SAMATZAI": 241,
   "SAN BASILIO": 242,
   "SAN GAVINO MONREALE": 243,
   "SAN GIOVANNI SUERGIU": 244,
   "SANLURI": 245,
   "SAN NICOLO' GERREI": 246,
   "SAN SPERATE": 247,
   "SANTADI": 248,
   "SANT'ANDREA FRIUS": 249,
   "SANT'ANNA ARRESI": 250,
   "SANT'ANTIOCO": 251,
   "SAN VITO": 252,
   "SARDARA": 253,
   "SARROCH": 254,
   "SEGARIU": 255,
   "SELARGIUS": 256,
   "SELEGAS": 257,
   "SENORBI'": 258,
   "SERDIANA": 259,
   "SERRAMANNA": 260,
   "SERRENTI": 261,
   "SESTU": 262,
   "SETTIMO SAN PIETRO": 263,
   "SETZU": 264,
   "SIDDI": 265,
   "SILIQUA": 266,
   "SILIUS": 267,
   "SINNAI": 268,
   "SIURGUS DONIGALA": 269,
   "SOLEMINIS": 270,
   "SUELLI": 271,
   "TEULADA": 272,
   "TRATALIAS": 273,
   "TUILI": 274,
   "TURRI": 275,
   "USSANA": 276,
   "USSARAMANNA": 277,
   "UTA": 278,
   "VALLERMOSA": 279,
   "VILLACIDRO": 280,
   "VILLAMAR": 281,
   "VILLAMASSARGIA": 282,
   "VILLANOVAFORRU": 283,
   "VILLANOVAFRANCA": 284,
   "VILLAPUTZU": 285,
   "VILLASALTO": 286,
   "VILLA SAN PIETRO": 287,
   "VILLASIMIUS": 288,
   "VILLASOR": 289,
   "VILLASPECIOSA": 290,
   "MASAINAS": 291,
   "VILLAPERUCCIO": 292,
   "QUARTUCCIU": 293,
   "CASTIADAS": 294,
   "PISCINAS": 295,
   "ELMAS": 296,
   "ABBASANTA": 297,
   "AIDOMAGGIORE": 298,
   "ALBAGIARA": 299,
   "ALES": 300,
   "ALLAI": 301,
   "ARBOREA": 302,
   "ARDAULI": 303,
   "ASSOLO": 304,
   "ASUNI": 305,
   "BARADILI": 306,
   "BARATILI SAN PIETRO": 307,
   "BARESSA": 308,
   "BAULADU": 309,
   "BIDONI'": 310,
   "BONARCADO": 311,
   "BORONEDDU": 312,
   "BUSACHI": 313,
   "CABRAS": 314,
   "CUGLIERI": 315,
   "FORDONGIANUS": 316,
   "GHILARZA": 317,
   "GONNOSCODINA": 318,
   "GONNOSNO'": 319,
   "GONNOSTRAMATZA": 320,
   "MARRUBIU": 321,
   "MASULLAS": 322,
   "MILIS": 323,
   "MOGORELLA": 324,
   "MOGORO": 325,
   "MORGONGIORI": 326,
   "NARBOLIA": 327,
   "NEONELI": 328,
   "NORBELLO": 329,
   "NUGHEDU SANTA VITTORIA": 330,
   "NURACHI": 331,
   "NURECI": 332,
   "OLLASTRA SIMAXIS": 333,
   "ORISTANO": 334,
   "PALMAS ARBOREA": 335,
   "PAU": 336,
   "PAULILATINO": 337,
   "POMPU": 338,
   "RIOLA SARDO": 339,
   "RUINAS": 340,
   "SAMUGHEO": 341,
   "SAN NICOLO' D'ARCIDANO": 342,
   "SANTA GIUSTA": 343,
   "VILLA SANT'ANTONIO": 344,
   "SANTU LUSSURGIU": 345,
   "SAN VERO MILIS": 346,
   "SCANO DI MONTIFERRO": 347,
   "SEDILO": 348,
   "SENEGHE": 349,
   "SENIS": 350,
   "SENNARIOLO": 351,
   "SIAMAGGIORE": 352,
   "SIAMANNA": 353,
   "SIMALA": 354,
   "SIMAXIS": 355,
   "SINI": 356,
   "SIRIS": 357,
   "SOLARUSSA": 358,
   "SORRADILE": 359,
   "TADASUNI": 360,
   "TERRALBA": 361,
   "TRAMATZA": 362,
   "TRESNURAGHES": 363,
   "ULA' TIRSO": 364,
   "URAS": 365,
   "USELLUS": 366,
   "VILLANOVA TRUSCHEDU": 367,
   "VILLAURBANA": 368,
   "VILLA VERDE": 369,
   "ZEDDIANI": 370,
   "ZERFALIU": 371,
   "SIAPICCIA": 372,
   "CURCURIS": 373,
   "SODDI": 374
}