{
   "0": "ALLEIN",
   "1": "ANTEY-SAINT-ANDRE'",
   "2": "AOSTA",
   "3": "ARNAD",
   "4": "ARVIER",
   "5": "AVISE",
   "6": "AYAS",
   "7": "AYMAVILLES",
   "8": "BARD",
   "9": "BIONAZ",
   "10": "BRISSOGNE",
   "11": "BRUSSON",
   "12": "CHALLAND-SAINT-ANSELME",
   "13": "CHALLAND-SAINT-VICTOR",
   "14": "CHAMBAVE",
   "15": "CHAMOIS",
   "16": "CHAMPDEPRAZ",
   "17": "CHAMPORCHER",
   "18": "CHARVENSOD",
   "19": "CHATILLON",
   "20": "COGNE",
   "21": "COURMAYEUR",
   "22": "DONNAS",
   "23": "DOUES",
   "24": "EMARESE",
   "25": "ETROUBLES",
   "26": "FENIS",
   "27": "FONTAINEMORE",
   "28": "GABY",
   "29": "GIGNOD",
   "30": "GRESSAN",
   "31": "GRESSONEY-LA-TRINITE'",
   "32": "GRESSONEY-SAINT-JEAN",
   "33": "HONE",
   "34": "INTROD",
   "35": "ISSIME",
   "36": "ISSOGNE",
   "37": "JOVENCAN",
   "38": "LA MAGDELEINE",
   "39": "LA SALLE",
   "40": "LA THUILE",
   "41": "LILLIANES",
   "42": "MONTJOVET",
   "43": "MORGEX",
   "44": "NUS",
   "45": "OLLOMONT",
   "46": "OYACE",
   "47": "PERLOZ",
   "48": "POLLEIN",
   "49": "PONTBOSET",
   "50": "PONTEY",
   "51": "PONT-SAINT-MARTIN",
   "52": "PRE'-SAINT-DIDIER",
   "53": "QUART",
   "54": "RHEMES-NOTRE-DAME",
   "55": "RHEMES-SAINT-GEORGES",
   "56": "ROISAN",
   "57": "SAINT-CHRISTOPHE",
   "58": "SAINT-DENIS",
   "59": "SAINT-MARCEL",
   "60": "SAINT-NICOLAS",
   "61": "SAINT-OYEN",
   "62": "SAINT-PIERRE",
   "63": "SAINT-RHEMY",
   "64": "SAINT-VINCENT",
   "65": "SARRE",
   "66": "TORGNON",
   "67": "VALGRISENCHE",
   "68": "VALPELLINE",
   "69": "VALSAVARENCHE",
   "70": "VALTOURNENCHE",
   "71": "VERRAYES",
   "72": "VERRES",
   "73": "VILLENEUVE"
}