{
   "ALLEIN": 0,
   "ANTEY-SAINT-ANDRE'": 1,
   "AOSTA": 2,
   "ARNAD": 3,
   "ARVIER": 4,
   "AVISE": 5,
   "AYAS": 6,
   "AYMAVILLES": 7,
   "BARD": 8,
   "BIONAZ": 9,
   "BRISSOGNE": 10,
   "BRUSSON": 11,
   "CHALLAND-SAINT-ANSELME": 12,
   "CHALLAND-SAINT-VICTOR": 13,
   "CHAMBAVE": 14,
   "CHAMOIS": 15,
   "CHAMPDEPRAZ": 16,
   "CHAMPORCHER": 17,
   "CHARVENSOD": 18,
   "CHATILLON": 19,
   "COGNE": 20,
   "COURMAYEUR": 21,
   "DONNAS": 22,
   "DOUES": 23,
   "EMARESE": 24,
   "ETROUBLES": 25,
   "FENIS": 26,
   "FONTAINEMORE": 27,
   "GABY": 28,
   "GIGNOD": 29,
   "GRESSAN": 30,
   "GRESSONEY-LA-TRINITE'": 31,
   "GRESSONEY-SAINT-JEAN": 32,
   "HONE": 33,
   "INTROD": 34,
   "ISSIME": 35,
   "ISSOGNE": 36,
   "JOVENCAN": 37,
   "LA MAGDELEINE": 38,
   "LA SALLE": 39,
   "LA THUILE": 40,
   "LILLIANES": 41,
   "MONTJOVET": 42,
   "MORGEX": 43,
   "NUS": 44,
   "OLLOMONT": 45,
   "OYACE": 46,
   "PERLOZ": 47,
   "POLLEIN": 48,
   "PONTBOSET": 49,
   "PONTEY": 50,
   "PONT-SAINT-MARTIN": 51,
   "PRE'-SAINT-DIDIER": 52,
   "QUART": 53,
   "RHEMES-NOTRE-DAME": 54,
   "RHEMES-SAINT-GEORGES": 55,
   "ROISAN": 56,
   "SAINT-CHRISTOPHE": 57,
   "SAINT-DENIS": 58,
   "SAINT-MARCEL": 59,
   "SAINT-NICOLAS": 60,
   "SAINT-OYEN": 61,
   "SAINT-PIERRE": 62,
   "SAINT-RHEMY": 63,
   "SAINT-VINCENT": 64,
   "SARRE": 65,
   "TORGNON": 66,
   "VALGRISENCHE": 67,
   "VALPELLINE": 68,
   "VALSAVARENCHE": 69,
   "VALTOURNENCHE": 70,
   "VERRAYES": 71,
   "VERRES": 72,
   "VILLENEUVE": 73
}