{
   "AILANO": 0,
   "ALIFE": 1,
   "ALVIGNANO": 2,
   "ARIENZO": 3,
   "AVERSA": 4,
   "BAIA E LATINA": 5,
   "BELLONA": 6,
   "CAIANELLO": 7,
   "CAIAZZO": 8,
   "CALVI RISORTA": 9,
   "CAMIGLIANO": 10,
   "CANCELLO ED ARNONE": 11,
   "CAPODRISE": 12,
   "CAPRIATI A VOLTURNO": 13,
   "CAPUA": 14,
   "CARINARO": 15,
   "CARINOLA": 16,
   "CASAGIOVE": 17,
   "CASAL DI PRINCIPE": 18,
   "CASALUCE": 19,
   "CASAPULLA": 20,
   "CASERTA": 21,
   "CASTEL CAMPAGNANO": 22,
   "CASTEL DI SASSO": 23,
   "CASTELLO DEL MATESE": 24,
   "CASTEL MORRONE": 25,
   "CASTEL VOLTURNO": 26,
   "CERVINO": 27,
   "CESA": 28,
   "CIORLANO": 29,
   "CONCA DELLA CAMPANIA": 30,
   "CURTI": 31,
   "DRAGONI": 32,
   "FONTEGRECA": 33,
   "FORMICOLA": 34,
   "FRANCOLISE": 35,
   "FRIGNANO": 36,
   "GALLO MATESE": 37,
   "GALLUCCIO": 38,
   "GIANO VETUSTO": 39,
   "GIOIA SANNITICA": 40,
   "GRAZZANISE": 41,
   "GRICIGNANO DI AVERSA": 42,
   "LETINO": 43,
   "LIBERI": 44,
   "LUSCIANO": 45,
   "MACERATA CAMPANIA": 46,
   "MADDALONI": 47,
   "MARCIANISE": 48,
   "MARZANO APPIO": 49,
   "MIGNANO MONTE LUNGO": 50,
   "MONDRAGONE": 51,
   "ORTA DI ATELLA": 52,
   "PARETE": 53,
   "PASTORANO": 54,
   "PIANA DI MONTE VERNA": 55,
   "PIEDIMONTE MATESE": 56,
   "PIETRAMELARA": 57,
   "PIETRAVAIRANO": 58,
   "PIGNATARO MAGGIORE": 59,
   "PONTELATONE": 60,
   "PORTICO DI CASERTA": 61,
   "PRATA SANNITA": 62,
   "PRATELLA": 63,
   "PRESENZANO": 64,
   "RAVISCANINA": 65,
   "RECALE": 66,
   "RIARDO": 67,
   "ROCCA D'EVANDRO": 68,
   "ROCCAMONFINA": 69,
   "ROCCAROMANA": 70,
   "ROCCHETTA E CROCE": 71,
   "RUVIANO": 72,
   "SAN CIPRIANO D'AVERSA": 73,
   "SAN FELICE A CANCELLO": 74,
   "SAN GREGORIO MATESE": 75,
   "SAN MARCELLINO": 76,
   "SAN NICOLA LA STRADA": 77,
   "SAN PIETRO INFINE": 78,
   "SAN POTITO SANNITICO": 79,
   "SAN PRISCO": 80,
   "SANTA MARIA A VICO": 81,
   "SANTA MARIA CAPUA VETERE": 82,
   "SANTA MARIA LA FOSSA": 83,
   "SAN TAMMARO": 84,
   "SANT'ANGELO D'ALIFE": 85,
   "SANT'ARPINO": 86,
   "SESSA AURUNCA": 87,
   "SPARANISE": 88,
   "SUCCIVO": 89,
   "TEANO": 90,
   "TEVEROLA": 91,
   "TORA E PICCILLI": 92,
   "TRENTOLA-DUCENTA": 93,
   "VAIRANO PATENORA": 94,
   "VALLE AGRICOLA": 95,
   "VALLE DI MADDALONI": 96,
   "VILLA DI BRIANO": 97,
   "VILLA LITERNO": 98,
   "VITULAZIO": 99,
   "FALCIANO DEL MASSICO": 100,
   "CELLOLE": 101,
   "CASAPESENNA": 102,
   "SAN MARCO EVANGELISTA": 103,
   "AIROLA": 104,
   "AMOROSI": 105,
   "APICE": 106,
   "APOLLOSA": 107,
   "ARPAIA": 108,
   "ARPAISE": 109,
   "BASELICE": 110,
   "BENEVENTO": 111,
   "BONEA": 112,
   "BUCCIANO": 113,
   "BUONALBERGO": 114,
   "CALVI": 115,
   "CAMPOLATTARO": 116,
   "CAMPOLI DEL MONTE TABURNO": 117,
   "CASALDUNI": 118,
   "CASTELFRANCO IN MISCANO": 119,
   "CASTELPAGANO": 120,
   "CASTELPOTO": 121,
   "CASTELVENERE": 122,
   "CASTELVETERE IN VAL FORTORE": 123,
   "CAUTANO": 124,
   "CEPPALONI": 125,
   "CERRETO SANNITA": 126,
   "CIRCELLO": 127,
   "COLLE SANNITA": 128,
   "CUSANO MUTRI": 129,
   "DUGENTA": 130,
   "DURAZZANO": 131,
   "FAICCHIO": 132,
   "FOGLIANISE": 133,
   "FOIANO DI VAL FORTORE": 134,
   "FORCHIA": 135,
   "FRAGNETO L'ABATE": 136,
   "FRAGNETO MONFORTE": 137,
   "FRASSO TELESINO": 138,
   "GINESTRA DEGLI SCHIAVONI": 139,
   "GUARDIA SANFRAMONDI": 140,
   "LIMATOLA": 141,
   "MELIZZANO": 142,
   "MOIANO": 143,
   "MOLINARA": 144,
   "MONTEFALCONE DI VAL FORTORE": 145,
   "MONTESARCHIO": 146,
   "MORCONE": 147,
   "PADULI": 148,
   "PAGO VEIANO": 149,
   "PANNARANO": 150,
   "PAOLISI": 151,
   "PAUPISI": 152,
   "PESCO SANNITA": 153,
   "PIETRAROJA": 154,
   "PIETRELCINA": 155,
   "PONTE": 156,
   "PONTELANDOLFO": 157,
   "PUGLIANELLO": 158,
   "REINO": 159,
   "SAN BARTOLOMEO IN GALDO": 160,
   "SAN GIORGIO DEL SANNIO": 161,
   "SAN GIORGIO LA MOLARA": 162,
   "SAN LEUCIO DEL SANNIO": 163,
   "SAN LORENZELLO": 164,
   "SAN LORENZO MAGGIORE": 165,
   "SAN LUPO": 166,
   "SAN MARCO DEI CAVOTI": 167,
   "SAN MARTINO SANNITA": 168,
   "SAN NAZZARO": 169,
   "SAN NICOLA MANFREDI": 170,
   "SAN SALVATORE TELESINO": 171,
   "SANTA CROCE DEL SANNIO": 172,
   "SANT'AGATA DE' GOTI": 173,
   "SANT'ANGELO A CUPOLO": 174,
   "SASSINORO": 175,
   "SOLOPACA": 176,
   "TELESE": 177,
   "TOCCO CAUDIO": 178,
   "TORRECUSO": 179,
   "VITULANO": 180,
   "SANT'ARCANGELO TRIMONTE": 181,
   "ACERRA": 182,
   "AFRAGOLA": 183,
   "AGEROLA": 184,
   "ANACAPRI": 185,
   "ARZANO": 186,
   "BACOLI": 187,
   "BARANO D'ISCHIA": 188,
   "BOSCOREALE": 189,
   "BOSCOTRECASE": 190,
   "BRUSCIANO": 191,
   "CAIVANO": 192,
   "CALVIZZANO": 193,
   "CAMPOSANO": 194,
   "CAPRI": 195,
   "CARBONARA DI NOLA": 196,
   "CARDITO": 197,
   "CASALNUOVO DI NAPOLI": 198,
   "CASAMARCIANO": 199,
   "CASAMICCIOLA TERME": 200,
   "CASANDRINO": 201,
   "CASAVATORE": 202,
   "CASOLA DI NAPOLI": 203,
   "CASORIA": 204,
   "CASTELLAMMARE DI STABIA": 205,
   "CASTELLO DI CISTERNA": 206,
   "CERCOLA": 207,
   "CICCIANO": 208,
   "CIMITILE": 209,
   "COMIZIANO": 210,
   "CRISPANO": 211,
   "FORIO": 212,
   "FRATTAMAGGIORE": 213,
   "FRATTAMINORE": 214,
   "GIUGLIANO IN CAMPANIA": 215,
   "GRAGNANO": 216,
   "GRUMO NEVANO": 217,
   "ISCHIA": 218,
   "LACCO AMENO": 219,
   "LETTERE": 220,
   "LIVERI": 221,
   "MARANO DI NAPOLI": 222,
   "MARIGLIANELLA": 223,
   "MARIGLIANO": 224,
   "MASSA LUBRENSE": 225,
   "MELITO DI NAPOLI": 226,
   "META": 227,
   "MONTE DI PROCIDA": 228,
   "MUGNANO DI NAPOLI": 229,
   "NAPOLI": 230,
   "NOLA": 231,
   "OTTAVIANO": 232,
   "PALMA CAMPANIA": 233,
   "PIANO DI SORRENTO": 234,
   "PIMONTE": 235,
   "POGGIOMARINO": 236,
   "POLLENA TROCCHIA": 237,
   "POMIGLIANO D'ARCO": 238,
   "POMPEI": 239,
   "PORTICI": 240,
   "POZZUOLI": 241,
   "PROCIDA": 242,
   "QUALIANO": 243,
   "QUARTO": 244,
   "ERCOLANO": 245,
   "ROCCARAINOLA": 246,
   "SAN GENNARO VESUVIANO": 247,
   "SAN GIORGIO A CREMANO": 248,
   "SAN GIUSEPPE VESUVIANO": 249,
   "SAN PAOLO BEL SITO": 250,
   "SAN SEBASTIANO AL VESUVIO": 251,
   "SANT'AGNELLO": 252,
   "SANT'ANASTASIA": 253,
   "SANT'ANTIMO": 254,
   "SANT'ANTONIO ABATE": 255,
   "SAN VITALIANO": 256,
   "SAVIANO": 257,
   "SCISCIANO": 258,
   "SERRARA FONTANA": 259,
   "SOMMA VESUVIANA": 260,
   "SORRENTO": 261,
   "STRIANO": 262,
   "TERZIGNO": 263,
   "TORRE ANNUNZIATA": 264,
   "TORRE DEL GRECO": 265,
   "TUFINO": 266,
   "VICO EQUENSE": 267,
   "VILLARICCA": 268,
   "VISCIANO": 269,
   "VOLLA": 270,
   "SANTA MARIA LA CARITA'": 271,
   "TRECASE": 272,
   "MASSA DI SOMMA": 273,
   "AIELLO DEL SABATO": 274,
   "ALTAVILLA IRPINA": 275,
   "ANDRETTA": 276,
   "AQUILONIA": 277,
   "ARIANO IRPINO": 278,
   "ATRIPALDA": 279,
   "AVELLA": 280,
   "AVELLINO": 281,
   "BAGNOLI IRPINO": 282,
   "BAIANO": 283,
   "BISACCIA": 284,
   "BONITO": 285,
   "CAIRANO": 286,
   "CALABRITTO": 287,
   "CALITRI": 288,
   "CANDIDA": 289,
   "CAPOSELE": 290,
   "CAPRIGLIA IRPINA": 291,
   "CARIFE": 292,
   "CASALBORE": 293,
   "CASSANO IRPINO": 294,
   "CASTEL BARONIA": 295,
   "CASTELFRANCI": 296,
   "CASTELVETERE SUL CALORE": 297,
   "CERVINARA": 298,
   "CESINALI": 299,
   "CHIANCHE": 300,
   "CHIUSANO DI SAN DOMENICO": 301,
   "CONTRADA": 302,
   "CONZA DELLA CAMPANIA": 303,
   "DOMICELLA": 304,
   "FLUMERI": 305,
   "FONTANAROSA": 306,
   "FORINO": 307,
   "FRIGENTO": 308,
   "GESUALDO": 309,
   "GRECI": 310,
   "GROTTAMINARDA": 311,
   "GROTTOLELLA": 312,
   "GUARDIA LOMBARDI": 313,
   "LACEDONIA": 314,
   "LAPIO": 315,
   "LAURO": 316,
   "LIONI": 317,
   "LUOGOSANO": 318,
   "MANOCALZATI": 319,
   "MARZANO DI NOLA": 320,
   "MELITO IRPINO": 321,
   "MERCOGLIANO": 322,
   "MIRABELLA ECLANO": 323,
   "MONTAGUTO": 324,
   "MONTECALVO IRPINO": 325,
   "MONTEFALCIONE": 326,
   "MONTEFORTE IRPINO": 327,
   "MONTEFREDANE": 328,
   "MONTEFUSCO": 329,
   "MONTELLA": 330,
   "MONTEMARANO": 331,
   "MONTEMILETTO": 332,
   "MONTEVERDE": 333,
   "MONTORO INFERIORE": 334,
   "MONTORO SUPERIORE": 335,
   "MORRA DE SANCTIS": 336,
   "MOSCHIANO": 337,
   "MUGNANO DEL CARDINALE": 338,
   "NUSCO": 339,
   "OSPEDALETTO D'ALPINOLO": 340,
   "PAGO DEL VALLO DI LAURO": 341,
   "PAROLISE": 342,
   "PATERNOPOLI": 343,
   "PETRURO IRPINO": 344,
   "PIETRADEFUSI": 345,
   "PIETRASTORNINA": 346,
   "PRATA DI PRINCIPATO ULTRA": 347,
   "PRATOLA SERRA": 348,
   "QUADRELLE": 349,
   "QUINDICI": 350,
   "ROCCABASCERANA": 351,
   "ROCCA SAN FELICE": 352,
   "ROTONDI": 353,
   "SALZA IRPINA": 354,
   "SAN MANGO SUL CALORE": 355,
   "SAN MARTINO VALLE CAUDINA": 356,
   "SAN MICHELE DI SERINO": 357,
   "SAN NICOLA BARONIA": 358,
   "SAN POTITO ULTRA": 359,
   "SAN SOSSIO BARONIA": 360,
   "SANTA LUCIA DI SERINO": 361,
   "SANT'ANDREA DI CONZA": 362,
   "SANT'ANGELO ALL'ESCA": 363,
   "SANT'ANGELO A SCALA": 364,
   "SANT'ANGELO DEI LOMBARDI": 365,
   "SANTA PAOLINA": 366,
   "SANTO STEFANO DEL SOLE": 367,
   "SAVIGNANO IRPINO": 368,
   "SCAMPITELLA": 369,
   "SENERCHIA": 370,
   "SERINO": 371,
   "SIRIGNANO": 372,
   "SOLOFRA": 373,
   "SORBO SERPICO": 374,
   "SPERONE": 375,
   "STURNO": 376,
   "SUMMONTE": 377,
   "TAURANO": 378,
   "TAURASI": 379,
   "TEORA": 380,
   "TORELLA DEI LOMBARDI": 381,
   "TORRE LE NOCELLE": 382,
   "TORRIONI": 383,
   "TREVICO": 384,
   "TUFO": 385,
   "VALLATA": 386,
   "VALLESACCARDA": 387,
   "VENTICANO": 388,
   "VILLAMAINA": 389,
   "VILLANOVA DEL BATTISTA": 390,
   "VOLTURARA IRPINA": 391,
   "ZUNGOLI": 392,
   "ACERNO": 393,
   "AGROPOLI": 394,
   "ALBANELLA": 395,
   "ALFANO": 396,
   "ALTAVILLA SILENTINA": 397,
   "AMALFI": 398,
   "ANGRI": 399,
   "AQUARA": 400,
   "ASCEA": 401,
   "ATENA LUCANA": 402,
   "ATRANI": 403,
   "AULETTA": 404,
   "BARONISSI": 405,
   "BATTIPAGLIA": 406,
   "BELLOSGUARDO": 407,
   "BRACIGLIANO": 408,
   "BUCCINO": 409,
   "BUONABITACOLO": 410,
   "CAGGIANO": 411,
   "CALVANICO": 412,
   "CAMEROTA": 413,
   "CAMPAGNA": 414,
   "CAMPORA": 415,
   "CANNALONGA": 416,
   "CAPACCIO": 417,
   "CASALBUONO": 418,
   "CASALETTO SPARTANO": 419,
   "CASAL VELINO": 420,
   "CASELLE IN PITTARI": 421,
   "CASTELCIVITA": 422,
   "CASTELLABATE": 423,
   "CASTELNUOVO CILENTO": 424,
   "CASTELNUOVO DI CONZA": 425,
   "CASTEL SAN GIORGIO": 426,
   "CASTEL SAN LORENZO": 427,
   "CASTIGLIONE DEL GENOVESI": 428,
   "CAVA DE' TIRRENI": 429,
   "CELLE DI BULGHERIA": 430,
   "CENTOLA": 431,
   "CERASO": 432,
   "CETARA": 433,
   "CICERALE": 434,
   "COLLIANO": 435,
   "CONCA DEI MARINI": 436,
   "CONTRONE": 437,
   "CONTURSI TERME": 438,
   "CORBARA": 439,
   "CORLETO MONFORTE": 440,
   "CUCCARO VETERE": 441,
   "EBOLI": 442,
   "FELITTO": 443,
   "FISCIANO": 444,
   "FURORE": 445,
   "FUTANI": 446,
   "GIFFONI SEI CASALI": 447,
   "GIFFONI VALLE PIANA": 448,
   "GIOI": 449,
   "GIUNGANO": 450,
   "ISPANI": 451,
   "LAUREANA CILENTO": 452,
   "LAURINO": 453,
   "LAURITO": 454,
   "LAVIANO": 455,
   "LUSTRA": 456,
   "MAGLIANO VETERE": 457,
   "MAIORI": 458,
   "MERCATO SAN SEVERINO": 459,
   "MINORI": 460,
   "MOIO DELLA CIVITELLA": 461,
   "MONTANO ANTILIA": 462,
   "MONTECORICE": 463,
   "MONTECORVINO PUGLIANO": 464,
   "MONTECORVINO ROVELLA": 465,
   "MONTEFORTE CILENTO": 466,
   "MONTE SAN GIACOMO": 467,
   "MONTESANO SULLA MARCELLANA": 468,
   "MORIGERATI": 469,
   "NOCERA INFERIORE": 470,
   "NOCERA SUPERIORE": 471,
   "NOVI VELIA": 472,
   "OGLIASTRO CILENTO": 473,
   "OLEVANO SUL TUSCIANO": 474,
   "OLIVETO CITRA": 475,
   "OMIGNANO": 476,
   "ORRIA": 477,
   "OTTATI": 478,
   "PADULA": 479,
   "PAGANI": 480,
   "PALOMONTE": 481,
   "PELLEZZANO": 482,
   "PERDIFUMO": 483,
   "PERITO": 484,
   "PERTOSA": 485,
   "PETINA": 486,
   "PIAGGINE": 487,
   "PISCIOTTA": 488,
   "POLLA": 489,
   "POLLICA": 490,
   "PONTECAGNANO FAIANO": 491,
   "POSITANO": 492,
   "POSTIGLIONE": 493,
   "PRAIANO": 494,
   "PRIGNANO CILENTO": 495,
   "RAVELLO": 496,
   "RICIGLIANO": 497,
   "ROCCADASPIDE": 498,
   "ROCCAGLORIOSA": 499,
   "ROCCAPIEMONTE": 500,
   "ROFRANO": 501,
   "ROMAGNANO AL MONTE": 502,
   "ROSCIGNO": 503,
   "RUTINO": 504,
   "SACCO": 505,
   "SALA CONSILINA": 506,
   "SALENTO": 507,
   "SALERNO": 508,
   "SALVITELLE": 509,
   "SAN CIPRIANO PICENTINO": 510,
   "SAN GIOVANNI A PIRO": 511,
   "SAN GREGORIO MAGNO": 512,
   "SAN MANGO PIEMONTE": 513,
   "SAN MARZANO SUL SARNO": 514,
   "SAN MAURO CILENTO": 515,
   "SAN MAURO LA BRUCA": 516,
   "SAN PIETRO AL TANAGRO": 517,
   "SAN RUFO": 518,
   "SANTA MARINA": 519,
   "SANT'ANGELO A FASANELLA": 520,
   "SANT'ARSENIO": 521,
   "SANT'EGIDIO DEL MONTE ALBINO": 522,
   "SANTOMENNA": 523,
   "SAN VALENTINO TORIO": 524,
   "SANZA": 525,
   "SAPRI": 526,
   "SARNO": 527,
   "SASSANO": 528,
   "SCAFATI": 529,
   "SCALA": 530,
   "SERRAMEZZANA": 531,
   "SERRE": 532,
   "SESSA CILENTO": 533,
   "SIANO": 534,
   "SICIGNANO DEGLI ALBURNI": 535,
   "STELLA CILENTO": 536,
   "STIO": 537,
   "TEGGIANO": 538,
   "TORCHIARA": 539,
   "TORRACA": 540,
   "TORRE ORSAIA": 541,
   "TORTORELLA": 542,
   "TRAMONTI": 543,
   "TRENTINARA": 544,
   "VALLE DELL'ANGELO": 545,
   "VALLO DELLA LUCANIA": 546,
   "VALVA": 547,
   "VIBONATI": 548,
   "VIETRI SUL MARE": 549,
   "BELLIZZI": 550
}