{
   "0": "ASSISI",
   "1": "BASTIA",
   "2": "BETTONA",
   "3": "BEVAGNA",
   "4": "CAMPELLO SUL CLITUNNO",
   "5": "CANNARA",
   "6": "CASCIA",
   "7": "CASTEL RITALDI",
   "8": "CASTIGLIONE DEL LAGO",
   "9": "CERRETO DI SPOLETO",
   "10": "CITERNA",
   "11": "CITTA' DELLA PIEVE",
   "12": "CITTA' DI CASTELLO",
   "13": "COLLAZZONE",
   "14": "CORCIANO",
   "15": "COSTACCIARO",
   "16": "DERUTA",
   "17": "FOLIGNO",
   "18": "FOSSATO DI VICO",
   "19": "FRATTA TODINA",
   "20": "GIANO DELL'UMBRIA",
   "21": "GUALDO CATTANEO",
   "22": "GUALDO TADINO",
   "23": "GUBBIO",
   "24": "LISCIANO NICCONE",
   "25": "MAGIONE",
   "26": "MARSCIANO",
   "27": "MASSA MARTANA",
   "28": "MONTE CASTELLO DI VIBIO",
   "29": "MONTEFALCO",
   "30": "MONTELEONE DI SPOLETO",
   "31": "MONTE SANTA MARIA TIBERINA",
   "32": "MONTONE",
   "33": "NOCERA UMBRA",
   "34": "NORCIA",
   "35": "PACIANO",
   "36": "PANICALE",
   "37": "PASSIGNANO SUL TRASIMENO",
   "38": "PERUGIA",
   "39": "PIEGARO",
   "40": "PIETRALUNGA",
   "41": "POGGIODOMO",
   "42": "PRECI",
   "43": "SAN GIUSTINO",
   "44": "SANT'ANATOLIA DI NARCO",
   "45": "SCHEGGIA E PASCELUPO",
   "46": "SCHEGGINO",
   "47": "SELLANO",
   "48": "SIGILLO",
   "49": "SPELLO",
   "50": "SPOLETO",
   "51": "TODI",
   "52": "TORGIANO",
   "53": "TREVI",
   "54": "TUORO SUL TRASIMENO",
   "55": "UMBERTIDE",
   "56": "VALFABBRICA",
   "57": "VALLO DI NERA",
   "58": "VALTOPINA",
   "59": "ACQUASPARTA",
   "60": "ALLERONA",
   "61": "ALVIANO",
   "62": "AMELIA",
   "63": "ARRONE",
   "64": "ATTIGLIANO",
   "65": "BASCHI",
   "66": "CALVI DELL'UMBRIA",
   "67": "CASTEL GIORGIO",
   "68": "CASTEL VISCARDO",
   "69": "FABRO",
   "70": "FERENTILLO",
   "71": "FICULLE",
   "72": "GIOVE",
   "73": "GUARDEA",
   "74": "LUGNANO IN TEVERINA",
   "75": "MONTECASTRILLI",
   "76": "MONTECCHIO",
   "77": "MONTEFRANCO",
   "78": "MONTEGABBIONE",
   "79": "MONTELEONE D'ORVIETO",
   "80": "NARNI",
   "81": "ORVIETO",
   "82": "OTRICOLI",
   "83": "PARRANO",
   "84": "PENNA IN TEVERINA",
   "85": "POLINO",
   "86": "PORANO",
   "87": "SAN GEMINI",
   "88": "SAN VENANZO",
   "89": "STRONCONE",
   "90": "TERNI",
   "91": "AVIGLIANO UMBRO"
}