{
   "ASSISI": 0,
   "BASTIA": 1,
   "BETTONA": 2,
   "BEVAGNA": 3,
   "CAMPELLO SUL CLITUNNO": 4,
   "CANNARA": 5,
   "CASCIA": 6,
   "CASTEL RITALDI": 7,
   "CASTIGLIONE DEL LAGO": 8,
   "CERRETO DI SPOLETO": 9,
   "CITERNA": 10,
   "CITTA' DELLA PIEVE": 11,
   "CITTA' DI CASTELLO": 12,
   "COLLAZZONE": 13,
   "CORCIANO": 14,
   "COSTACCIARO": 15,
   "DERUTA": 16,
   "FOLIGNO": 17,
   "FOSSATO DI VICO": 18,
   "FRATTA TODINA": 19,
   "GIANO DELL'UMBRIA": 20,
   "GUALDO CATTANEO": 21,
   "GUALDO TADINO": 22,
   "GUBBIO": 23,
   "LISCIANO NICCONE": 24,
   "MAGIONE": 25,
   "MARSCIANO": 26,
   "MASSA MARTANA": 27,
   "MONTE CASTELLO DI VIBIO": 28,
   "MONTEFALCO": 29,
   "MONTELEONE DI SPOLETO": 30,
   "MONTE SANTA MARIA TIBERINA": 31,
   "MONTONE": 32,
   "NOCERA UMBRA": 33,
   "NORCIA": 34,
   "PACIANO": 35,
   "PANICALE": 36,
   "PASSIGNANO SUL TRASIMENO": 37,
   "PERUGIA": 38,
   "PIEGARO": 39,
   "PIETRALUNGA": 40,
   "POGGIODOMO": 41,
   "PRECI": 42,
   "SAN GIUSTINO": 43,
   "SANT'ANATOLIA DI NARCO": 44,
   "SCHEGGIA E PASCELUPO": 45,
   "SCHEGGINO": 46,
   "SELLANO": 47,
   "SIGILLO": 48,
   "SPELLO": 49,
   "SPOLETO": 50,
   "TODI": 51,
   "TORGIANO": 52,
   "TREVI": 53,
   "TUORO SUL TRASIMENO": 54,
   "UMBERTIDE": 55,
   "VALFABBRICA": 56,
   "VALLO DI NERA": 57,
   "VALTOPINA": 58,
   "ACQUASPARTA": 59,
   "ALLERONA": 60,
   "ALVIANO": 61,
   "AMELIA": 62,
   "ARRONE": 63,
   "ATTIGLIANO": 64,
   "BASCHI": 65,
   "CALVI DELL'UMBRIA": 66,
   "CASTEL GIORGIO": 67,
   "CASTEL VISCARDO": 68,
   "FABRO": 69,
   "FERENTILLO": 70,
   "FICULLE": 71,
   "GIOVE": 72,
   "GUARDEA": 73,
   "LUGNANO IN TEVERINA": 74,
   "MONTECASTRILLI": 75,
   "MONTECCHIO": 76,
   "MONTEFRANCO": 77,
   "MONTEGABBIONE": 78,
   "MONTELEONE D'ORVIETO": 79,
   "NARNI": 80,
   "ORVIETO": 81,
   "OTRICOLI": 82,
   "PARRANO": 83,
   "PENNA IN TEVERINA": 84,
   "POLINO": 85,
   "PORANO": 86,
   "SAN GEMINI": 87,
   "SAN VENANZO": 88,
   "STRONCONE": 89,
   "TERNI": 90,
   "AVIGLIANO UMBRO": 91
}